Time;air_temperature;dewpoint;wind_direction_corr;wind_speed;relative_pressure;PM10;PM2.5
02/20/2017 16:00;-3.09;-11.38;159.43;0.63;865.16;117.46;70.98
02/20/2017 16:30;-3.55;-11.83;153.12;0.66;865.37;103.74;62.23
02/20/2017 17:00;-3.91;-11.82;146.41;0.76;865.58;98.36;61.13
02/20/2017 17:30;-4.29;-11.83;146.6;0.57;865.61;110.39;68.6
02/20/2017 18:00;-4.68;-11.79;155.82;0.52;865.53;116.16;73.85
02/20/2017 18:30;-5.06;-12.3;159.55;0.32;865.39;96.9;62.03
02/20/2017 19:00;-5.37;-12.69;141.46;0.32;865.13;83.26;50.51
02/20/2017 19:30;-5.74;-13.07;149.29;0.35;865.08;76.58;47.75
02/20/2017 20:00;-6.2;-13.21;127.12;0.37;864.99;68.72;43.37
02/20/2017 20:30;-6.58;-13.49;121.11;0.47;864.87;65.53;44.16
02/20/2017 21:00;-6.66;-13.21;154.71;0.25;864.61;76.41;48.38
02/20/2017 21:30;-6.71;-13.27;147.78;0.22;864.27;73.98;48.77
02/20/2017 22:00;-6.81;-13.51;134.82;0.28;864.09;72.06;46.97
02/20/2017 22:30;-7.06;-13.88;138.83;0.27;863.94;61.44;43.75
02/20/2017 23:00;-7.34;-14.2;147.55;0.44;863.77;52.51;41.77
02/20/2017 23:30;-7.59;-14.33;145.31;0.3;863.65;48.63;38.45
02/21/2017 00:00;-7.61;-14.21;142.26;0.38;863.47;44.33;36.14
02/21/2017 00:30;-7.69;-14.32;134.79;0.11;863.26;48.23;36.41
02/21/2017 01:00;-7.69;-14.26;136.51;0.28;863.05;48.44;39.89
02/21/2017 01:30;-7.66;-14.15;146.05;0.28;862.81;52.67;43.56
02/21/2017 02:00;-7.66;-14.29;141.41;0.29;862.73;49.87;41.47
02/21/2017 02:30;-7.89;-14.58;133.14;0.22;862.6;49.16;39.45
02/21/2017 03:00;-7.88;-14.69;144.03;0.39;862.55;49.32;40.14
02/21/2017 03:30;-7.95;-14.78;148.3;0.23;862.41;60.9;40.23
02/21/2017 04:00;-8.19;-15.25;145.97;0.21;862.38;69.87;38.92
02/21/2017 04:30;-8.35;-15.03;142.01;0.28;862.55;63.42;41.84
02/21/2017 05:00;-8.34;-15.05;146.54;0.38;862.6;74.38;44.25
02/21/2017 05:30;-7.59;-14.71;140.71;0.33;862.84;79.82;47.11
02/21/2017 06:00;-7.22;-14.96;143.45;0.56;862.9;83.53;50.56
02/21/2017 06:30;-6.54;-14.47;148.51;0.33;862.83;102.53;60.19
02/21/2017 07:00;-5.78;-13.84;143.39;0.45;862.66;94.28;60.74
02/21/2017 07:30;-4.74;-12.49;115.36;0.21;862.65;114.31;68.91
02/21/2017 08:00;-4.43;-11.86;108.01;0.36;862.69;121.78;72.84
02/21/2017 08:30;-3.28;-10.69;108.35;0.53;862.56;125.24;79.05
02/21/2017 09:00;-2.29;-10.2;84.28;0.14;862.39;146.86;80.38
02/21/2017 09:30;-2.04;-9.95;311.01;0.37;862.14;193.31;88.73
02/21/2017 10:00;-2.22;-9.84;300.19;0.54;861.76;172.43;87.94
02/21/2017 10:30;-1.39;-9.38;305.45;0.5;861.33;199.59;93.44
02/21/2017 11:00;-1.34;-9.04;291.73;0.58;860.84;179.9;93.43
02/21/2017 11:30;-0.39;-8.6;322.74;0.32;860.4;183.45;96.68
02/21/2017 12:00;-0.14;-8.65;303.67;0.35;860.15;192.91;98.69
02/21/2017 12:30;0.11;-8.51;315.94;0.2;859.9;188.86;98.36
02/21/2017 13:00;-0.13;-8.1;294.22;0.34;859.72;166.17;91.8
02/21/2017 13:30;-0.65;-7.88;301.34;0.65;859.53;175.39;94.01
02/21/2017 14:00;-0.96;-7.73;311.17;0.56;859.43;158.65;92.01
02/21/2017 14:30;-1.29;-7.58;311.14;0.48;859.39;154.39;91.9
02/21/2017 15:00;-1.42;-7.45;305.25;0.43;859.4;149.47;90.85
02/21/2017 15:30;-1.65;-7.33;300.2;0.42;859.49;137.32;92.24
02/21/2017 16:00;-1.92;-7.32;315.19;0.33;859.69;126.95;92.18
02/21/2017 16:30;-2.16;-7.32;320.05;0.22;859.81;124.16;93.09
02/21/2017 17:00;-2.35;-7.41;301.3;0.2;859.97;119.02;91.42
02/21/2017 17:30;-3.37;-8.25;108.41;0.84;860.02;111.08;89.87
02/21/2017 18:00;-4.14;-8.98;109.41;0.92;859.86;106.73;85.25
02/21/2017 18:30;-4.09;-8.97;111.11;0.57;859.87;115.35;85.87
02/21/2017 19:00;-3.89;-9.39;125.7;0.31;859.9;134.78;96.66
02/21/2017 20:00;-4.87;-10.62;147.32;0.31;860;144.39;99.53
02/21/2017 20:30;-5.47;-11.36;146;0.56;859.91;116.39;89.12
02/21/2017 21:00;-5.87;-11.73;144.37;0.53;859.87;101.13;76.93
02/21/2017 21:30;-5.86;-11.64;153.44;0.41;859.78;105.15;81.15
02/21/2017 22:00;-6.12;-11.97;135.26;0.21;859.82;99.27;74.36
02/21/2017 22:30;-6.45;-12.43;150.55;0.39;859.87;100.72;75.4
02/21/2017 23:00;-6.54;-12.6;153.04;0.41;859.76;91.8;72.5
02/21/2017 23:30;-6.58;-12.73;152.46;0.42;859.63;89.44;71.86
02/22/2017 00:00;-6.76;-12.84;143.37;0.46;859.67;83.5;67.28
02/22/2017 00:30;-7.12;-13.16;156.8;0.51;859.44;82.61;67.34
02/22/2017 01:00;-6.98;-13.1;150.43;0.26;859.25;84.63;68.12
02/22/2017 01:30;-6.88;-13.25;144.87;0.35;859.26;77.57;65.03
02/22/2017 02:00;-6.8;-13.58;148.6;0.17;859.44;70.78;58.2
02/22/2017 02:30;-6.71;-13.67;142.2;0.12;859.66;65.82;52.57
02/22/2017 03:00;-6.47;-13.26;144.73;0.24;859.63;74.26;59.27
02/22/2017 03:30;-6.21;-12.49;149.11;0.15;859.61;95.95;66.81
02/22/2017 04:00;-5.91;-11.78;145.46;0.18;859.63;100.12;68.65
02/22/2017 04:30;-5.66;-11.57;132.49;0.15;859.85;126.28;73.39
02/22/2017 05:00;-6.12;-11.51;143.48;0.47;860.13;98.9;72.69
02/22/2017 05:30;-6.76;-11.91;144.39;0.67;860.46;99.05;75.16
02/22/2017 06:00;-7.13;-12.55;155.55;0.38;860.94;121.5;80.57
02/22/2017 06:30;-6.53;-12.29;145.16;0.57;861.29;108.52;81.31
02/22/2017 07:00;-5.23;-11.61;147.6;0.58;861.31;113;83.18
02/22/2017 07:30;-4.13;-10.88;168.81;0.12;861.14;145.03;87.96
02/22/2017 08:00;-3.32;-10.1;321.46;0.18;861.2;175.12;96.23
02/22/2017 08:30;-2.07;-9.55;308.21;0.47;861.03;208.98;103.5
02/22/2017 09:00;-2.02;-9.37;306.7;0.58;861.09;201.37;101.72
02/22/2017 09:30;-1.44;-8.67;311.32;0.62;860.93;208.67;102.15
02/22/2017 10:00;-1.15;-8.15;312.37;0.65;860.8;181.06;97.67
02/22/2017 10:30;-1.08;-7.9;307.21;0.63;860.58;166.58;94.63
02/22/2017 11:00;-0.66;-7.89;293.94;0.65;860.39;171.76;95.79
02/22/2017 11:30;-0.24;-7.68;294.8;0.62;860.09;170.27;95.6
02/22/2017 12:00;0.03;-7.44;312.71;0.49;859.86;178.64;97.55
02/22/2017 12:30;0.89;-7.01;318.91;0.33;859.71;211.76;100.8
02/22/2017 13:00;0.54;-7.13;301.51;0.35;859.67;166.69;95.73
02/22/2017 13:30;0.03;-7.09;300.33;0.54;859.6;181.84;97.57
02/22/2017 14:00;0.31;-6.95;298.11;0.38;859.6;170.03;95.74
02/22/2017 14:30;0.26;-6.99;341.95;0.44;859.69;172.85;93.01
02/22/2017 15:00;0.02;-6.93;306.65;0.52;859.76;173.94;93.98
02/22/2017 15:30;-0.31;-6.88;300.88;0.39;859.88;172.07;93.2
02/22/2017 16:00;-0.67;-6.97;338.8;0.52;859.98;174.3;94.22
02/22/2017 16:30;-0.88;-7.39;342.84;0.36;860.29;133.58;84.08
02/22/2017 17:00;-1.11;-7.21;115.49;0.15;860.34;125.6;86.07
02/22/2017 17:30;-1.86;-6.99;115.34;0.51;860.26;146.22;105.57
02/22/2017 18:00;-2.06;-7.92;147.08;0.39;860.19;166.02;108.05
02/22/2017 18:30;-2.21;-7.76;128.72;0.46;860.35;154.58;105.51
02/22/2017 19:00;-2.43;-8.14;129.92;0.38;860.54;155.18;104.06
02/22/2017 19:30;-2.8;-8.6;136.72;0.31;860.51;157.41;103.58
02/22/2017 20:00;-3.09;-8.8;140.61;0.51;860.48;148.04;106.82
02/22/2017 20:30;-3.18;-8.93;147.86;0.4;860.39;134.55;96.77
02/22/2017 21:00;-3.3;-9;144.57;0.31;860.37;129.54;94.69
02/22/2017 21:30;-3.44;-8.4;143.11;0.32;860.46;119.29;94.04
02/22/2017 22:00;-3.84;-8.19;143.94;0.49;860.46;99.31;85.19
02/22/2017 22:30;-4.13;-8.73;144.53;0.63;860.32;98.24;84.21
02/22/2017 23:00;-4.24;-9.08;144.12;0.53;860.09;97.27;83.23
02/22/2017 23:30;-4.51;-9.7;156.66;0.36;859.94;97.66;81.33
02/23/2017 00:00;-4.69;-9.97;152.23;0.37;859.57;95.48;80.45
02/23/2017 00:30;-4.82;-10.25;154.57;0.31;859.41;86.51;72.68
02/23/2017 01:00;-5.28;-10.55;132.14;0.3;859.41;84.75;71.5
02/23/2017 01:30;-5.58;-10.83;127.74;0.29;859.37;84.4;71.69
02/23/2017 02:00;-5.62;-10.89;148.27;0.57;859.24;78.57;68.41
02/23/2017 02:30;-5.63;-10.91;151.45;0.55;859.12;78.11;67.4
02/23/2017 03:00;-5.44;-10.7;155;0.41;859.03;85.12;69.01
02/23/2017 03:30;-5.47;-10.72;149.9;0.46;858.89;81.5;67.23
02/23/2017 04:00;-4.96;-10.12;141.3;0.33;858.97;88.47;66.36
02/23/2017 04:30;-4.5;-9.64;142.36;0.27;859.21;96.55;66.47
02/23/2017 05:00;-4.15;-9.5;141.6;0.39;859.18;93.72;65.68
02/23/2017 05:30;-3.44;-9.13;141.02;0.59;859.41;97.02;70.26
02/23/2017 06:00;-3.11;-9.18;148.05;0.55;859.44;116.83;74.87
02/23/2017 06:30;-3.02;-9.29;152.38;0.37;859.65;138.56;78.84
02/23/2017 07:00;-2.88;-9.28;143.43;0.53;860.03;127.38;73.94
02/23/2017 07:30;-2.92;-9.77;140.62;0.42;860.27;128.21;71.37
02/23/2017 08:00;-2;-9.12;151.95;0.36;860.44;178.39;80.74
02/23/2017 08:30;-0.15;-7.88;209.79;0.05;860.5;188.01;83.54
02/23/2017 09:30;1.13;-6.35;263.07;0.46;860.69;110.2;76.4
02/23/2017 11:30;0.63;-6.89;298.58;0.48;860.58;166.58;79.43
02/23/2017 12:00;1.3;-6.27;324.65;0.59;860.6;165.03;81.18
02/23/2017 13:00;2.03;-6.15;301.64;0.56;860.44;166.7;77.03
02/23/2017 14:00;3.14;-6.14;305.81;0.66;860.08;156.81;65.13
02/23/2017 15:00;4.03;-5.49;305.52;0.61;859.9;180.48;75.02
02/23/2017 16:00;3.69;-4.92;299.85;0.56;859.92;157.67;79.44
02/23/2017 17:00;3.87;-4.39;315.45;0.45;860.11;190.58;86.54
02/23/2017 18:00;3.34;-4.79;305.34;0.53;860.38;163.94;76.92
02/23/2017 19:00;2.42;-4.4;11.44;0.03;860.81;161.19;87.35
02/23/2017 20:00;1.53;-4.15;112.08;0.42;861.1;164.03;97.95
02/23/2017 21:00;0.48;-5.06;108.37;0.71;861.29;135.4;82.76
02/23/2017 22:00;0.41;-5.04;105.38;0.25;861.42;168.9;82.87
02/23/2017 23:00;0.65;-4.47;286.1;0.25;861.47;177.99;97.2
02/24/2017 00:00;0.19;-4.78;306.25;0.12;861.87;137.49;89.08
02/24/2017 01:00;-0.3;-5.34;118.84;0.24;861.83;104.29;69
02/24/2017 02:00;-0.83;-5.89;115.73;0.1;861.64;107.81;65.81
02/24/2017 03:00;-0.67;-5.08;308.78;0.14;861.7;113.27;86.11
02/24/2017 04:00;-1.61;-6.16;107.57;0.28;861.67;68.79;59.07
02/24/2017 05:00;-2.38;-6.92;108.87;0.16;861.83;60.99;53.6
02/24/2017 06:00;-2.64;-6.42;119.03;0.13;862.3;74.31;65.49
02/24/2017 07:00;-2.5;-6.35;110.43;0.62;862.85;71.11;65.09
02/24/2017 08:00;-2.48;-6.31;117.91;0.18;863.28;78.3;70.09
02/24/2017 09:00;-0.13;-5.13;117.96;0.14;863.97;88.73;77.13
02/24/2017 10:00;1.73;-4.5;100.91;0.13;864.26;87.25;74.25
02/24/2017 11:00;2.74;-4.22;289.68;0.47;864.72;144.63;82.67
02/24/2017 12:00;4.17;-3.77;299.05;0.53;864.93;149.74;85.15
02/24/2017 13:00;5.27;-3.16;312.61;0.54;864.94;158.07;88.28
02/24/2017 14:00;6.01;-3.65;306.88;0.6;864.9;141.39;80.3
02/24/2017 15:00;6.39;-3.45;311.59;0.56;864.92;140.43;79.84
02/24/2017 16:00;5.94;-3.4;292.51;0.71;865.02;117.24;72.72
02/24/2017 17:00;5.61;-2.86;296.13;0.51;865.15;119.69;71.54
02/24/2017 18:00;5.18;-2.67;296.14;0.71;865.28;124.47;71.4
02/24/2017 19:00;4.57;-3.12;308.77;0.28;865.55;140.27;68.83
02/24/2017 20:00;3.68;-3.28;113.94;0.21;865.96;131.86;75.78
02/24/2017 21:00;2.96;-2.89;110.81;0.35;866.15;146.58;85.24
02/24/2017 22:00;2.17;-3.65;111.5;0.54;866.37;116.74;77.44
02/24/2017 23:00;1.59;-3.97;113.5;0.2;866.49;139.16;79.71
02/25/2017 00:00;1.34;-4.72;143.3;0.15;866.72;126.55;70.67
02/25/2017 01:00;1.16;-5.73;148.82;0.19;866.79;101.5;60.31
02/25/2017 02:00;0.82;-5.97;162.58;0.28;866.95;75.85;55.55
02/25/2017 03:00;0.34;-6.35;155.19;0.25;866.93;67.09;53.34
02/25/2017 04:00;0.01;-6.61;169.16;0.3;866.58;61.65;51.6
02/25/2017 05:00;-0.42;-6.31;158.77;0.21;866.44;63.87;55.12
02/25/2017 06:00;-1.06;-6.33;162.67;0.26;866.67;68.81;57.33
02/25/2017 07:00;-1.17;-6.57;153.47;0.22;867;74.31;58.04
02/25/2017 08:00;-0.92;-6.61;145.67;0.36;867.37;90.68;62.93
02/25/2017 09:00;0.82;-6.27;146.31;0.38;867.71;103.58;63.76
02/25/2017 10:00;3.69;-5.51;146.29;0.41;867.96;128.47;66.05
02/25/2017 11:00;4.99;-4.7;134.13;0.38;867.82;121.37;66.53
02/25/2017 12:00;6.33;-4.22;313.6;0.11;867.35;174.89;81.44
02/25/2017 13:00;7.16;-3.14;301.51;0.38;866.68;200.01;91.44
02/25/2017 14:00;7.83;-2.43;312.14;0.45;866.02;190.54;89.81
02/25/2017 15:00;7.34;-1.93;303.37;0.63;865.56;171.89;86.27
02/25/2017 16:00;7.04;-1.75;310.19;0.67;865.23;151.87;81.12
02/25/2017 17:00;6.59;-1.49;303.3;0.61;865;154.46;82.87
02/25/2017 18:00;6.18;-1.3;305.55;0.47;864.71;158.68;79.16
02/25/2017 19:00;5.53;-1.15;302.57;0.47;864.76;154.28;78.08
02/25/2017 20:00;4.95;-1.81;73.86;0.1;864.93;151.1;79.27
02/25/2017 21:00;3.5;-2.44;119.32;0.21;864.99;159.93;83.49
02/25/2017 22:00;3.72;-2.75;61.98;0.06;864.98;226.22;89.58
02/25/2017 23:00;2.67;-2.7;109.93;0.74;864.89;104.74;79.58
02/26/2017 00:00;2.19;-2.83;106.2;0.41;864.69;96.12;74.86
02/26/2017 01:00;1.77;-2.92;112.78;0.25;864.49;100.31;76.65
02/26/2017 02:00;1.06;-3.28;162.64;0.06;864.23;105.14;80.21
02/26/2017 03:00;0.42;-3.5;133.83;0.07;863.81;105.9;80.6
02/26/2017 04:00;0.16;-3.57;108.28;0.11;863.34;93.09;76.8
02/26/2017 05:00;-0.22;-3.8;115.98;0.07;862.94;86.52;73.12
02/26/2017 06:00;-0.77;-4.02;93.3;0;863;83.1;70.42
02/26/2017 07:00;-0.74;-4.08;123.05;0.03;863.33;86.27;71.72
02/26/2017 08:00;0.2;-3.85;111.35;0.32;863.73;85.57;72.39
02/26/2017 09:00;2;-3.24;304.52;0.21;864.07;101.1;80.62
02/26/2017 10:00;3.35;-3.22;297.93;0.32;864.13;185.85;91.44
02/26/2017 11:00;4.14;-2.94;302.88;0.48;863.91;183.35;92.83
02/26/2017 12:00;5.36;-2.54;312.92;0.51;863.62;179.9;95.82
02/26/2017 13:00;6.42;-2.01;300.81;0.77;863.47;158.87;86.01
02/26/2017 14:00;7.61;-2.34;321.51;0.36;862.87;156.32;71.87
02/26/2017 15:00;8.37;-2.98;348.83;0.2;862.38;133.63;60.16
02/26/2017 16:00;7.66;-2.28;304.38;0.62;862.07;119.12;60.49
02/26/2017 17:00;7.28;-2.19;302.91;0.79;861.81;108.44;52.96
02/26/2017 18:00;6.76;-1.08;295.6;0.57;862.01;115.96;54.26
02/26/2017 19:00;6.17;-1.74;296.46;0.46;862.39;109.22;50.09
02/26/2017 20:00;5.69;-3.41;299.8;0.39;862.8;115.67;45.2
02/26/2017 21:00;5.13;-4.63;304.31;0.23;863.02;126.98;44.34
02/26/2017 22:00;4.42;-4.18;100.11;0.26;863.32;127.74;50.12
02/26/2017 23:00;3.09;-3.33;115.84;0.43;863.32;94.38;51.78
02/27/2017 00:00;3.1;-3.27;155.56;0.24;863.37;118.65;65.55
02/27/2017 01:00;2.32;-3.62;144.7;0.26;863.15;95.16;67.22
02/27/2017 02:00;1.77;-3.87;140.1;0.33;862.98;79.56;64.41
02/27/2017 03:00;1.12;-4.23;139.05;0.39;863;73.4;62.58
02/27/2017 04:00;0.67;-4.45;147.12;0.36;862.64;72.03;61.51
02/27/2017 05:00;0.53;-4.47;140.87;0.57;862.64;70.82;61.82
02/27/2017 06:00;0.34;-4.59;133.6;0.64;862.99;67.97;60.16
02/27/2017 07:00;0.52;-4.86;128.1;0.69;863.49;67.62;58.04
02/27/2017 08:00;0.89;-5.12;131.64;0.51;864.04;78.43;52.93
02/27/2017 09:00;2.14;-4.81;136.98;0.56;864.44;118.65;55.11
02/27/2017 10:00;3.87;-4.08;149.57;0.52;864.55;100.06;52.72
02/27/2017 11:00;5.35;-3.74;151.53;0.79;864.55;83.21;42.53
02/27/2017 12:00;6.68;-3.77;144.04;0.73;864.3;85.67;45.46
02/27/2017 13:00;6.7;-3.91;149.14;1;863.77;82.43;51.6
02/27/2017 14:00;7.41;-3.67;145.08;0.82;863.09;97.11;56.89
02/27/2017 15:00;7.99;-3.59;145.27;0.77;862.43;108.27;57.19
02/27/2017 16:00;7.82;-3.64;147.72;0.65;862.14;93.35;52.33
02/27/2017 17:00;7.53;-3.5;146.48;0.57;861.98;100.54;51.96
02/27/2017 18:00;7.26;-3.11;147.73;0.47;861.97;115.5;58.41
02/27/2017 19:00;6.2;-3.15;144.69;0.47;862.17;118;63.48
02/27/2017 20:00;5.43;-2.95;144.39;0.46;862.45;130.73;69.36
02/27/2017 21:00;4.72;-2.93;136.17;0.33;862.67;125.58;69.45
02/27/2017 22:00;4.09;-2.97;143.07;0.27;862.91;137.88;73.84
02/27/2017 23:00;3.68;-2.9;146.79;0.33;862.89;126.75;75.05
02/28/2017 00:00;3.22;-3.1;151.15;0.19;862.85;115.4;69.66
02/28/2017 01:00;2.76;-3.3;158.41;0.34;862.82;90.48;67.17
02/28/2017 02:00;2.73;-2.99;154.91;0.28;862.76;85.45;65.5
02/28/2017 03:00;2.49;-3.15;145.92;0.28;862.72;76.01;63.42
02/28/2017 04:00;2.41;-3.24;148.78;0.33;862.72;76.27;64.2
02/28/2017 05:00;2.55;-3.14;145.68;0.39;862.79;76.42;65.53
02/28/2017 06:00;1.77;-3.63;147.13;0.33;862.9;75.34;63.95
02/28/2017 07:00;1.31;-3.85;158.66;0.22;863.14;89.87;65.73
02/28/2017 08:00;1.22;-4.11;149.88;0.42;863.74;94.02;66.83
02/28/2017 09:00;2.75;-3.74;148.31;0.48;864.48;104.5;69.39
02/28/2017 10:00;4.55;-3.36;142.6;0.48;865.04;110.34;68.81
02/28/2017 11:00;6.57;-2.76;268.91;0.06;865.07;156.25;75.37
02/28/2017 12:00;8.23;-2.38;311.64;0.42;864.93;168.59;80.6
02/28/2017 13:00;9.46;-1.67;310.93;0.37;864.56;168.31;79.61
02/28/2017 14:00;10.23;-1.7;304.53;0.56;863.98;136.52;65.55
02/28/2017 15:00;10.52;-1.82;299.62;0.58;863.85;122.09;55.98
02/28/2017 16:00;10.36;-1.2;306.12;0.56;863.97;120.9;56.69
02/28/2017 17:00;9.84;-1.19;302.08;0.54;863.96;100.63;49.73
02/28/2017 18:00;9.46;-1.61;300.48;0.48;864.09;104.9;44.13
02/28/2017 19:00;8.8;-2.28;296.09;0.47;864.42;107.54;35.9
02/28/2017 20:00;7.85;-2.84;320.76;0.18;865.01;121.03;36.12
02/28/2017 21:00;6.38;-1.86;134.74;0.38;865.42;143.3;64.83
02/28/2017 22:00;5.35;-2.17;142.51;0.34;865.91;126.61;67.72
02/28/2017 23:00;4.19;-2.51;148.37;0.31;866.12;115.5;68.62
03/01/2017 00:00;3.74;-2.63;147.12;0.32;866.23;108.46;70.83
03/01/2017 01:00;3.3;-2.78;144.99;0.29;866.11;92.58;68.81
03/01/2017 02:00;2.97;-2.85;152.69;0.38;866.04;85.57;65.51
03/01/2017 03:00;2.61;-2.93;144.78;0.37;865.98;76.36;63.61
03/01/2017 04:00;1.97;-3.15;139.12;0.4;865.66;76.69;63.49
03/01/2017 05:00;1.6;-3.31;137.55;0.48;865.62;73.1;63.36
03/01/2017 06:00;1.42;-3.42;130.63;0.46;865.73;75.86;62.79
03/01/2017 07:00;0.92;-3.79;133.26;0.55;865.89;74.33;61.27
03/01/2017 08:00;0.99;-3.66;130.84;0.56;866;88.02;64.95
03/01/2017 09:00;2.32;-3.55;133.46;0.68;866.41;93.98;64.06
03/01/2017 10:00;4.38;-3.21;125.04;0.72;866.96;97.46;61.77
03/01/2017 11:00;6.7;-2.94;137.64;0.52;866.83;109.73;60.09
03/01/2017 12:00;7.93;-2.94;150.16;0.69;866.23;108.56;54.79
03/01/2017 13:00;8.54;-3.22;149.35;0.76;865.55;99.57;50.31
03/01/2017 14:00;9.66;-3.37;145.2;0.66;864.7;97.15;44.55
03/01/2017 15:00;9.73;-3.47;148.26;1.01;864.17;91.8;43.84
03/01/2017 16:00;9.25;-3.83;145.51;0.85;863.74;83.52;37.97
03/01/2017 17:00;8.35;-3.21;147.96;0.52;863.41;101.38;44.02
03/01/2017 18:00;7.38;-2.9;148.72;0.44;863.12;101.78;50.32
03/01/2017 19:00;6.4;-2.92;132.91;0.51;863;94.88;50.76
03/01/2017 20:00;5.77;-3.11;121.35;0.69;863.22;81.84;44.81
03/01/2017 21:00;5.58;-2.69;131.66;0.53;863.07;95.78;50.89
03/01/2017 22:00;5.3;-2.69;129.49;0.63;863.03;88.66;48.42
03/01/2017 23:00;4.69;-2.73;126.42;0.8;862.88;82.85;48.06
03/02/2017 00:00;4;-3.13;133.7;0.58;862.95;72.27;45.78
03/02/2017 01:00;3.48;-3.65;133.07;0.62;862.54;65.76;43.23
03/02/2017 02:00;3.14;-3.75;126.95;0.59;862.1;59.83;42.42
03/02/2017 03:00;2.77;-3.88;125.54;0.98;861.63;61.5;43.78
03/02/2017 04:00;2.24;-3.99;125.55;0.91;861.4;59.46;45.58
03/02/2017 05:00;2.08;-3.94;124.57;0.98;861.33;59.12;47.81
03/02/2017 06:00;2.32;-4.34;123.88;1.13;861.31;51.26;39.26
03/02/2017 07:00;2.35;-4.67;124.4;1.1;861.13;49.69;36.26
03/02/2017 08:00;2.7;-4.43;128.11;0.86;860.91;59.44;36.81
03/02/2017 09:00;3.26;-4.28;122.35;0.89;860.96;74.98;39.96
03/02/2017 10:00;4.04;-4.26;123.67;0.91;860.93;85.03;41.44
03/02/2017 11:00;4.87;-4.57;122.61;1.14;860.49;72.38;35.73
03/02/2017 12:00;6.82;-4.22;134.52;0.44;860.4;81.24;36
03/02/2017 13:00;9.46;-2.55;134.43;0.44;859.58;99.85;49.1
03/02/2017 14:00;10.24;-3.05;131.51;0.55;859.17;87.22;43.41
03/02/2017 15:00;10.34;-2.6;129.18;0.3;858.75;100.32;48.9
03/02/2017 16:00;10.33;-2.64;138.16;0.58;858.6;93.81;44.61
03/02/2017 17:00;9.46;-3.1;136.28;0.54;859.2;81.67;38.51
03/02/2017 18:00;8.88;-0.03;119.93;0.42;859.58;77.12;42.37
03/02/2017 19:00;7.76;2.08;97.82;0.3;859.79;54.96;42.3
03/02/2017 20:00;6.98;2.77;294.22;0.5;860.04;57.2;46.97
03/02/2017 21:00;5.96;3.45;303.14;0.56;859.89;59.09;51.27
03/02/2017 22:00;5.51;3.43;291.07;0.42;859.74;60.09;52.57
03/02/2017 23:00;5.37;3.66;308.65;0.37;859.46;59.2;51.53
03/03/2017 00:00;5.35;3.76;316.82;0.08;859.2;59.57;51.84
03/03/2017 01:00;5.33;3.41;107.91;0.49;859.09;58.2;51.78
03/03/2017 02:00;5.38;2.84;115.27;0.18;858.89;46.51;40.59
03/03/2017 03:00;5.25;1.74;121.03;0.34;858.85;29.1;24.38
03/03/2017 04:00;5.25;1.7;139.35;0.16;858.75;29.02;24.2
03/03/2017 05:00;5.28;1.7;146.36;0.22;858.49;32.1;27.31
03/03/2017 06:00;5.36;1.5;143.35;0.26;858.46;39.96;34.7
03/03/2017 07:00;5.57;1.65;151.9;0.04;858.5;35.61;30.77
03/03/2017 08:00;5.75;1.59;119.88;0.38;858.89;38.24;33.31
03/03/2017 09:00;5.94;1.76;116.85;0.24;859.51;46.67;39.66
03/03/2017 10:00;6.91;2.08;140.05;0.17;859.69;55.89;40.74
03/03/2017 11:00;7.65;1.99;126.37;0.22;859.51;82.49;44.32
03/03/2017 12:00;8.25;2.29;304.72;0.18;859.21;124.66;55.95
03/03/2017 13:00;8.85;2.42;300.86;0.25;858.88;142.34;59.7
03/03/2017 14:00;8.33;2.87;319.08;0.51;858.53;124.02;57.98
03/03/2017 15:00;7.92;3.54;297.38;0.45;858.44;89.21;54.65
03/03/2017 16:00;7.79;3.91;299.98;0.35;858.51;63.57;47.72
03/03/2017 17:00;7.76;3.86;308.52;0.35;858.48;62.97;46.04
03/03/2017 18:00;7.59;3.72;342;0.3;858.23;66.56;45.61
03/03/2017 19:00;7.51;3.63;316.26;0.31;858.2;71.82;48.71
03/03/2017 20:00;7.68;2.78;132.67;0.27;858.4;64.61;43.57
03/03/2017 21:00;7.15;2.54;125.77;0.35;858.4;59.75;44.53
03/03/2017 22:00;6.86;2.75;141.89;0.17;858.37;51.67;40.69
03/03/2017 23:00;6.87;2.4;134.27;0.26;858.21;46.65;38.53
03/04/2017 00:00;6.54;2.13;128.69;0.47;858.1;48.23;39.55
03/04/2017 01:00;6.41;2.29;129.92;0.28;857.74;46.68;37.97
03/04/2017 02:00;5.94;2.31;130.7;0.44;857.46;45.64;37.83
03/04/2017 03:00;5.38;2.36;134.92;0.32;857.05;42.93;36.22
03/04/2017 04:00;5.26;1.92;142.14;0.23;856.84;41.88;34.66
03/04/2017 05:00;5.01;1.46;130.2;0.25;856.74;45.1;36.49
03/04/2017 06:00;4.78;1.23;129.15;0.37;856.77;43.47;36.11
03/04/2017 07:00;4.51;0.96;131.87;0.46;856.92;45.12;37.24
03/04/2017 08:00;4.68;1.05;136.87;0.42;856.97;47.27;38.72
03/04/2017 09:00;5.98;1.37;127.67;0.57;857.2;49.7;39.18
03/04/2017 10:00;7.61;1.77;145.27;0.55;857.1;69.48;39.37
03/04/2017 11:00;9.39;1.85;143.14;0.55;856.96;78.66;38.95
03/04/2017 12:00;10.89;1.5;141.71;0.68;856.79;73.16;36.97
03/04/2017 13:00;11.66;0.39;145.51;0.71;856.32;64.55;33.51
03/04/2017 14:00;12.37;-0.35;142.67;0.36;855.63;73.93;33.3
03/04/2017 15:00;11.84;-0.41;152.4;0.51;855.29;70.1;33.43
03/04/2017 16:00;11.56;-0.75;150.04;0.48;855.21;68.62;32.38
03/04/2017 17:00;10.8;-0.97;145.69;0.52;855.32;70.34;31.73
03/04/2017 18:00;8.81;1.27;317.38;0.69;856.04;85.02;34.11
03/04/2017 19:00;7.06;1.52;307.17;0.53;856.28;62.37;29.11
03/04/2017 20:00;7.2;1.37;107.93;0.32;856.66;50.45;25.08
03/04/2017 21:00;6.76;1.48;115.54;0.58;857.05;61.1;31.36
03/04/2017 22:00;6.36;1.36;116.43;0.62;857.47;61.88;34.16
03/04/2017 23:00;6.55;1.15;115.94;0.17;857.57;87.31;38.53
03/05/2017 00:00;6.73;0.92;118.22;0.35;857.77;82.23;43.44
03/05/2017 01:00;6.8;0.57;127.32;0.17;857.92;64.99;39.27
03/05/2017 02:00;6.39;0.66;140.97;0.15;858.14;50.17;33.79
03/05/2017 03:00;6.49;0.99;205.61;0.04;858.4;47.07;31.69
03/05/2017 04:00;6.44;0.84;147.39;0.46;858.51;28.14;22.95
03/05/2017 05:00;6.09;0.79;149.74;0.48;858.86;22.73;18.61
03/05/2017 06:00;5.84;0.43;152.87;0.48;859.33;13.8;10.1
03/05/2017 07:00;5.38;0.35;151.69;0.34;859.95;21.48;12.83
03/05/2017 08:00;5.23;-0.02;157.75;0.69;860.7;50.16;18.82
03/05/2017 09:00;5.11;-0.85;151.53;0.89;861.73;31.12;13.57
03/05/2017 10:00;5.32;-1.83;154.37;0.74;862.29;26.06;9.75
03/05/2017 11:00;5.93;-2.16;153.43;0.94;862.66;33;9.82
03/05/2017 12:00;6.75;-2.11;154.81;0.98;863.05;36.76;11.34
03/05/2017 13:00;7.29;-2.08;151.1;0.96;863.13;37.39;12.18
03/05/2017 14:00;7.22;-2.77;183.99;0.47;863.17;51.6;11.75
03/05/2017 15:00;7.13;-2.51;147.31;0.88;863.1;46.6;13.35
03/05/2017 16:00;6.77;-2.33;148.21;0.59;863.42;37.87;10.99
03/05/2017 17:00;6.19;-2.54;162.85;0.61;863.57;32.96;8.32
03/05/2017 18:00;5.43;-2.09;149.6;0.91;863.99;20.3;7.82
03/05/2017 19:00;4.7;-1.65;155.94;0.53;864.53;21.87;8.39
03/05/2017 20:00;4.46;-1.37;152.04;0.63;864.93;18.44;7.7
03/05/2017 21:00;4.22;-1.65;154.62;0.72;865.08;20.57;8.3
03/05/2017 22:00;4.36;-1.87;152.62;0.74;865.36;25.54;10.77
03/05/2017 23:00;3.89;-1.67;150.64;0.99;865.32;20.97;10.83
03/06/2017 00:00;3.89;-2.01;155.71;0.66;865.51;20.18;10.31
03/06/2017 01:00;3.73;-2.6;159.08;0.45;865.6;12.67;7.78
03/06/2017 02:00;3.22;-2.76;150.58;0.58;865.42;9.35;6.44
03/06/2017 03:00;2.84;-3.11;148.45;0.8;865.08;6.94;5.51
03/06/2017 04:00;2.35;-3.16;151.09;0.53;864.79;6.27;5.1
03/06/2017 05:00;1.91;-3.23;148.74;0.61;864.62;6.07;4.97
03/06/2017 06:00;1.68;-3.24;149.22;0.67;864.78;7.1;5.58
03/06/2017 07:00;1.5;-3.25;150.47;0.51;864.95;16.29;7.35
03/06/2017 08:00;1.55;-3.3;152.95;0.55;865.16;26.93;11.11
03/06/2017 09:00;3.65;-3.18;162.07;0.28;865.32;38.36;13.81
03/06/2017 10:00;5.18;-3.02;152.79;0.36;865.2;36.59;12.58
03/06/2017 11:00;6.51;-2.96;157.27;0.66;864.96;31.06;10.82
03/06/2017 12:00;7.94;-3.36;152.71;0.79;864.67;29.35;10.84
03/06/2017 13:00;8.55;-4.06;151.57;0.9;864.19;41.02;12.19
03/06/2017 14:00;9.46;-4.33;161.46;0.54;863.51;49.35;12.17
03/06/2017 15:00;9.81;-4.78;156.22;0.66;863.06;43.67;11.87
03/06/2017 16:00;9.12;-5.21;151.7;0.61;862.79;35.97;11.18
03/06/2017 17:00;8.31;-4.08;152.16;0.67;862.55;38.12;12.12
03/06/2017 18:00;7.54;-3.66;156.25;0.61;862.5;35.35;12.45
03/06/2017 19:00;6.9;-3.97;150.69;0.56;862.42;29.74;11.93
03/06/2017 20:00;6.45;-4.46;156.56;0.37;862.47;33.26;12.71
03/06/2017 21:00;5.75;-4.16;148.59;0.33;862.53;55.27;19.68
03/06/2017 22:00;5.08;-3.66;151.6;0.35;862.62;40.49;15.35
03/06/2017 23:00;4.27;-3.03;144.82;0.42;862.55;26.02;12.81
03/07/2017 00:00;3.74;-3.04;150.4;0.54;862.32;24.66;14.16
03/07/2017 01:00;3.37;-3.1;149.68;0.31;862.02;30.51;16.22
03/07/2017 02:00;2.95;-3.28;146.72;0.23;861.88;23.17;15.44
03/07/2017 03:00;2.62;-3.41;147.57;0.39;861.45;18.28;14.1
03/07/2017 04:00;2.21;-3.48;132.82;0.41;861.21;19.44;15.84
03/07/2017 05:00;1.68;-3.61;128.71;0.65;860.94;24.93;19.58
03/07/2017 06:00;1.51;-3.62;152.4;0.26;860.76;27.79;20
03/07/2017 07:00;1.24;-3.66;139.83;0.39;860.91;53.19;24.71
03/07/2017 08:00;1.55;-3.45;134.94;0.55;861.02;45.72;26.61
03/07/2017 09:00;3.4;-3.31;154.22;0.43;861.07;51.81;27.06
03/07/2017 10:00;5.18;-3.28;149.25;0.56;860.96;54.25;24.93
03/07/2017 11:00;6.69;-3.57;149.45;0.86;860.54;43.33;19.49
03/07/2017 12:00;8.28;-3.8;148.38;0.7;860.31;47.12;19.51
03/07/2017 13:00;9.15;-4.83;195.72;0.11;859.79;49.86;19.44
03/07/2017 14:00;9.92;-4.44;162.47;0.21;859.27;52.77;22.29
03/07/2017 15:00;10.32;-3.3;192.6;0.16;858.83;65.73;24.83
03/07/2017 16:00;10.17;-3.32;154.8;0.36;858.65;56.13;22.62
03/07/2017 17:00;9.22;-3.51;158.42;0.67;858.74;52.39;18.36
03/07/2017 18:00;8.47;-3.48;154.28;0.61;858.98;46.08;17.84
03/07/2017 19:00;7.55;-3.75;154.48;0.52;859.38;41.98;19.06
03/07/2017 20:00;6.8;-3.21;146.83;0.7;859.67;40.69;20.59
03/07/2017 21:00;6.45;-3.42;144.85;0.41;859.69;55.31;21.58
03/07/2017 22:00;5.55;-3.98;124.67;0.59;859.87;59.07;24.43
03/07/2017 23:00;5.16;-4.27;146.66;0.32;859.91;62.63;25.18
03/08/2017 00:00;4.77;-4.66;147.58;0.25;859.85;51.66;23.42
03/08/2017 01:00;4.35;-4.72;138.53;0.27;859.67;42.28;22.92
03/08/2017 02:00;3.78;-4.92;143.97;0.28;859.78;39.99;23.45
03/08/2017 03:00;3.31;-5.26;131.52;0.35;859.83;32.05;21.86
03/08/2017 04:00;3.09;-4.63;138.07;0.37;859.61;27.34;20.01
03/08/2017 05:00;2.69;-4.05;126.34;0.54;859.65;26.46;19.64
03/08/2017 06:00;2.32;-3.52;122.31;0.87;859.93;27.46;21.69
03/08/2017 07:00;2.26;-3.45;124.71;0.67;860.12;39.32;25.83
03/08/2017 08:00;2.89;-3.09;140.68;0.49;860.46;77.2;31.18
03/08/2017 09:00;4.65;-2.85;133.57;0.66;860.9;62.69;29.05
03/08/2017 10:00;6.2;-2.89;147.81;0.69;861.18;55.74;25.1
03/08/2017 11:00;8.03;-2.97;149.43;0.75;861.16;53.27;22.08
03/08/2017 12:00;9.77;-3.53;151.59;0.57;860.99;45.28;21.39
03/08/2017 13:00;10.44;-4.74;137.57;0.5;860.72;60.85;21.69
03/08/2017 14:00;10.1;-4.99;120.18;0.34;860.36;59.25;22.54
03/08/2017 15:00;9.92;-5.08;297.96;0.39;860.28;87.95;29.4
03/08/2017 16:00;9.87;-5.14;263.17;0.07;860.34;63.24;25.15
03/08/2017 17:00;9.69;-4.51;124.07;0.46;860.42;58.7;23.84
03/08/2017 18:00;9.26;-4.35;137.3;0.45;860.62;50.15;20.97
03/08/2017 19:00;9.02;-4.85;160.14;0.08;861.01;56.42;20.51
03/08/2017 20:00;8.78;-4.38;152.49;0.19;861.4;51.04;20.55
03/08/2017 21:00;8.43;-3.44;139.93;0.32;861.66;78.92;31.97
03/08/2017 22:00;7.56;-2.95;144.06;0.39;861.78;71.82;32.67
03/08/2017 23:00;7.03;-2.82;144.94;0.46;861.92;46.3;22.4
03/09/2017 00:00;6.05;-2.35;151.2;0.57;861.99;37.04;20.34
03/09/2017 01:00;5.41;-1.89;148.67;0.4;862.04;35.47;20.79
03/09/2017 02:00;4.77;-1.68;144.37;0.41;862.12;40.14;21.11
03/09/2017 03:00;4.18;-1.71;141.06;0.63;862.21;34.02;20.41
03/09/2017 04:00;4.05;-1.71;140.12;0.44;862.2;26.34;20.96
03/09/2017 05:00;4.11;-1.6;131.05;0.49;862.3;27.83;20.91
03/09/2017 06:00;3.61;-1.85;139.8;0.39;862.53;31.31;23.73
03/09/2017 07:00;3.54;-2.06;153.59;0.26;862.89;37.38;24.95
03/09/2017 08:00;3.79;-1.94;157.66;0.28;863.58;84.66;31.04
03/09/2017 09:00;4.58;-1.85;154.4;0.5;864.19;47.44;26.14
03/09/2017 10:00;6.72;-1.98;146.79;0.59;864.54;59.34;26.23
03/09/2017 11:00;8.53;-2.74;150.32;0.78;864.55;54.32;24.04
03/09/2017 12:00;10.28;-3.69;145.94;0.6;864.31;52.71;23.18
03/09/2017 13:00;10.37;-4.74;271.88;0.21;864.06;59.95;27.43
03/09/2017 14:00;11.42;-5.24;124.67;0.51;863.55;64.76;28.47
03/09/2017 15:00;10.44;-5.51;123.59;0.29;863.22;67.19;29.7
03/09/2017 16:00;10.95;-5.19;294.15;0.15;863.13;68.04;29.99
03/09/2017 17:00;10.55;-5.56;336.88;0.05;863.18;91;34.62
03/09/2017 18:00;10.42;-5.94;120.65;0.15;863.28;69.02;31.16
03/09/2017 19:00;9.9;-5.74;149.05;0.33;863.72;53.83;24.04
03/09/2017 20:00;9.06;-4.73;149.35;0.71;864.08;41.12;22.1
03/09/2017 21:00;8.23;-4.13;146.74;0.44;864.29;54.31;26.48
03/09/2017 22:00;7.12;-3.69;140.79;0.25;864.4;87.41;38.16
03/09/2017 23:00;6.12;-3.94;163.95;0.29;864.42;77.57;38.73
03/10/2017 00:00;5.75;-3.92;150.58;0.3;864.29;57.19;30.77
03/10/2017 01:00;5.14;-3.73;135.73;0.44;864.2;44.9;26.66
03/10/2017 02:00;4.63;-3.67;135.67;0.46;864.33;40.84;25.77
03/10/2017 03:00;4.22;-3.57;131.41;0.48;864.27;32.08;23.34
03/10/2017 04:00;3.61;-3.41;132.52;0.59;863.99;32.29;25.04
03/10/2017 05:00;3.26;-3.77;128.36;0.59;863.81;33.85;26.68
03/10/2017 06:00;2.96;-3.7;130.56;0.58;863.85;30.82;23.91
03/10/2017 07:00;2.32;-3.67;122.05;0.74;863.99;38.28;28.7
03/10/2017 08:00;2.42;-3.71;127.97;0.6;864.02;48.43;30.66
03/10/2017 09:00;4.68;-3.65;135.46;0.65;864.13;69.17;33.22
03/10/2017 10:00;6.18;-4.15;159.92;0.73;864.12;60.43;29.92
03/10/2017 11:00;8.2;-4.92;149.31;0.73;863.92;59.63;33.9
03/10/2017 12:00;10.54;-4.97;145.43;0.43;863.61;66.72;35.89
03/10/2017 13:00;11.41;-4.91;349.04;0.04;863.22;83.3;42.46
03/10/2017 14:00;12.21;-4.59;336.65;0.21;862.32;114.8;51.23
03/10/2017 15:00;12.98;-4.03;309.1;0.38;861.45;171.18;66.1
03/10/2017 16:00;12.85;-4.01;295.79;0.21;860.69;138.76;60.66
03/10/2017 17:00;12.62;-3.93;162.91;0.11;860.26;105.66;49.55
03/10/2017 18:00;11.88;-3.53;150.01;0.69;859.97;63.2;36.53
03/10/2017 19:00;10.73;-3.2;147.77;1.03;859.68;54.58;30.12
03/10/2017 20:00;9.48;-3.17;142.32;0.49;859.87;67.3;31.86
03/10/2017 21:00;8.47;-2.97;142.37;0.48;860.15;63.8;31.28
03/10/2017 22:00;8.43;-3.16;155.43;0.48;859.67;52.31;28.22
03/10/2017 23:00;7.74;-2.54;123.62;0.59;859.76;51.19;29.3
03/11/2017 00:00;7.79;-2.47;149.43;0.52;859.47;51.99;28.35
03/11/2017 01:00;7.94;-2.71;156.97;0.65;859.29;41.72;24.68
03/11/2017 02:00;7.6;-3.02;134.2;0.65;859.04;33.96;23.33
03/11/2017 03:00;7.1;-3.28;126.89;0.83;858.65;34.92;22.91
03/11/2017 04:00;7.26;-3.48;136.29;0.73;857.75;44.05;22.87
03/11/2017 05:00;6.85;-3.21;131.7;0.64;858.12;37.36;22.35
03/11/2017 06:00;6.97;-2.87;142.28;0.55;858.2;31.59;23.56
03/11/2017 07:00;6.97;-2.53;138.02;0.51;858.35;42.46;25.87
03/11/2017 08:00;7.47;-0.84;147.41;0.46;858.62;39.14;26.65
03/11/2017 09:00;8.1;-0.9;148.87;0.98;858.21;45.25;27.69
03/11/2017 10:00;9.2;-0.67;148.19;1.44;857.93;52.98;28.73
03/11/2017 11:00;11.07;0.46;150.82;1.39;857;53.59;29.3
03/11/2017 12:00;13.22;0.51;153.29;1.02;856.34;61.4;30.6
03/11/2017 13:00;13.77;-0.64;153.36;1.12;855.53;70.9;30.96
03/11/2017 14:00;12.54;-0.56;163.24;0.48;855.22;90.16;37.43
03/11/2017 15:00;10.25;3.45;311.71;0.77;856.08;69.2;47.42
03/11/2017 16:00;7.82;4.97;296.76;0.64;856.34;54.97;45.6
03/11/2017 17:00;7.03;5.03;295.62;0.61;856.74;44.4;39.21
03/11/2017 18:00;6.92;4.73;307.44;0.26;855.75;35.19;31.85
03/11/2017 19:00;7.27;3.79;149.18;0.3;855.79;30.23;27.36
03/11/2017 20:00;7.1;3.65;119.69;0.31;856.28;38.44;36.19
03/11/2017 21:00;6.19;3.81;113.5;0.26;856.24;34.66;32.27
03/11/2017 22:00;6.16;3.27;109.29;0.14;855.5;35.3;32.09
03/11/2017 23:00;5.79;3.02;107.77;0.53;855.81;40.44;33.85
03/12/2017 00:00;5.83;2.89;132.85;0.22;855.91;36.6;33.59
03/12/2017 01:00;5.9;2.62;136.45;0.21;855.94;32.14;27.72
03/12/2017 02:00;5.65;2.33;137.45;0.2;856.01;35.82;31.48
03/12/2017 03:00;5.52;2.1;108.36;0.27;856.21;38.2;31.81
03/12/2017 04:00;4.73;1.75;107.83;0.27;856.26;46;37.05
03/12/2017 05:00;4.92;2.19;60.12;0.01;856.64;49.84;37.46
03/12/2017 06:00;5.27;2.75;314.2;0.22;857.3;51.5;39.36
03/12/2017 07:00;5.15;2.77;333.91;0.08;857.76;56.05;40.89
03/12/2017 08:00;5.61;2.88;291.64;0.52;858.35;66.55;47.46
03/12/2017 09:00;6.95;2.55;289.33;0.56;859.2;158.08;66.08
03/12/2017 10:00;8.54;2.38;304.98;0.48;859.62;224.49;78.61
03/12/2017 11:00;10.89;2.07;301.33;0.81;859.39;207.71;69.76
03/12/2017 12:00;13.07;0.54;314.08;0.59;858.92;170.86;50.8
03/12/2017 13:00;14.46;-1.38;315.85;0.78;858.69;149.55;40.45
03/12/2017 14:00;14.74;-1.83;320.63;0.68;858.5;146.55;36.49
03/12/2017 15:00;14.51;-2.31;325.19;0.66;858.52;144.64;33.63
03/12/2017 16:00;14.66;-2.95;21.3;0.28;858.52;107.87;28.65
03/12/2017 17:00;14.1;-2.85;336.35;0.54;858.43;119.26;31.41
03/12/2017 18:00;13.39;-2.29;70.09;0.4;858.49;106.52;31.24
03/12/2017 19:00;12.57;-1.43;100.84;0.46;858.77;100.91;30.57
03/12/2017 20:00;11.74;-1.03;109.66;0.47;859.12;95.91;30.51
03/12/2017 21:00;10.73;-1.58;113.13;0.71;859.31;86.96;29.85
03/12/2017 22:00;10.09;-1.97;111.53;0.59;859.33;103.57;35.26
03/12/2017 23:00;9.17;-1.69;116.15;0.6;859.21;126.84;45.96
03/13/2017 00:00;8.06;-1.56;112.44;0.31;858.87;156.99;52.35
03/13/2017 01:00;7.54;-1.4;119.83;0.06;858.78;222.22;62.41
03/13/2017 02:00;7.85;-1.61;99.81;0.02;858.91;184.55;56.28
03/13/2017 03:00;7.03;-1.68;153.5;0.06;858.8;151.87;49.66
03/13/2017 04:00;6.68;-2.28;146.88;0.31;858.52;117.98;45.35
03/13/2017 05:00;6.07;-1.94;143.9;0.23;858.36;140.66;51.99
03/13/2017 06:00;5.65;-2.09;155.91;0.42;858.16;155.1;56.32
03/13/2017 07:00;5.36;-2.64;157.89;0.36;858.18;153.2;55.07
03/13/2017 08:00;6.47;-2.22;150.4;0.46;858.2;196.33;63.05
03/13/2017 09:00;8.78;-1.64;140.33;0.6;857.98;192.42;60.8
03/13/2017 10:00;10.2;-0.98;145.51;0.62;857.61;173.63;57.1
03/13/2017 11:00;10.38;-1.05;142.49;0.7;857.07;165.9;56.48
03/13/2017 12:00;11.07;-1.05;151.12;0.49;856.92;184.68;61.22
03/13/2017 13:00;11.61;-1.15;151.16;0.45;856.94;179.9;60.51
03/13/2017 14:00;12.25;-2.34;111.76;0.25;856.21;182.89;58.82
03/13/2017 15:00;12.15;-2.18;325.7;0.44;855.43;216.52;66.69
03/13/2017 16:00;11.54;-0.95;302.49;0.56;855.28;233.08;75.06
03/13/2017 17:00;11.23;0.06;304.37;0.47;855.25;248.62;81.24
03/13/2017 18:00;10.77;1.02;303.52;0.58;855.14;246.63;91.34
03/13/2017 19:00;9.22;1.57;347.53;0.8;855.09;205.39;82.96
03/13/2017 20:00;8.27;1.83;345.34;0.74;855.59;189.19;79.78
03/13/2017 21:00;7.97;2.2;301.29;0.54;856.01;192.47;82.16
03/13/2017 22:00;7.7;2.45;317.61;0.59;856.3;138.39;62.48
03/13/2017 23:00;7.3;2.12;317.04;0.49;856.45;108.35;46.56
03/14/2017 00:00;7.24;2.25;318.4;0.43;856.41;79.58;38.93
03/14/2017 01:00;6.69;2.86;320.32;0.37;856.37;64.94;43.33
03/14/2017 02:00;6.81;2.72;295.39;0.38;856.37;67.09;44.75
03/14/2017 03:00;6.44;2.85;302.22;0.39;856.11;72.13;48.1
03/14/2017 04:00;6.08;3.09;333.31;0.26;855.83;66.73;44.56
03/14/2017 05:00;6.17;2.91;322.42;0.1;855.66;64.05;42.69
03/14/2017 06:00;6.41;2.79;320.71;0.27;855.89;69.03;46.19
03/14/2017 07:00;6.32;2.71;290.77;0.44;856.28;59.25;39.56
03/14/2017 08:00;5.77;2.77;297.03;0.63;856.83;51.33;34.49
03/14/2017 09:00;5.81;3.24;325.74;0.49;857.18;55.54;39.35
03/14/2017 10:00;6.28;3.48;311.03;0.53;857.46;57.34;39.4
03/14/2017 11:00;6.49;3.21;314.38;0.49;857.65;58.25;39.34
03/14/2017 12:00;8.2;3.22;322.45;0.45;857.64;71.63;39.62
03/14/2017 13:00;9.87;2.89;309.98;0.69;857.12;68.95;32.63
03/14/2017 14:00;10.71;2.67;315.04;0.68;856.65;59.45;28.23
03/14/2017 15:00;12.4;0.5;298.41;0.88;856.13;71.75;23.78
03/14/2017 16:00;12.93;-2.03;312.25;0.76;855.96;60.25;18.1
03/14/2017 17:00;12.88;-4.07;325.94;0.46;855.9;51.57;13.34
03/14/2017 18:00;12.11;-5.56;315.58;0.71;855.79;41.61;12.76
03/14/2017 19:00;11.23;-4.19;309.47;0.62;855.97;56.09;20.49
03/14/2017 20:00;10.56;-3.43;297.92;0.5;856.27;89.84;39.43
03/14/2017 21:00;8.72;-2.94;107.12;0.65;856.5;143.81;91.48
03/14/2017 22:00;8.26;-2.61;108.97;0.5;856.44;94.77;62.76
03/14/2017 23:00;8.28;-2;109.4;0.32;856.39;89.02;56.91
03/15/2017 00:00;8.12;-2.08;111.4;0.33;856.31;53.29;31.08
03/15/2017 01:00;8.01;-2.35;86.54;0.12;856.3;50.27;24.75
03/15/2017 02:00;7.39;-2.03;359;0.08;856.39;64.29;31.33
03/15/2017 03:00;7;-1.78;295.84;0.11;856.37;66.29;42.19
03/15/2017 04:00;6.07;-1.69;101.96;0.2;856.22;69.43;45.94
03/15/2017 05:00;5.16;-2.1;105.15;0.34;856.37;59.26;34.96
03/15/2017 06:00;5.22;-2.64;124.97;0.13;856.33;53.19;34.72
03/15/2017 07:00;4.83;-2.42;115.65;0.22;856.25;70.04;43.34
03/15/2017 08:00;5.8;-2.39;132.73;0.2;856.47;84.67;42.75
03/15/2017 09:00;7.42;-1.96;131.59;0.33;856.51;84.23;43.38
03/15/2017 10:00;8.77;-1.94;118.66;0.09;856.62;88.8;44.42
03/15/2017 11:00;9.82;-1.78;300.36;0.76;856.41;85.47;42.86
03/15/2017 12:00;10.78;-1.87;323.54;0.52;856.3;88.64;42.18
03/15/2017 13:00;13.05;-4.21;45.06;0.27;856.01;81.3;25.85
03/15/2017 14:00;13.7;-5.02;71.15;0.43;855.25;64.62;18.09
03/15/2017 15:00;14.17;-4.67;85.55;0.54;854.67;76.75;17.23
03/15/2017 16:00;13.75;-4.38;85.48;0.47;854.4;61.99;16.03
03/15/2017 17:00;13.53;-3.44;101.59;1.01;854.25;62.63;18.14
03/15/2017 18:00;11.71;-1.71;106.13;1.55;854.37;45.39;18.71
03/15/2017 19:00;10.9;-1.73;103.32;0.98;854.66;49.22;19.01
03/15/2017 20:00;9.79;-0.54;106.57;1.26;854.91;45.99;19
03/15/2017 21:00;9.53;-0.27;84.28;0.26;854.94;52.46;22.06
03/15/2017 22:00;9.48;-0.66;100.08;0.85;854.7;36.41;14
03/15/2017 23:00;9.21;-0.65;102.41;0.56;854.62;23.34;7.91
03/16/2017 00:00;8.8;-0.13;301.62;0.48;854.4;43.09;16.47
03/16/2017 01:00;7.62;0.91;312.98;0.61;854.56;37.89;18.58
03/16/2017 02:00;7.22;2.34;327.47;0.55;854.5;29.53;22.95
03/16/2017 03:00;6.36;2.98;348.18;0.64;854.06;27.52;22.23
03/16/2017 04:00;6.13;2.56;322.47;0.23;853.58;27.74;22.63
03/16/2017 05:00;6.39;2.29;141.08;0.3;853.33;24.87;20.61
03/16/2017 06:00;6.48;1.95;122.26;0.4;852.98;23.53;19.75
03/16/2017 07:00;6.43;1.89;122.48;0.53;852.47;28.01;22.58
03/16/2017 08:00;6.9;1.57;132.06;0.46;852.36;46.22;24.56
03/16/2017 09:00;8.02;1.12;146.43;0.5;852.26;50.92;24.81
03/16/2017 10:00;8.95;0.71;143.08;0.48;851.87;63.38;27.95
03/16/2017 11:00;10.21;0.57;145.21;0.67;851.35;72.38;30.29
03/16/2017 12:00;11.15;-0.43;149.28;0.18;851.01;75.75;28.29
03/16/2017 13:00;10.81;-1.18;156.72;0.34;850.61;62.79;24.4
03/16/2017 14:00;9.59;-0.28;315.86;0.59;850.52;68.59;25.51
03/16/2017 15:00;9.07;0.56;335.38;0.19;850.46;60.48;23.52
03/16/2017 16:00;9.11;0.57;110.82;0.63;850.18;30.86;7.67
03/16/2017 17:00;9.86;-2;110.54;1.96;849.98;86.98;12.86
03/16/2017 18:00;9.39;-1.95;104.31;1.6;850.33;45.29;11.09
03/16/2017 19:00;8.34;-1.71;104.22;1.19;850.71;24.5;9.37
03/16/2017 20:00;7.67;-1.34;108.92;0.86;851.04;18.25;7.13
03/16/2017 21:00;7.46;-1.18;112.28;1.36;851.38;19.94;9.93
03/16/2017 22:00;7.53;-0.94;109.65;1.17;851.34;20.01;8.72
03/16/2017 23:00;7.61;-0.94;86.2;0.44;851.52;33.09;13.69
03/17/2017 00:00;6.78;-0.5;313.6;0.44;851.56;58.02;21.16
03/17/2017 01:00;6.51;-0.35;326.1;0.43;851.58;43.78;22.03
03/17/2017 02:00;5.96;0.02;339.63;0.56;851.89;46.64;26.26
03/17/2017 03:00;6.04;-0.72;327.13;0.25;852.08;25.49;14.03
03/17/2017 04:00;5.55;-0.72;341.29;0.49;852.44;28.65;16.9
03/17/2017 05:00;4.29;0.07;346.54;0.7;853.02;28.49;20.86
03/17/2017 06:00;4.11;-0.29;291.09;0.75;853.83;21;14.5
03/17/2017 07:00;3.7;-0.57;305.04;0.75;854.39;15.88;11.19
03/17/2017 08:00;4.03;-1.06;299.93;0.61;854.99;41.94;13.63
03/17/2017 09:00;4.33;-1.32;311.32;0.61;855.55;28.51;10.24
03/17/2017 10:00;4.8;-1.43;309.07;0.54;856.11;29.39;11.87
03/17/2017 11:00;5.61;-1.19;322.07;0.59;856.5;38.47;17.08
03/17/2017 12:00;6.47;-0.69;332.04;0.71;856.52;41.79;18.08
03/17/2017 13:00;7.63;-0.83;320.36;0.69;856.38;41.02;19.3
03/17/2017 14:00;8.59;-1.12;81.22;0.41;856.32;40.66;17.51
03/17/2017 15:00;9.35;-3.05;304.06;1.04;856.07;43.45;16.07
03/17/2017 16:00;8.81;-3.77;304.6;0.98;856.27;38.95;16
03/17/2017 17:00;8.54;-3.97;311.04;0.84;856.6;48.41;16.55
03/17/2017 18:00;8.77;-5.6;319.09;0.8;856.86;45.38;16.86
03/17/2017 19:00;8.12;-6.97;304.41;0.92;857.42;41.51;16.49
03/17/2017 20:00;7.38;-6.7;294.5;0.47;857.35;40.1;16.57
03/17/2017 21:00;6.32;-6.42;108.49;0.48;857.62;41.98;19.55
03/17/2017 22:00;5.82;-5.66;107.98;0.79;857.98;28.53;17.09
03/17/2017 23:00;5.86;-4.81;107.02;1.29;858.03;37.6;21.06
03/18/2017 00:00;5.68;-4.63;106.1;1.09;858.18;29.69;20.32
03/18/2017 01:00;5.96;-4.7;104.03;0.6;858;32.95;19.58
03/18/2017 02:00;5.9;-5.04;352.03;0.06;857.64;43.72;20.72
03/18/2017 03:00;5.8;-5.11;314.12;0.16;857.11;39.8;22.08
03/18/2017 04:00;5.53;-5.43;142.45;0.32;856.81;37.07;20.84
03/18/2017 05:00;4.67;-4.75;124.74;0.54;856.9;68.29;23.8
03/18/2017 06:00;4.15;-4.37;125.93;0.59;856.87;38.56;21.75
03/18/2017 07:00;4.23;-3.97;129.22;0.77;856.9;41.75;23.16
03/18/2017 08:00;4.95;-3.43;141.46;0.37;856.94;116.28;29.72
03/18/2017 09:00;4.78;-3.12;153.72;0.42;857.04;44.44;23.71
03/18/2017 10:00;5.54;-2.78;150.3;0.48;856.94;43.52;22.22
03/18/2017 11:00;7.02;-2.13;136.35;0.33;856.78;47.86;20.63
03/18/2017 12:00;7.51;-1.2;109.32;0.74;856.6;45.69;15.1
03/18/2017 13:00;8.32;0.09;106.43;1.31;856.27;18.64;5.66
03/18/2017 14:00;9.31;0.48;105.24;1.06;855.54;32.83;6.94
03/18/2017 15:00;10.48;-0.83;100.32;0.95;855;132.47;13.88
03/18/2017 16:00;10.66;-1.53;94.76;0.87;854.68;148.45;15.47
03/18/2017 17:00;10.42;-1.48;87.54;0.67;854.26;107.86;12.45
03/18/2017 18:00;10.31;-1.14;73.23;0.54;854.08;160.13;17.59
03/18/2017 19:00;9.67;-0.91;87.44;0.55;853.81;128.38;15.5
03/18/2017 20:00;9.34;-1.41;77.01;0.53;853.99;161.82;19.61
03/18/2017 21:00;9.54;-1.44;104.45;1.2;854.13;98.23;15.56
03/18/2017 22:00;9.27;-0.94;107.41;1.7;854.39;45.96;14.65
03/18/2017 23:00;9.19;-0.74;101.42;0.64;854.22;52.68;20.85
03/19/2017 00:00;9.35;-0.37;84.89;0.28;854.02;72.65;29.21
03/19/2017 01:00;9.39;0.73;100.59;0.37;853.71;85.76;36.24
03/19/2017 02:00;9.43;0.87;104.81;0.71;853.53;74.19;34.45
03/19/2017 03:00;9.4;0.43;104.61;1.37;853.52;54.29;25.07
03/19/2017 04:00;9.08;1.34;319.4;0.23;853.2;46.15;22.64
03/19/2017 05:00;8.1;2.35;332.46;0.89;853.18;45.6;23.3
03/19/2017 06:00;7.72;2.22;348.82;0.49;853.59;43.71;24.43
03/19/2017 07:00;8.04;1.85;306.05;0.14;853.39;42.3;21.36
03/19/2017 08:00;8.21;1.71;296.15;0.53;853.82;57.14;22.88
03/19/2017 09:00;8.65;1.77;303.92;0.45;854.28;48.69;18.82
03/19/2017 10:00;9.32;1.67;310.17;0.48;855.02;33.36;12.51
03/19/2017 11:00;9.28;1.79;340.22;0.57;855.16;33.77;12.82
03/19/2017 12:00;9.7;2.21;323.6;0.54;854.86;35.96;13.12
03/19/2017 13:00;10.87;2.49;305.05;0.68;854.23;39.73;16.21
03/19/2017 14:00;10.91;2.16;300.39;0.58;853.64;37.14;18.34
03/19/2017 15:00;11.21;2.15;324.89;0.4;853.09;45.82;20.17
03/19/2017 16:00;11.49;2.16;325.73;0.36;852.83;48.4;22.15
03/19/2017 17:00;11.68;1.95;313.47;0.31;852.8;59.43;27.49
03/19/2017 18:00;11.39;1.96;313.81;0.29;852.64;51.96;26.77
03/19/2017 19:00;10.82;1.75;296.18;0.4;852.12;58.91;28.62
03/19/2017 20:00;10.3;2.27;313.21;0.31;851.93;57.53;24.17
03/19/2017 21:00;9.86;2.16;321.12;0.29;852.22;58.59;23.75
03/19/2017 22:00;8.65;2.22;300.24;0.39;851.93;51.63;23.79
03/19/2017 23:00;7.59;1.8;298.22;0.33;851.35;69.23;25.24
03/20/2017 00:00;7.08;1.45;105;0.39;850.85;53.54;23.68
03/20/2017 01:00;7.05;1.31;311.23;0.18;850.49;70.58;27.55
03/20/2017 02:00;6.55;0.5;303.31;0.33;850.57;64.28;25.65
03/20/2017 03:00;6.62;-0.06;309.77;0.26;850.15;51.16;21.97
03/20/2017 04:00;6.31;0.09;100.96;0.18;849.62;43.01;19.15
03/20/2017 05:00;5.75;0.18;105.53;0.31;849.43;57.4;27.73
03/20/2017 06:00;5.83;0.34;299.51;0.22;849.52;48.65;23.48
03/20/2017 07:00;5.58;0.03;281.57;0.3;849.72;41.02;18.48
03/20/2017 08:00;5.66;0.11;291.91;0.42;849.98;111.64;35.33
03/20/2017 09:00;6.58;0.17;298.46;0.73;849.96;64.93;29.18
03/20/2017 10:00;7.89;-0.21;300.97;0.66;849.9;75.3;31.88
03/20/2017 11:00;9.32;0.02;298.87;0.88;849.85;96.7;38.69
03/20/2017 12:00;11.02;-0.22;312.23;0.99;849.53;117.26;41.69
03/20/2017 13:00;12.44;0.01;315.08;0.9;849.07;100.02;39.95
03/20/2017 14:00;13.96;-0.78;320.93;0.94;848.36;87.05;35.54
03/20/2017 15:00;13.78;-1.65;304.39;1.23;847.9;77.61;32
03/20/2017 16:00;13.93;-3.27;319.34;0.57;847.48;72.78;31.41
03/20/2017 17:00;13.77;-4.18;35.09;0.32;847.28;96.16;38.02
03/20/2017 18:00;12.83;-5.3;336.04;0.57;847.33;95.53;35.5
03/20/2017 19:00;11.86;-5.07;22.59;0.31;847.54;86.14;33.89
03/20/2017 20:00;10;-1.36;102.83;1.05;848.33;118.93;33.27
03/20/2017 21:00;8.14;-0.2;105.16;1.1;848.41;42.77;22.15
03/20/2017 22:00;8.57;-1.32;106.01;1.37;848.44;32.67;14.62
03/20/2017 23:00;8.09;-1.52;107.63;1.49;848.36;24.11;10.92
03/21/2017 00:00;7.6;-1.68;106.7;1.52;848.3;19.63;10.97
03/21/2017 01:00;7.08;-2.77;106.98;1.44;848.4;16.41;10.97
03/21/2017 02:00;6.85;-3.26;106.16;1.44;848.44;15.57;9.5
03/21/2017 03:00;6.42;-2.48;103.7;0.73;848.43;12.71;9
03/21/2017 04:00;6.35;-3.56;103.05;0.98;848.61;12.19;4.84
03/21/2017 05:00;4.28;-1.2;302.68;0.53;849.59;10.41;5.46
03/21/2017 06:00;2.53;0.42;291.83;0.48;850.29;5.93;4.8
03/21/2017 07:00;3.06;-0.15;288.86;0.6;850.64;8.08;6.47
03/21/2017 08:00;3.01;-1.3;290.5;0.75;851.21;9.71;6.55
03/21/2017 09:00;3.96;-2.05;306.84;0.57;851.74;13.75;7.13
03/21/2017 10:00;4.86;-3.15;300.56;0.65;852.17;15.67;7.79
03/21/2017 11:00;6.02;-4.06;295.93;1.03;852.48;13.31;7.33
03/21/2017 12:00;7.22;-3.96;301.81;0.94;852.38;24.05;9.79
03/21/2017 13:00;9.1;-7.83;311.06;1.25;852.37;22.72;8.19
03/21/2017 14:00;9.52;-9.89;310.11;1.25;851.92;26.91;8.3
03/21/2017 15:00;8.79;-10.07;299.42;1.52;851.67;16.21;7.2
03/21/2017 16:00;8.42;-9.48;299.44;1.22;851.71;15.83;7.84
03/21/2017 17:00;7.66;-10.24;295.61;0.95;852.04;23.48;7.6
03/21/2017 18:00;7;-9.52;314.31;0.41;852.59;19.73;7
03/21/2017 19:00;5.96;-8.82;81;0.22;853.07;16.22;5.4
03/21/2017 20:00;5.81;-10.97;350.15;0.47;853.48;17.87;5.3
03/21/2017 21:00;4.86;-9.01;17.6;0.1;854.06;22.33;7.51
03/21/2017 22:00;4.44;-8.34;95.88;0.32;854.26;19.22;7.35
03/21/2017 23:00;4.48;-8.74;313.61;0.44;854.59;18.31;6.87
03/22/2017 01:00;4.14;-8.85;323.25;0.36;854.86;11.01;4.8
03/22/2017 02:00;3.77;-7.97;298.93;0.5;855.32;10.26;5.14
03/22/2017 03:00;3.07;-6.01;93.3;0.27;855.75;6.98;4.57
03/22/2017 04:00;2.32;-5.4;112.14;0.62;855.71;6.12;4.76
03/22/2017 05:00;2.66;-4.99;147.8;0.21;855.66;7.11;5.64
03/22/2017 06:00;2.69;-5.12;147.72;0.16;855.82;8.33;6.63
03/22/2017 07:00;2.25;-5.02;103.93;0.12;856.1;11.34;7.78
03/22/2017 08:00;2.7;-5.7;108.64;0.27;856.47;11.86;7.59
03/22/2017 09:00;3.33;-5.52;333.38;0.38;856.67;26.88;11.99
03/22/2017 10:00;3.98;-5.37;294.73;0.13;856.84;19.87;11.93
03/22/2017 11:00;5.17;-4.95;208.64;0.07;857.08;20.17;12.53
03/22/2017 12:00;6.48;-6.1;303.23;0.68;857.09;18.32;11.21
03/22/2017 13:00;7.78;-6.83;304.02;0.81;856.74;20;10.54
03/22/2017 14:00;8.77;-8.55;319.01;0.69;856.25;21.17;7.49
03/22/2017 15:00;8.69;-8.99;304.89;0.94;855.75;17.29;6.95
03/22/2017 16:00;10.02;-8.6;356.71;0.39;855.21;18.14;7.57
03/22/2017 17:00;10.15;-8.91;335.28;0.41;854.96;14.36;6.34
03/22/2017 18:00;9.96;-9.54;308.19;0.89;854.87;13.09;5.59
03/22/2017 19:00;9.34;-9.68;301.38;0.84;855.07;12.83;5.81
03/22/2017 20:00;8.5;-7.91;5.23;0.17;855.91;18.69;8.5
03/22/2017 21:00;7.1;-4.64;104.35;1;856.44;12.41;7.04
03/22/2017 22:00;6.89;-4.28;101.66;0.4;857.11;15.64;8.81
03/22/2017 23:00;5.14;-2.12;108.11;1.53;857.43;9.48;7.55
03/23/2017 00:00;4.21;-1.11;108.7;1.31;857.28;10.78;9.43
03/23/2017 01:00;4.25;-1.09;120.31;0.89;856.93;9.85;8.64
03/23/2017 02:00;4.69;-0.95;140.56;0.4;856.65;6.9;6.01
03/23/2017 03:00;4.41;0.04;172.73;0.2;856.76;8.23;6.83
03/23/2017 04:00;3.07;0.86;129.37;0.31;856.81;7.82;7.39
03/23/2017 05:00;2.58;0.72;114.43;0.33;856.48;10.99;10.82
03/23/2017 06:00;2.73;0.87;151.3;0.22;856.28;4.29;4.22
03/23/2017 07:00;2.68;0.51;149.54;0.47;856.33;3.67;3.62
03/23/2017 08:00;2.8;0.15;147.83;0.95;856.27;10.24;10.07
03/23/2017 09:00;3.09;-0.04;151.41;0.83;856.48;8.17;7.99
03/23/2017 10:00;3.5;-0.23;151.96;1.11;856.84;8.46;8.04
03/23/2017 11:00;4.17;-0.01;151.34;1.09;857.11;10.96;10.21
03/23/2017 12:00;4.76;-0.06;151.97;0.88;856.89;12.7;10.23
03/23/2017 13:00;6.16;0.16;153.64;0.7;856.58;15.12;9.43
03/23/2017 14:00;6.86;0.32;149.27;0.74;856.46;12.98;8.29
03/23/2017 15:00;7.22;0.32;148.97;0.62;856.28;12.5;7.61
03/23/2017 16:00;6.87;1.5;152.23;0.47;856.1;8.07;6.87
03/23/2017 17:00;6.97;1.2;153.88;0.64;856.13;9.75;7.03
03/23/2017 18:00;7.03;0.98;157.64;0.48;856.18;11.39;7.3
03/23/2017 19:00;6.36;0.78;152.45;0.75;856.46;11.46;7.91
03/23/2017 20:00;-9999;-9999;-9999;-9999;-9999;-9999;-9999
03/23/2017 21:00;5.29;-0.49;150.97;0.92;857.57;9.35;6.81
03/23/2017 22:00;4.68;-0.78;154.4;0.77;858.32;9.59;7.38
03/23/2017 23:00;4.43;-1.24;153.99;0.6;858.7;9.54;6.83
03/24/2017 00:00;4.42;-1.46;145.47;0.5;859.01;7.29;5.38
03/24/2017 01:00;3.63;-1.13;157.51;0.75;859.14;4.83;4.28
03/24/2017 02:00;3.54;-1.39;154.07;0.7;859.09;3.99;3.27
03/24/2017 03:00;3.33;-1.02;145.96;0.49;859.05;3.16;3.03
03/24/2017 04:00;2.75;-0.94;147.67;0.5;858.79;2.48;2.39
03/24/2017 05:00;2.71;-1.59;156.91;0.68;858.52;2.3;2.21
03/24/2017 06:00;2.67;-2.18;157.5;0.46;858.75;1.85;1.79
03/24/2017 07:00;2.58;-2.4;151.46;0.63;859.16;2.01;1.88
03/24/2017 08:00;2.73;-2.35;156.94;0.38;859.75;4.91;3.36
03/24/2017 09:00;3.05;-2.29;155.76;0.47;860.41;5.12;3.67
03/24/2017 10:00;4.82;-2.12;153.44;0.57;860.82;5.24;4.14
03/24/2017 11:00;5.82;-2.44;156.07;0.82;860.91;6.47;4.74
03/24/2017 12:00;7.04;-2.59;149.41;0.86;860.79;8.38;5.14
03/24/2017 13:00;7.65;-2.91;157.9;0.85;860.77;14.51;5.32
03/24/2017 14:00;7.87;-3.03;157;0.9;860.95;10.27;5.71
03/24/2017 15:00;9.46;-4.15;226.71;0.24;860.75;13.06;6.47
03/24/2017 16:00;9.3;-3.67;179.08;0.26;860.56;8.89;5.25
03/24/2017 17:00;8.69;-4.09;169.71;0.41;860.62;9.03;5.15
03/24/2017 18:00;7.98;-5.2;164.64;0.57;860.73;11.59;7.05
03/24/2017 19:00;7.11;-5.97;169.52;0.45;861.05;11.89;6.96
03/24/2017 20:00;6.31;-6.98;163.21;0.46;861.38;10.29;6.13
03/24/2017 21:00;5.33;-5.36;154.06;0.61;861.86;11.34;7.6
03/24/2017 22:00;4.39;-4.64;160.79;0.43;862.55;12.98;8.49
03/24/2017 23:00;3.72;-4.91;149.91;0.59;862.9;11.94;8
03/25/2017 00:00;3;-5.13;175.3;0.29;862.91;11.07;7.49
03/25/2017 01:00;2.45;-4.91;183.48;0.2;862.74;11.13;8.01
03/25/2017 02:00;2.04;-4.66;153.67;0.35;862.44;8.35;6.99
03/25/2017 03:00;1.65;-4.62;159.91;0.16;862.26;7.34;6.5
03/25/2017 04:00;1.26;-4.62;151.28;0.48;861.93;7.03;6.67
03/25/2017 05:00;0.97;-4.69;148.55;0.57;861.38;7.66;7.33
03/25/2017 06:00;0.72;-4.77;148.32;0.72;861.06;7.78;7.36
03/25/2017 07:00;0.05;-4.75;145.95;0.87;861.02;9.13;7.76
03/25/2017 08:00;-0.18;-4.98;146.66;0.65;861.25;12.98;8.33
03/25/2017 09:00;0.55;-4.99;150.71;0.57;861.41;12.15;7.99
03/25/2017 10:00;3;-4.82;154.73;0.62;861.51;11.38;7.65
03/25/2017 11:00;4.38;-5.55;155.92;0.94;861.33;10.3;7.2
03/25/2017 12:00;6.65;-6.92;174.85;0.33;860.95;12.79;6.71
03/25/2017 13:00;8.48;-7.36;156.53;0.28;860.29;12.45;6.79
03/25/2017 14:00;9.76;-10.59;152.67;0.51;859.47;8.56;4.79
03/25/2017 15:00;10.92;-13.48;146.32;0.2;858.59;11.82;4.23
03/25/2017 16:00;11.94;-12.26;127.56;0.19;857.92;29.97;5.16
03/25/2017 17:00;11.54;-12.09;106.13;0.3;857.23;17.21;7.13
03/25/2017 18:00;11.3;-11.6;28.52;0.1;856.71;25.45;10.64
03/25/2017 19:00;10.84;-10.98;356.82;0.12;856.52;23.82;11.48
03/25/2017 20:00;10.38;-10.08;296.57;0.34;856.52;34.38;14.18
03/25/2017 21:00;9.81;-10.51;297.63;0.24;856.89;38.65;15.82
03/25/2017 22:00;8.48;-9.84;107;0.48;857.36;56.74;23.97
03/25/2017 23:00;6.66;-8.08;111.18;0.44;857.72;48.6;22.24
03/26/2017 00:00;6.07;-7.88;107.56;0.5;857.73;51.76;20.5
03/26/2017 01:00;5.49;-7.37;127.65;0.17;857.65;45.98;19.64
03/26/2017 02:00;5.28;-6.51;145.21;0.16;857.8;35.6;17.2
03/26/2017 03:00;4.68;-6.79;152.94;0.26;857.91;24.16;14.69
03/26/2017 04:00;4.15;-7.07;143.27;0.25;857.99;19.03;13.13
03/26/2017 05:00;3.7;-7.5;148.27;0.3;857.99;17.53;13.08
03/26/2017 06:00;3.22;-7.6;148.47;0.37;858.13;19.19;13.72
03/26/2017 07:00;2.93;-8.01;153.4;0.28;858.27;25.81;14.84
03/26/2017 08:00;2.87;-8.18;155.06;0.28;858.57;72.82;20.65
03/26/2017 09:00;3.9;-8.04;146.3;0.38;858.9;40.64;18.86
03/26/2017 10:00;6.99;-6.65;145.68;0.42;858.92;36;17.27
03/26/2017 11:00;9.12;-6.85;158.17;0.16;859.17;32.32;16.32
03/26/2017 12:00;10.28;-7.12;313.18;0.56;859.17;52.01;23.28
03/26/2017 13:00;11.6;-7.17;315.29;0.54;858.96;68.48;21.87
03/26/2017 14:00;12.38;-6.6;315.04;0.68;858.51;43.74;17.55
03/26/2017 15:00;13.22;-5.84;305.37;0.94;857.99;54.51;18.19
03/26/2017 16:00;14.47;-7.85;325.29;0.68;857.57;55.46;16.17
03/26/2017 17:00;14.28;-9.47;308.15;0.88;857.62;48.99;13.06
03/26/2017 18:00;13.79;-9.51;322.47;0.57;857.77;29.25;13
03/26/2017 19:00;13.37;-9.62;13.46;0.27;858.11;27.88;13.06
03/26/2017 20:00;12.76;-9.67;37.61;0.23;858.32;30.03;12.95
03/26/2017 21:00;11.8;-8.93;94.22;0.28;858.7;33.61;14.08
03/26/2017 22:00;10.75;-8.8;34.69;0.12;859.36;42.61;19.04
03/26/2017 23:00;9.3;-7.57;353.59;0.11;859.86;75.17;32.27
03/27/2017 00:00;8.96;-7.04;48.25;0.05;859.99;61.78;24.78
03/27/2017 01:00;9.07;-5.5;104.81;0.32;860.08;19.38;9.43
03/27/2017 02:00;8.72;-5.51;0.16;0.09;860.12;20.74;9.79
03/27/2017 03:00;8.19;-5.69;344.3;0.12;860.18;17.78;8.56
03/27/2017 04:00;7.55;-5.54;324.04;0.12;859.88;18.36;9.45
03/27/2017 05:00;7.31;-5.48;350.12;0.06;859.71;19.96;10.76
03/27/2017 06:00;6.7;-5.07;310.35;0.05;859.68;28.6;14.09
03/27/2017 07:00;6.17;-4.15;304.96;0.37;859.93;46.49;20.37
03/27/2017 08:00;5.69;-3.78;103.13;0.11;860.35;66.84;26.84
03/27/2017 09:00;6.52;-3.43;111.5;0.35;860.7;56.58;24.2
03/27/2017 10:00;8.55;-2.81;316.07;0.29;860.9;50.26;26.1
03/27/2017 11:00;9.84;-2.83;338.87;0.44;860.97;55.77;28
03/27/2017 12:00;12.02;-2.67;308.9;0.76;860.78;72.76;32.49
03/27/2017 13:00;14.2;-3.4;320.68;0.79;860.07;70.66;24.04
03/27/2017 14:00;15.8;-4.83;336.01;0.68;859.45;87.92;21.92
03/27/2017 15:00;16.29;-6.24;330.66;0.72;858.75;111.99;22.33
03/27/2017 16:00;16.77;-6.47;358.83;0.44;857.92;145.46;24.82
03/27/2017 17:00;16.02;-6.8;339.46;0.63;857.54;91.92;20.85
03/27/2017 18:00;15.65;-6.49;345.91;0.51;857.34;74.48;22.25
03/27/2017 19:00;14.4;-5.67;100.41;0.97;857.24;71.55;19.88
03/27/2017 20:00;13.35;-4.19;100.49;0.7;857.34;81.5;22.96
03/27/2017 21:00;12.41;-2.63;38.82;0.28;857.69;51.03;25.39
03/27/2017 22:00;11.56;-1.87;92.71;0.39;858.1;42.63;25.66
03/27/2017 23:00;11.21;-3.07;102.21;0.65;858.28;37.52;19.05
03/28/2017 00:00;10.9;-3.59;105.62;0.86;858.21;34.71;17.46
03/28/2017 01:00;10.47;-3.05;104.7;0.67;857.97;33.63;18.14
03/28/2017 02:00;10.03;-2.92;89.13;0.41;857.71;26.47;17.01
03/28/2017 03:00;9.01;-2.27;315.68;0.37;857.44;33.82;23.29
03/28/2017 04:00;8.68;-2.17;330.37;0.55;856.86;33.47;24.21
03/28/2017 05:00;8.22;-1.93;300.04;0.44;856.53;36.97;26.69
03/28/2017 06:00;8.39;-2.18;319.32;0.38;856.59;35.29;24.15
03/28/2017 07:00;8.81;-2.35;302.77;0.41;856.64;39.51;21.84
03/28/2017 08:00;9.04;-2.1;304.77;0.35;856.88;93.22;30.8
03/28/2017 09:00;9.51;-2;302.34;0.53;857.25;58.57;29.84
03/28/2017 10:00;10.44;-1.84;323.58;0.58;857.49;59.4;26.15
03/28/2017 11:00;11.98;-1.87;98.95;0.59;857.77;84.1;20.1
03/28/2017 12:00;13.45;-1.67;104.48;1.31;857.79;111.08;20.66
03/28/2017 13:00;11.86;-0.16;108.07;2.01;858.02;117.61;21.26
03/28/2017 14:00;12.34;-0.33;109.95;2.12;857.5;60.69;14.08
03/28/2017 15:00;14.11;-1.05;106.31;1.46;857.2;89.7;17.71
03/28/2017 16:00;14.39;-1.74;105.15;1.66;856.89;74.4;19.95
03/28/2017 17:00;14.66;-1.5;103.63;2.28;856.37;67.49;17.78
03/28/2017 18:00;13.16;-1.3;106.97;2.4;856.21;53.87;15.5
03/28/2017 19:00;11.97;-1.34;107;2.28;856.26;37.91;15.5
03/28/2017 20:00;11.51;-1.9;106.71;2.01;856.53;33.88;17.71
03/28/2017 21:00;11.28;-1.6;107.48;1.76;857.28;28.97;17.3
03/28/2017 22:00;11;-1.11;105.77;1.34;857.81;21.99;14.49
03/28/2017 23:00;10.4;-0.74;322.6;0.36;858.64;30.17;16.67
03/29/2017 00:00;9.11;0.35;325.5;0.44;858.96;29.89;17.61
03/29/2017 01:00;8.57;0.92;330.9;0.41;859.07;20.21;13.48
03/29/2017 02:00;7.91;0.98;315.43;0.46;859.16;20.41;15.15
03/29/2017 03:00;7.22;1.1;307.89;0.37;859.17;33.48;27.32
03/29/2017 04:00;6.79;1.44;306.23;0.35;859.08;29.26;25.59
03/29/2017 05:00;6.48;1.65;292.73;0.41;859.24;17.47;13.39
03/29/2017 06:00;6.47;1.75;293.17;0.49;859.5;69.98;21.4
03/29/2017 07:00;6.58;1.76;297.16;0.5;859.92;25.06;14.47
03/29/2017 08:00;7.07;1.83;297.01;0.45;860.4;24.65;12.01
03/29/2017 09:00;8.18;1.88;303.94;0.45;861.02;25.98;13.66
03/29/2017 10:00;9.53;1.74;302.42;0.75;861.45;35.78;16.99
03/29/2017 11:00;11.44;1.21;301.19;0.9;861.6;35.14;16.73
03/29/2017 12:00;13.35;0.26;311.67;0.93;861.34;41.17;17.98
03/29/2017 13:00;13.7;-0.92;304.54;0.97;861.06;45.26;17.16
03/29/2017 14:00;15.15;-2.21;315.41;0.9;860.68;48.48;16.91
03/29/2017 15:00;15.92;-3.64;311.81;0.83;860.5;52.53;16.45
03/29/2017 16:00;15.41;-3.47;306.49;0.9;860.17;42.91;17.79
03/29/2017 17:00;14.55;-3.21;298.91;0.8;860.16;40.44;18.93
03/29/2017 18:00;14.31;-3.94;301.03;0.72;860.4;30.56;15.47
03/29/2017 19:00;13.77;-4.02;301.04;0.56;860.72;39.53;18.25
03/29/2017 20:00;12.94;-3.46;299.43;0.37;861.18;57.46;26.2
03/29/2017 21:00;12.26;-3.25;307.71;0.19;861.79;51.66;21.51
03/29/2017 22:00;11.4;-3.11;95.09;0.07;862.23;48.61;20.87
03/29/2017 23:00;9.84;-2.56;111.35;0.46;862.58;74.8;32.47
03/30/2017 00:00;9.39;-2.48;139.01;0.24;862.8;59.59;27.87
03/30/2017 01:00;8.98;-2.53;150.32;0.36;863;47.48;26.87
03/30/2017 02:00;8.4;-2.74;136.1;0.32;863.07;38.4;25.03
03/30/2017 03:00;7.95;-2.98;146.61;0.33;862.97;34.18;22.91
03/30/2017 04:00;7.11;-3.35;143.28;0.4;862.88;33.49;21.66
03/30/2017 05:00;7.22;-3.54;140.51;0.38;862.95;28.46;19.42
03/30/2017 06:00;6.79;-3.38;131.91;0.36;863.18;28.79;17.47
03/30/2017 07:00;6.42;-3.18;131.44;0.51;863.44;40.95;19.28
03/30/2017 08:00;6.98;-2.94;130.18;0.58;863.81;43.54;19.42
03/30/2017 09:00;9.65;-2.62;130.3;0.54;864.02;45.09;19.76
03/30/2017 10:00;11.48;-2.87;148.14;0.61;864.03;40.18;18.64
03/30/2017 11:00;13.63;-2.97;127.14;0.46;863.67;43.26;20.21
03/30/2017 12:00;15.09;-3.31;311.97;0.23;862.92;61.81;25.32
03/30/2017 13:00;15.91;-3.56;319.69;0.44;862.16;70.24;27.75
03/30/2017 14:00;16.77;-3.19;316.96;0.54;861.49;61.02;27.2
03/30/2017 15:00;16.99;-2.88;347.3;0.16;860.72;70.35;26.99
03/30/2017 16:00;16.89;-3.15;310.17;0.66;860.06;65.83;25
03/30/2017 17:00;17.12;-5.43;316.51;0.61;859.51;69.79;20.5
03/30/2017 18:00;16.35;-6.36;339.54;0.51;859.6;63.68;19.5
03/30/2017 19:00;15.16;-4.67;313.9;0.78;859.79;54.02;21.82
03/30/2017 20:00;14.24;-4.06;305.5;0.46;859.85;56.07;23.83
03/30/2017 21:00;12.88;-3.67;109.85;0.45;860.13;76.48;32.03
03/30/2017 22:00;11.8;-3.59;109.57;0.54;860.25;52.26;22.21
03/30/2017 23:00;12.07;-3.68;106.63;0.54;860;43.39;18.05
03/31/2017 00:00;12.19;-4.03;107.4;1.02;859.94;29.68;13.9
03/31/2017 01:00;11.81;-3.59;105.54;0.38;859.95;33.85;15.79
03/31/2017 02:00;11.01;-4.15;23.7;0.14;860.09;32.69;15.4
03/31/2017 03:00;10.18;-3.5;340.77;0.13;860.13;40.42;19.98
03/31/2017 04:00;9.44;-3.29;22.43;0.04;859.97;46.19;21.77
03/31/2017 05:00;8.98;-3.17;330.61;0.01;859.91;41.66;20.19
03/31/2017 06:00;8.27;-2.93;110.53;0.14;860.12;58.42;23.15
03/31/2017 07:00;7.87;-2.56;110.53;0.18;860.49;79.89;28.27
03/31/2017 08:00;9.28;-2.53;138.3;0.21;860.79;123.69;33.69
03/31/2017 09:00;11.46;-2.6;303.71;0.02;861.06;70.91;28.96
03/31/2017 10:00;13.3;-2.16;304.97;0.36;861.2;57.71;24.75
03/31/2017 11:00;13.7;-2.15;309.61;0.4;861.2;61.73;25.67
03/31/2017 12:00;14.46;-2.09;311.76;0.42;860.9;69.29;27.02
03/31/2017 13:00;15.58;-2.52;299.02;0.31;859.94;58.53;25.21
03/31/2017 14:00;15.92;-2.75;113.59;0.69;859.35;64.85;27.33
03/31/2017 15:00;15.74;-2.98;107.48;0.68;859.14;77.49;27.21
03/31/2017 16:00;14.76;-1.63;99.44;0.37;859.5;69.7;29.55
03/31/2017 17:00;14.26;-0.97;322.13;0.55;859.61;69.35;31.7
03/31/2017 18:00;14.13;-0.99;310.4;0.45;859.61;64.01;30.07
03/31/2017 19:00;13.82;-0.89;127.32;0.06;859.62;66.35;29.57
03/31/2017 20:00;11.95;1.96;149.8;0.85;860.28;61.69;24.97
03/31/2017 21:00;10.39;2.41;151.31;0.97;860.93;37.51;20.79
03/31/2017 22:00;10.31;2.18;152.89;0.67;860.86;32.22;20.06
03/31/2017 23:00;9.68;1.6;156.49;0.65;860.56;38.08;20.74
04/01/2017 00:00;8.66;1.86;150.16;1.34;860.36;29.31;19.98
04/01/2017 01:00;8.13;1.84;151.55;1.13;860.19;26.75;19.42
04/01/2017 02:00;7.67;2.25;149.38;1.24;859.86;24.42;19.68
04/01/2017 03:00;7.44;2.46;152.37;1.06;859.58;20.31;17.49
04/01/2017 04:00;7.12;2.55;149.27;0.82;859.47;15.5;13.58
04/01/2017 05:00;6.19;2.72;159.36;0.84;859.43;7.58;6.84
04/01/2017 06:00;5.98;2.44;153.39;0.97;859.31;10.39;10.05
04/01/2017 07:00;5.88;2.14;149.05;0.67;859.61;9.39;9.09
04/01/2017 08:00;6.03;2.05;152.71;0.63;859.79;8.43;7.28
04/01/2017 09:00;6.61;2;151.43;0.62;860.04;10.5;5.46
04/01/2017 10:00;7.33;2.11;152.79;0.73;860.46;9.77;5.04
04/01/2017 11:00;7.47;3.48;148.41;0.52;860.58;8.14;6.34
04/01/2017 12:00;9.46;3.99;150.2;0.54;860.22;14.53;11.34
04/01/2017 13:00;11.65;3.89;117.48;0.16;859.66;31.75;23.05
04/01/2017 14:00;12.71;3.26;300.25;0.61;859.31;49.08;34.64
04/01/2017 15:00;13.27;3.09;305.7;0.68;858.46;48.59;35.36
04/01/2017 16:00;14.12;2.69;310;0.55;858;40.93;27.53
04/01/2017 17:00;14.17;2.12;305.57;0.65;857.36;34.24;21.78
04/01/2017 18:00;13.79;1.93;308;0.44;856.93;38.03;22.26
04/01/2017 19:00;13.14;2.34;298.81;0.43;857.1;32.87;18.94
04/01/2017 20:00;9.43;5.35;97.7;0.38;857.73;23.23;17.39
04/01/2017 21:00;9.15;5.39;94.64;0.18;857.65;17.96;15.33
04/01/2017 22:00;9.59;5.58;119.93;0.16;857.47;23.84;17.67
04/01/2017 23:00;10.08;4.22;97.46;0.55;857.6;22.77;14.74
04/02/2017 00:00;8.74;4.95;320.99;0.47;857.8;19.04;13.75
04/02/2017 01:00;7.72;5.35;324.86;0.36;857.35;16.86;14.35
04/02/2017 02:00;7.37;5.51;337.1;0.33;857.07;18.25;15.23
04/02/2017 03:00;7.53;5.68;347.3;0.24;856.86;18.77;17.04
04/02/2017 04:00;7.59;5.71;324.01;0.35;856.67;20.59;18.48
04/02/2017 05:00;7.78;5.54;298.95;0.43;856.74;22.29;20.13
04/02/2017 06:00;7.5;4.99;298.59;0.36;856.83;16.59;14.73
04/02/2017 07:00;7.45;4.68;302.79;0.34;857.1;15.25;13.23
04/02/2017 08:00;7.9;4.57;303.7;0.25;857.59;17.01;13.83
04/02/2017 09:00;8.73;4;321.51;0.55;857.87;26.02;15.5
04/02/2017 10:00;10.67;2.95;328.51;0.44;857.92;37.02;17.07
04/02/2017 11:00;11.83;1;301.56;0.95;857.95;30.73;16.1
04/02/2017 12:00;12.22;0.04;309.16;0.74;857.91;36.47;17.82
04/02/2017 13:00;12.92;-0.43;311.59;0.81;857.49;29.01;17.36
04/02/2017 14:00;14.02;-0.69;304.24;0.77;857.09;27.12;17.08
04/02/2017 15:00;12.21;0.55;157.28;0.01;857.18;22.13;13.66
04/02/2017 16:00;11.63;0.44;148.81;1.06;857.18;20.88;11.68
04/02/2017 17:00;10.09;-0.23;151.34;1.28;857.14;19.89;10.03
04/02/2017 18:00;7.61;-1.29;151.14;1.75;857.3;21.48;8.33
04/02/2017 19:00;5.71;-2.11;151.68;1.75;857.35;26.33;6.77
04/02/2017 20:00;4.41;-2.46;153.97;1.82;857.8;22;4.66
04/02/2017 21:00;3.17;-3.09;154.54;1.69;858.63;27.73;4.86
04/02/2017 22:00;2.16;-2.6;154.8;1.61;859.23;15.26;7.54
04/02/2017 23:00;1.43;-3.19;154.49;1.55;859.75;4.63;1.57
04/03/2017 00:00;0.43;-3.42;154.45;1.7;860.35;4.76;2.42
04/03/2017 01:00;-0.55;-3.29;162.66;1.27;860.49;2.09;1.5
04/03/2017 02:00;-1.24;-3.19;157.69;1.2;860.16;3.81;2.65
04/03/2017 03:00;-1.35;-3.11;156.82;1.3;859.63;2.58;1.72
04/03/2017 04:00;-0.25;-3.84;159.54;1.09;859.34;3.06;1.45
04/03/2017 05:00;0.22;-4.42;157.49;1.13;859.43;2.36;1.33
04/03/2017 06:00;0.33;-4.88;159.01;1.08;859.5;3.18;1.4
04/03/2017 07:00;0.37;-4.25;158.06;0.91;860.04;4.27;2.01
04/03/2017 08:00;0.34;-3.65;154.3;0.79;860.7;3.31;2.3
04/03/2017 09:00;0.4;-3.15;151.68;0.92;861.19;3.36;2.74
04/03/2017 10:00;0.68;-2.67;150.43;0.61;861.69;4.36;3.77
04/03/2017 11:00;1.01;-2.27;150.72;0.85;861.95;3.48;2.94
04/03/2017 12:00;2.09;-2.05;151.49;0.87;862.08;3.69;3.11
04/03/2017 14:00;2.49;-1.67;148.78;1.11;862.11;4.95;4.18
04/03/2017 15:00;2.32;-1.75;150.16;0.91;862.22;5.55;4.68
04/03/2017 16:00;1.87;-2.37;147.01;0.9;862.48;6.37;4.73
04/03/2017 17:00;1.78;-2.56;152.01;0.65;862.55;6.35;4.36
04/03/2017 18:00;1.34;-2.81;148.9;0.86;862.69;6.19;4.15
04/03/2017 19:00;1.03;-3.11;150.26;1.04;863.07;4.92;3.49
04/03/2017 20:00;0.87;-3.32;148.58;0.82;863.32;5.28;3.92
04/03/2017 21:00;1.21;-3.47;147.53;0.57;863.49;8.33;5.18
04/03/2017 22:00;1.57;-3.56;145.95;0.75;863.74;8.18;5.45
04/03/2017 23:00;1.63;-3.39;144.4;0.45;863.69;9.41;5.77
04/04/2017 00:00;1.49;-3.33;145.93;0.46;863.52;7.72;5.85
04/04/2017 01:00;1.52;-3.37;136.93;0.58;863.46;6.89;5.8
04/04/2017 02:00;1.42;-3.61;145.95;0.6;863.47;6.5;5.76
04/04/2017 03:00;1.55;-3.79;144.81;0.57;863.28;6.25;5.83
04/04/2017 04:00;1.75;-4.25;135.1;0.44;862.99;5.82;5.45
04/04/2017 05:00;1.78;-4.88;140.2;0.37;863.01;5.82;5.49
04/04/2017 06:00;1.65;-5.42;141.19;0.2;863.27;9.55;6.66
04/04/2017 07:00;1.32;-5.81;122.85;0.19;863.48;19.18;8.88
04/04/2017 08:00;1.19;-5.27;116.07;0.34;863.95;52.06;19.68
04/04/2017 09:00;1.87;-7.08;138.49;0.38;864.51;44.34;15.53
04/04/2017 10:00;4.35;-9.54;140.14;0.32;865;35.87;12.26
04/04/2017 11:00;5.87;-11.17;20.84;0.06;865.43;35.02;13.22
04/04/2017 12:00;7.69;-13.06;116.99;0.32;865.65;32.37;11.42
04/04/2017 13:00;9.42;-12.99;78.93;0.14;865.74;36.79;10.94
04/04/2017 14:00;10.83;-12.2;140.57;0.31;865.54;19.12;5.71
04/04/2017 15:00;11.58;-11.25;127.28;0.12;865.36;22.18;5.77
04/04/2017 16:00;12.6;-10.42;117.8;0.66;865.01;22.62;6.09
04/04/2017 17:00;12.98;-10.49;77.8;0.19;864.85;27.26;7.1
04/04/2017 18:00;12.73;-10.96;325.9;0.3;864.99;26.26;7.91
04/04/2017 19:00;12.3;-12.05;359.56;0.22;865.23;28.19;8.84
04/04/2017 20:00;12;-11.7;106.83;0.37;865.41;25.02;8.75
04/04/2017 21:00;10.6;-6.83;288.35;0.76;865.83;40.51;10.52
04/04/2017 22:00;9.54;-5.97;304.72;0.46;866.5;40.98;12.68
04/04/2017 23:00;8.48;-6.28;89.91;0.06;866.94;31.91;11.54
04/05/2017 00:00;6.87;-5.4;118.11;0.51;867.28;46.62;27.68
04/05/2017 01:00;6.46;-5.13;121.85;0.3;867.37;37.04;20.24
04/05/2017 02:00;5.97;-4.75;125.05;0.14;867.49;28.75;13.79
04/05/2017 03:00;5.77;-5.33;154.81;0.32;867.2;20.57;10.98
04/05/2017 04:00;5.55;-6.11;150.85;0.29;866.93;14.36;8.93
04/05/2017 05:00;5.27;-6.92;159.23;0.21;866.92;12.64;8.73
04/05/2017 06:00;4.98;-7.26;153.89;0.28;867.07;15.72;9.42
04/05/2017 07:00;4.29;-5.86;151.28;0.37;867.34;23.25;10.57
04/05/2017 08:00;4.43;-5.6;144.49;0.46;867.5;53.14;16.98
04/05/2017 09:00;5.65;-5.76;145.83;0.53;867.91;43.9;11.94
04/05/2017 10:00;8.06;-5.86;150.93;0.71;868;32.22;9.26
04/05/2017 11:00;10.19;-5.24;149.94;0.54;868.15;33.96;9.54
04/05/2017 12:00;12.57;-6.01;139.87;0.38;868.03;29.91;9.65
04/05/2017 13:00;14.3;-7.75;112.34;0.15;867.81;43.04;12.2
04/05/2017 14:00;15.72;-8.11;338.18;0.2;867.26;60.43;17.92
04/05/2017 15:00;16.1;-7.58;309.4;0.48;866.75;51.07;18.38
04/05/2017 16:00;16.79;-8.69;324.17;0.35;866.05;48.2;18.83
04/05/2017 17:00;16.85;-9.51;326.29;0.24;865.43;42.55;15.3
04/05/2017 18:00;16.41;-10.72;312.85;0.46;864.94;38.77;13.17
04/05/2017 19:00;16.02;-11.9;312.03;0.41;864.76;32.07;11.44
04/05/2017 20:00;15.32;-11.97;316.12;0.41;864.65;38.76;12.65
04/05/2017 21:00;14.58;-11.51;309.52;0.31;864.63;45.69;13.52
04/05/2017 22:00;13.08;-9.48;113.58;0.26;864.91;75.69;25.03
04/05/2017 23:00;10.8;-7.4;124.59;0.48;864.65;50.59;18.47
04/06/2017 00:00;10.27;-4.95;151.55;0.5;864.34;52.4;20.41
04/06/2017 01:00;9.34;-4.63;153.74;0.36;864.07;43.21;19.67
04/06/2017 02:00;8.57;-4.57;159.73;0.47;863.88;36.57;19.86
04/06/2017 03:00;8.49;-5.23;148.33;0.46;863.36;34.96;19.38
04/06/2017 04:00;8.22;-6.06;138.19;0.63;862.66;32.61;15.64
04/06/2017 05:00;7.49;-5.99;133.28;0.68;862.13;27.16;12.88
04/06/2017 06:00;7.26;-6.3;131.47;0.62;861.88;20.51;11.02
04/06/2017 07:00;6.83;-6.11;141.19;0.55;861.8;25.83;11.75
04/06/2017 08:00;6.94;-6.18;129.82;0.7;861.87;45.32;13.41
04/06/2017 09:00;8.07;-6.25;131.62;0.69;861.89;39.67;11.65
04/06/2017 10:00;10.61;-6.36;138.76;0.57;861.97;35.94;10.47
04/06/2017 11:00;12.69;-6.74;128.8;0.68;861.96;30.98;9.27
04/06/2017 12:00;14.8;-7.2;122.4;0.08;861.4;36.25;9.98
04/06/2017 13:00;16.58;-7.87;11.52;0.18;860.79;51.83;14.36
04/06/2017 14:00;17.22;-6.76;305.83;0.5;860.12;57.62;19.04
04/06/2017 15:00;17.98;-6.03;328.11;0.38;859.26;45.17;18
04/06/2017 16:00;19.08;-6.92;345.16;0.39;858.43;47.57;16.17
04/06/2017 17:00;19.87;-9.51;313.23;0.68;857.81;63.93;11.96
04/06/2017 18:00;19.36;-11.49;313.25;0.78;857.32;40.4;9.68
04/06/2017 19:00;18.53;-12.83;310.15;0.9;857.34;33.5;9.23
04/06/2017 20:00;17.6;-10.92;305.42;0.67;857.42;34.5;11.36
04/06/2017 21:00;16.48;-9.13;300.19;0.31;857.6;46.86;14.98
04/06/2017 22:00;14.54;-7.64;110.32;0.59;858.1;65.02;20.73
04/06/2017 23:00;13.43;-6.68;115.1;0.27;858.14;67.2;19.51
04/07/2017 00:00;13.2;-5.88;143.7;0.36;858.02;49.94;15.5
04/07/2017 01:00;12.83;-5.67;140.3;0.25;857.85;51.87;16.7
04/07/2017 02:00;12.37;-5.61;143.83;0.09;857.79;53.94;16.63
04/07/2017 03:00;11.54;-4.85;136.53;0.31;857.8;35.62;13.9
04/07/2017 04:00;10.93;-4.72;138.87;0.3;857.79;27.66;13.16
04/07/2017 05:00;10.93;-4.46;129.81;0.15;857.88;24.75;11.42
04/07/2017 06:00;11.44;-4.52;52.09;0.07;857.93;28.02;11.95
04/07/2017 07:00;12.13;-4.53;314.92;0.1;857.73;40.37;15.13
04/07/2017 08:00;12.24;-3.19;303.71;0.33;857.99;58.28;19.04
04/07/2017 09:00;11.46;0.31;294.43;0.48;858.38;119.45;23.64
04/07/2017 10:00;10.95;1.95;304.75;0.14;858.83;34;14.91
04/07/2017 11:00;9.78;3.66;95.25;0.18;859.19;26.16;14.26
04/07/2017 12:00;8.28;4.99;110.3;0.48;859.26;18.05;12.7
04/07/2017 13:00;8.02;5.29;91.98;0.16;858.77;17.1;12.75
04/07/2017 14:00;8.3;5.79;330.44;0.16;857.98;21.44;17.43
04/07/2017 15:00;8.34;5.52;107.29;0.29;857.88;22.07;16.77
04/07/2017 16:00;8.65;6.21;296.05;0.36;857.64;20.44;16.88
04/07/2017 17:00;9.28;6.13;311.82;0.54;856.99;25.94;22.14
04/07/2017 18:00;9.8;5.66;311.89;0.44;856.73;50.26;25.59
04/07/2017 19:00;10.23;5.74;305.81;0.44;856.31;62.79;30.15
04/07/2017 20:00;10.17;5.6;337.57;0.03;856.07;45.41;23.28
04/07/2017 21:00;10.15;5.42;134.71;0.14;856.22;50.93;30.97
04/07/2017 22:00;9.9;5.4;152.28;0.14;856.6;55.79;32.44
04/07/2017 23:00;9.12;5.39;110.51;0.27;856.67;51.2;37.51
04/08/2017 00:00;9.09;5.38;111.87;0.55;856.71;52.68;40.17
04/08/2017 01:00;9.09;5.87;117.27;0.44;856.9;45.81;36.84
04/08/2017 02:00;7.75;5.35;76.71;0.06;856.79;26.76;21.62
04/08/2017 03:00;7.68;5.32;120.44;0.19;856.55;29.63;24.13
04/08/2017 04:00;7.62;5.15;155.57;0.11;856.26;34.42;28.97
04/08/2017 05:00;7.47;4.85;132.17;0.09;856.12;37.4;30.44
04/08/2017 06:00;7.31;4.59;173.16;0.03;856.23;36.96;29.62
04/08/2017 07:00;7.22;4.63;134.28;0.03;856.48;41.36;31.9
04/08/2017 08:00;7.73;4.7;325.62;0.06;856.87;51.33;40.35
04/08/2017 09:00;8.52;4.83;308.17;0.21;857.2;56.31;42.35
04/08/2017 10:00;10.07;4.97;291.11;0.54;857.38;104.64;47.2
04/08/2017 11:00;11.16;4.93;294.76;0.67;857.43;115.01;49.26
04/08/2017 12:00;12.43;4.97;301.01;0.65;857.63;121.6;51.14
04/08/2017 13:00;15.46;2.63;307.06;0.54;857.38;163.72;47.48
04/08/2017 14:00;17.49;0.04;25.98;0.38;857.06;159.91;41.82
04/08/2017 15:00;17.78;-1.08;4.72;0.39;856.86;146.83;36.06
04/08/2017 16:00;18.33;-2.76;84.55;0.74;856.51;123.96;29.46
04/08/2017 17:00;17.91;-2.65;80.59;0.67;856.29;126.94;29.83
04/08/2017 18:00;17.33;-2.29;45.19;0.36;856.13;118.32;32.14
04/08/2017 19:00;16.13;-2.41;31.53;0.47;856.1;131.37;35.61
04/08/2017 20:00;14.98;-3.9;69.01;0.48;856.26;97.55;27.78
04/08/2017 21:00;14.15;-1.93;62.72;0.31;856.61;117.63;32.91
04/08/2017 22:00;13.37;-1.68;102.87;0.6;857.37;93;29.43
04/08/2017 23:00;12.73;-1.45;108.53;1.11;857.86;61.07;27.14
04/09/2017 00:00;12.13;-1.72;87.22;0.43;858.02;63.41;23.68
04/09/2017 01:00;11.5;-2.52;29.41;0.21;857.84;49.74;16.51
04/09/2017 02:00;11.06;-1.93;111.21;0.56;857.54;61.31;27.3
04/09/2017 03:00;11.1;-2.07;99.8;0.37;857.6;82.55;32.75
04/09/2017 04:00;11.28;-1.14;14.24;0.22;857.58;91.17;34.41
04/09/2017 05:00;10.59;0.17;105.05;0.38;857.38;77.97;35.63
04/09/2017 06:00;10.3;0.49;283.97;0.37;857;91.41;35.12
04/09/2017 07:00;10.02;0.99;326.7;0.26;857.32;94.01;35.24
04/09/2017 08:00;8.88;2.56;304.72;0.58;857.69;55.64;29.97
04/09/2017 09:00;8.47;3.49;315.76;0.31;857.94;50.65;28.31
04/09/2017 10:00;8.23;4.15;315.38;0.17;858.1;43.32;27.74
04/09/2017 11:00;8.78;4.18;128.58;0.04;857.95;51.5;30.44
04/09/2017 12:00;9.17;4.18;132.15;0.36;857.78;50.45;30.63
04/09/2017 13:00;10.42;4.02;306.54;0.5;857.24;78.98;33.91
04/09/2017 14:00;13.24;3.29;99.9;1.07;856.54;99.01;31.44
04/09/2017 15:00;15.37;2.43;106.72;1.96;855.96;51.41;18.3
04/09/2017 16:00;16.31;1.59;107.62;2.18;855.19;62.27;17.32
04/09/2017 17:00;16.66;0.32;107.63;2.24;854.8;93.64;25.59
04/09/2017 18:00;15.1;0.81;108.51;2.12;854.8;59.78;22.33
04/09/2017 19:00;14.37;0.56;107.64;2.14;854.8;47.26;19.21
04/09/2017 20:00;13.55;0.35;106.92;1.99;854.85;45.69;17.98
04/09/2017 21:00;13.26;-0.16;106.71;1.38;854.93;48.19;18.83
04/09/2017 22:00;12.18;1.02;340.84;0.33;855.45;81.15;26.54
04/09/2017 23:00;11.75;1.21;91.09;0.32;855.74;61.69;25.21
04/10/2017 00:00;11.55;0.51;107.42;1.27;855.75;30.72;15.81
04/10/2017 01:00;11.32;-0.08;106.9;0.91;855.78;28.75;15.34
04/10/2017 02:00;10.89;-0.45;54.61;0.11;855.81;49.02;20.61
04/10/2017 03:00;9.22;0.7;293.83;0.72;856.06;40.39;21.64
04/10/2017 04:00;8.83;0.29;309.78;0.61;856.37;24.25;14.25
04/10/2017 05:00;8.23;1.59;99.37;0.3;856.51;21.25;13.68
04/10/2017 06:00;7.9;2.11;106.18;0.51;856.63;19.59;12.47
04/10/2017 07:00;7.52;0.92;99.18;0.19;856.74;43.5;16.6
04/10/2017 08:00;7.96;1.04;341.75;0.35;857.46;80.34;26.54
04/10/2017 09:00;8.54;0.76;329.53;0.55;858.05;65.68;23.88
04/10/2017 10:00;9.62;-0.45;300.07;0.52;858.49;76.21;26.09
04/10/2017 11:00;11.37;-1.69;311.18;0.64;858.74;95.27;30.64
04/10/2017 12:00;12.64;-2.38;299.8;0.79;858.88;101.81;30.41
04/10/2017 13:00;13.7;-3.01;298.17;0.85;858.65;103.52;28.79
04/10/2017 14:00;14.34;-3.93;298.58;0.98;858.05;96.05;24.72
04/10/2017 15:00;15.46;-6.02;303.18;0.9;857.69;91.62;23.01
04/10/2017 16:00;16.18;-6.97;302.06;0.8;857.26;92.43;23.3
04/10/2017 17:00;16.82;-7.27;299.07;1;856.84;103.4;25.18
04/10/2017 18:00;16.41;-7.42;298.22;0.94;856.61;95.7;26.59
04/10/2017 19:00;16.27;-7.49;301.47;0.83;856.65;91.45;25.5
04/10/2017 20:00;15.38;-7.89;292.07;0.68;856.92;82.76;22.44
04/10/2017 21:00;14.38;-7.39;297.54;0.49;857.57;91.74;25.51
04/10/2017 22:00;13.7;-5.46;108.13;0.68;858.25;109.11;31.86
04/10/2017 23:00;12.1;-3.23;112.56;0.68;858.61;124.46;36.99
04/11/2017 00:00;11.73;-3.08;109.53;0.41;858.69;117.03;33.55
04/11/2017 01:00;11.61;-2.87;109.22;0.76;858.82;93.08;30.08
04/11/2017 02:00;10.92;-2.46;112.62;0.2;858.91;112.31;32.89
04/11/2017 03:00;9.54;-1.6;110.24;0.25;858.56;141.03;44.41
04/11/2017 04:00;8.65;-1.37;143.6;0.39;858.47;56.35;18.41
04/11/2017 05:00;7.75;-1.32;131.08;0.52;858.41;39.66;14.01
04/11/2017 06:00;7.08;-1.32;128.51;0.76;858.38;39.34;14.83
04/11/2017 07:00;6.61;-1.42;125.7;1.03;858.49;40.14;15.72
04/11/2017 08:00;6.73;-1.51;125.57;0.81;858.77;47.12;17.93
04/11/2017 09:00;7.69;-1.47;127.32;0.71;859.21;60.67;20.3
04/11/2017 10:00;9.36;-1.81;127.16;0.56;859.34;84.42;26.72
04/11/2017 11:00;10.75;-2.11;136.51;0.54;859.65;105.04;33.41
04/11/2017 12:00;12.46;-4.26;138.41;0.41;859.59;93.05;26.9
04/11/2017 13:00;13.68;-5.46;241.82;0.02;859.36;102.11;27.29
04/11/2017 14:00;14.38;-4.85;298.28;0.48;859.02;115.98;31.3
04/11/2017 15:00;15.47;-5.35;302.16;0.45;858.64;112.32;29.93
04/11/2017 16:00;16.28;-8.24;103.38;0.98;858.31;179.54;24.19
04/11/2017 17:00;15.15;-5.35;108.5;1.59;858.55;134.31;25.19
04/11/2017 18:00;14.43;-4.04;105.28;1;858.65;98.17;24.68
04/11/2017 19:00;13.51;-2.05;110.45;1.61;858.83;86.36;27.73
04/11/2017 20:00;12.04;0.56;109.23;0.61;858.24;95;35.89
04/11/2017 21:00;12.71;0.45;98.05;0.29;858.48;72.82;29.67
04/11/2017 22:00;12.52;0.59;294.18;0.33;858.71;87.3;33.99
04/11/2017 23:00;12.53;0.41;309.88;0.52;858.82;85.28;31.18
04/12/2017 00:00;11.41;1.14;342.42;0.8;859.09;62.79;27.39
04/12/2017 01:00;10.68;1.91;295.66;0.42;859.48;54.72;23.88
04/12/2017 02:00;10.05;2.48;289.47;0.38;859.78;49.82;25.98
04/12/2017 03:00;9.68;2.65;295.34;0.46;859.96;45.04;24.93
04/12/2017 04:00;9.31;0.64;300.04;0.36;860.11;39.53;17.81
04/12/2017 05:00;9.48;-1.91;286.26;0.38;860.57;29.98;12.74
04/12/2017 06:00;9.09;-2.49;324.95;0.32;861.23;28.52;12.27
04/12/2017 07:00;7.89;-2.81;339.45;0.4;862.08;36.71;12.44
04/12/2017 08:00;7.06;-3.16;321.84;0.6;863.33;58.49;15.26
04/12/2017 09:00;6.96;-3.18;312.29;0.68;864.16;41.87;13.13
04/12/2017 10:00;8.23;-3.44;309.94;0.56;864.84;41.13;14.71
04/12/2017 11:00;10.49;-4.2;299.49;0.72;865.27;52.83;16.97
04/12/2017 12:00;12.36;-7.88;301.09;0.74;865.55;43.94;11.65
04/12/2017 13:00;14.1;-10.99;319.61;0.63;865.25;52.54;11.69
04/12/2017 14:00;14.74;-16.35;315.66;0.51;865.05;33.06;7.71
04/12/2017 15:00;16.1;-15.66;297.72;0.56;864.64;43.79;10.03
04/12/2017 16:00;16.47;-13.74;305.48;0.52;863.92;29.29;8.59
04/12/2017 17:00;17.2;-13.18;302.24;0.54;863.45;31.19;7.83
04/12/2017 18:00;17.41;-12.38;310.58;0.54;862.97;35.14;8.76
04/12/2017 19:00;17.47;-11.17;296.24;0.45;862.83;40.18;10.13
04/12/2017 20:00;16.98;-10.66;323.25;0.37;862.6;41.56;12.88
04/12/2017 21:00;16.01;-7.96;301.11;0.29;862.92;80.37;24.02
04/12/2017 22:00;14.67;-7.11;101.22;0.2;863.25;111.61;32.32
04/12/2017 23:00;12.94;-6.24;111.62;0.49;863.12;145.5;35.51
04/13/2017 00:00;12.78;-6.23;112.56;0.16;863.11;95.43;27.51
04/13/2017 01:00;12.53;-6.26;139.26;0.15;863.19;70.56;23.41
04/13/2017 02:00;12.26;-6.5;130.7;0.17;862.87;50.36;20.66
04/13/2017 03:00;11.93;-6.77;139.98;0.16;862.39;40.35;18.78
04/13/2017 04:00;11.66;-6.21;128.8;0.28;861.99;33.62;16.83
04/13/2017 05:00;11.53;-6.28;131.02;0.24;861.95;26.49;13.14
04/13/2017 06:00;11.08;-5.18;148.07;0.16;862.02;31.52;14.79
04/13/2017 07:00;10.84;-5.02;152.14;0.26;862.18;43.75;16.37
04/13/2017 08:00;11.38;-3.73;159.45;0.41;862.4;74.99;25.6
04/13/2017 09:00;12.85;-3.34;154.4;0.39;862.47;87.34;28.91
04/13/2017 10:00;14.37;-4.61;142.43;0.4;862.44;70.26;19.27
04/13/2017 11:00;16.62;-4.14;137.93;0.49;862.57;68.12;18.64
04/13/2017 12:00;19.02;-2.15;144.58;0.5;862.02;71.35;19.64
04/13/2017 13:00;20.42;0.38;123.45;0.29;861.35;85.23;23.71
04/13/2017 14:00;21.14;1.54;298.2;0.41;861.22;113.47;33.13
04/13/2017 15:00;18.53;3.65;307.45;0.75;861.88;94.65;32
04/13/2017 16:00;19.46;3.14;306.52;0.51;861.12;74.96;28.8
04/13/2017 17:00;19.58;3.75;305.77;0.52;860.43;87.24;32.57
04/13/2017 18:00;19.8;5;316.97;0.37;859.56;79.01;32.04
04/13/2017 19:00;19.64;5.66;290.26;0.43;858.99;86.15;35.75
04/13/2017 20:00;19.33;5.81;292.81;0.08;858.42;94.32;38.17
04/13/2017 21:00;18.98;6.48;111.46;0.3;858.3;118.95;44.14
04/13/2017 22:00;16.45;10.15;95.09;0.34;859.73;80.48;42.44
04/13/2017 23:00;15.02;9.99;296.19;0.56;860.43;71.91;47.04
04/14/2017 00:00;13.33;10.74;42.11;0.06;860.72;57.25;42.09
04/14/2017 01:00;13.23;10.95;122.64;0.45;859.96;33.76;27.78
04/14/2017 02:00;13.41;11.31;325.71;0.17;859.1;24.19;19.93
04/14/2017 03:00;13.52;11.18;115.18;0.01;858.2;14.29;11.55
04/14/2017 04:00;13.64;10.92;315.76;0.29;857.62;11.78;9.57
04/14/2017 05:00;13.24;10.61;305.46;0.38;857.38;14.12;12.07
04/14/2017 06:00;13.22;10.5;305.75;0.3;856.5;12.16;10.19
04/14/2017 07:00;13.08;10.66;320.36;0.28;855.68;14.3;11.53
04/14/2017 08:00;12.42;11;309.56;0.88;855.62;17.7;14.01
04/14/2017 09:00;12.4;11.48;316.17;0.72;856.29;22.36;17.69
04/14/2017 10:00;11.48;10.62;294.97;0.85;856.71;8.94;6.89
04/14/2017 11:00;11.53;10.66;307.83;0.33;857.03;13.88;11.42
04/14/2017 12:00;11.8;10.62;315.56;0.18;856.5;16.2;13.31
04/14/2017 13:00;11.4;10.24;306.5;0.43;856.51;10.63;8.62
04/14/2017 14:00;11.5;10.35;322.51;0.3;855.59;9.62;8.11
04/14/2017 15:00;12.94;10.93;309.12;0.25;854.63;13.83;11.17
04/14/2017 16:00;13.26;11.15;320.07;0.46;854.9;20.03;15.62
04/14/2017 17:00;12.86;11.38;313.12;0.28;854.36;25.25;20.7
04/14/2017 18:00;12.81;11.36;299.71;0.53;854.08;24.23;19.16
04/14/2017 19:00;12.39;11.49;314.57;0.28;854.23;24.89;20.69
04/14/2017 20:00;12.48;11.68;333.65;0.3;854.2;24.06;20.5
04/14/2017 21:00;11.99;11.21;287.97;0.74;855.02;12.21;9.26
04/14/2017 22:00;11.89;11;295.14;0.46;855.91;13.13;10.36
04/14/2017 23:00;11.96;10.59;328.72;0.16;855.75;18.38;13.98
04/15/2017 00:00;11.82;10.07;317.53;0.39;855.72;20.47;14.93
04/15/2017 01:00;11.43;9.88;297.84;0.16;855.73;19.79;13.78
04/15/2017 02:00;10.87;9.57;105.81;0.25;855.64;21.79;15.5
04/15/2017 03:00;10.04;8.96;140.69;0;855.71;26;19.01
04/15/2017 04:00;9.94;9.03;149.83;0.03;855.79;26.52;19.74
04/15/2017 05:00;10.14;9.09;134.37;0.02;855.57;32.77;22.88
04/15/2017 06:00;10.14;8.76;121.28;0.01;855.49;42.12;28.14
04/15/2017 07:00;10.73;8.88;179.99;0.04;855.77;46.36;30.99
04/15/2017 08:00;11.28;8.71;136.37;0.11;855.89;56.57;37.87
04/15/2017 09:00;12.39;8.83;143.54;0.06;856.4;63.16;41.23
04/15/2017 10:00;14.05;8.45;11.65;0.07;856.66;101.63;43.97
04/15/2017 11:00;16.77;7.89;342.55;0.38;856.78;124.51;47.02
04/15/2017 12:00;17.54;6.12;319.4;0.67;856.92;94.68;37.15
04/15/2017 13:00;17.77;4.19;313.68;0.87;857.01;67.7;22.89
04/15/2017 14:00;18.01;3.45;306.69;1.01;856.98;57.67;19.61
04/15/2017 15:00;18.55;1.91;309.54;0.85;856.66;60.35;20.08
04/15/2017 16:00;18.58;1.65;301.53;0.74;856.27;49.26;16.68
04/15/2017 17:00;18.93;1.72;315.63;0.56;855.66;45.36;16.98
04/15/2017 18:00;18.73;0.57;48.37;0.24;855.27;49.54;17.72
04/15/2017 19:00;18.33;-0.51;345.54;0.29;855.11;47.64;17.55
04/15/2017 20:00;17.6;-0.67;13.28;0.15;855.24;51.31;18.93
04/15/2017 21:00;16.62;0.19;315.96;0.29;855.58;73.27;23.53
04/15/2017 22:00;14.47;1.9;110.83;0.86;856.38;54.11;20.91
04/15/2017 23:00;13.42;1.66;110.31;0.62;856.75;44.7;18.7
04/16/2017 00:00;13.67;0.53;128.25;0.33;856.92;61.8;28.29
04/16/2017 01:00;12.92;1.54;68.59;0.14;857.25;41.63;19.11
04/16/2017 02:00;11.98;4.25;298.74;0.32;857.42;28.9;13.4
04/16/2017 03:00;11.14;4.57;288.79;0.48;857.54;19.44;10.37
04/16/2017 04:00;10.18;4.6;114.87;0.34;857.63;17.94;11.02
04/16/2017 05:00;9.56;4.05;115.46;0.26;857.86;24.02;15.3
04/16/2017 06:00;9.7;4.26;226.92;0.03;858.13;30.07;17.43
04/16/2017 07:00;9.41;4.25;127.5;0.32;858.43;33.15;17.1
04/16/2017 08:00;9.82;4.33;140.95;0.45;858.93;62.38;20.22
04/16/2017 09:00;10.53;4.54;139.54;0.38;859.56;47.99;19.58
04/16/2017 10:00;11.6;4.81;155.11;0.74;859.59;43.2;17.43
04/16/2017 11:00;11.82;4.9;214.23;0.27;859.99;39.07;15.37
04/16/2017 12:00;10.7;4.7;313.32;0.94;860.33;47.52;16.02
04/16/2017 13:00;11.49;4.38;296.74;0.91;860;41.48;11.07
04/16/2017 14:00;14.4;3.83;143.27;0.32;859.59;36.98;16.41
04/16/2017 15:00;14.68;4.01;146.45;0.41;859.05;38.71;17.88
04/16/2017 16:00;14.6;3.81;133.97;0.61;858.88;28.31;13.54
04/16/2017 17:00;15.45;3.11;127.26;0.52;858.54;34.27;14.04
04/16/2017 18:00;15.36;2.47;154.3;0.53;858.39;35.75;15.56
04/16/2017 19:00;14.75;2.73;169.2;0.59;858.61;42.29;16.38
04/16/2017 20:00;13.02;2.66;163.23;0.84;859.18;31.23;9.69
04/16/2017 21:00;12.11;2.19;156.99;0.56;859.6;21.2;9.43
04/16/2017 22:00;11.74;3.36;145.82;0.45;860.21;22.75;9.72
04/16/2017 23:00;11.15;3.73;152.11;0.58;860.98;17.3;9.21
04/17/2017 00:00;10.37;3.95;158.06;0.63;861.05;14.74;9.01
04/17/2017 01:00;9.85;3.52;141.36;0.52;860.99;12.13;8.52
04/17/2017 02:00;9.02;3.5;135.09;0.62;860.97;12.93;10.21
04/17/2017 03:00;8.64;3.33;140.37;0.53;860.72;12.17;10.57
04/17/2017 04:00;8.2;3.19;134.41;0.52;860.7;12.89;11.71
04/17/2017 05:00;7.89;2.99;136.6;0.45;860.72;13.01;11.73
04/17/2017 06:00;7.68;2.95;138.15;0.45;860.67;16.49;13.71
04/17/2017 07:00;7.5;2.83;140.24;0.5;860.79;22.13;16.21
04/17/2017 08:00;7.76;3;140.85;0.53;861.12;58.85;22.37
04/17/2017 09:00;9.13;3.19;148.04;0.52;861.41;38.52;20.12
04/17/2017 10:00;11.15;3.41;152.59;0.8;861.38;39.76;21.33
04/17/2017 11:00;13.58;3.88;149.13;0.71;861.46;41.31;22.16
04/17/2017 12:00;15.06;3.25;132.15;0.52;861.44;46.5;24.8
04/17/2017 13:00;16.6;2.89;298.71;0.48;861.01;80.28;33.21
04/17/2017 14:00;16.81;3.04;301.72;0.56;860.54;69.83;35.11
04/17/2017 15:00;17.62;3.23;310.98;0.59;860.04;67.95;32.03
04/17/2017 16:00;17.87;3.91;300.05;0.67;859.51;64.38;32.21
04/17/2017 17:00;18.44;3.83;292.74;0.39;858.95;58.81;28.8
04/17/2017 18:00;18.28;3.67;310.77;0.49;858.77;48.91;23.8
04/17/2017 19:00;17.97;2.67;306.58;0.51;858.96;47.08;19.73
04/17/2017 20:00;17.68;-1.38;300.17;0.43;859.13;49.41;14.42
04/17/2017 21:00;16.79;-3.32;307.48;0.25;859.34;54.01;17.37
04/17/2017 22:00;14.72;-1;112.46;0.69;859.91;89.36;24.31
04/17/2017 23:00;13.46;-0.56;114.66;0.44;860.21;51.44;14.95
04/18/2017 00:00;13.5;0.43;151.6;0.16;860.26;57.8;21.25
04/18/2017 01:00;12.78;1.15;137.89;0.14;860.22;48.41;21.38
04/18/2017 02:00;12.58;1.09;130;0.15;860.42;41.62;20.18
04/18/2017 03:00;12.37;0.83;88.22;0.19;860.09;23.1;11.65
04/18/2017 04:00;12;1.06;116.74;0.06;859.76;19.05;11.4
04/18/2017 05:00;11.54;1.41;248.22;0.01;859.9;46.68;17.72
04/18/2017 06:00;10.74;1.29;151.74;0.02;860;49.13;15.88
04/18/2017 07:00;10.26;0.78;162.83;0.05;860.32;65.06;19.56
04/18/2017 08:00;10.54;0.11;120.12;0.36;860.58;98.61;27.08
04/18/2017 09:00;12.04;-0.19;127.99;0.39;861.18;55.19;24.55
04/18/2017 10:00;13.65;1.18;303.86;0.07;861.17;64.46;27.77
04/18/2017 11:00;15.43;1.45;334.27;0.41;861.23;73;28.33
04/18/2017 12:00;16.66;1.59;291.03;0.6;861.22;89.09;39.4
04/18/2017 13:00;17.57;1.81;296.65;0.79;860.85;65.58;27.58
04/18/2017 14:00;18.38;1.82;302.98;0.66;860.15;59.11;23.2
04/18/2017 15:00;18.92;0.89;302.53;0.57;859.38;52.69;19.93
04/18/2017 16:00;19.57;-0.44;295.61;0.68;858.73;53.99;16.39
04/18/2017 17:00;19.37;0.02;292.22;0.71;858.27;52.57;17.23
04/18/2017 18:00;18.83;-0.77;292.76;0.79;858.05;49.55;15.43
04/18/2017 19:00;18.48;-3.5;303.17;0.76;857.88;46.59;13.84
04/18/2017 20:00;17.84;-3.98;323.1;0.21;857.7;46.03;13.65
04/18/2017 21:00;17.59;-6.72;101.39;0.29;857.63;40.65;10.9
04/18/2017 22:00;17.08;-3.99;138.03;0.03;857.64;78.88;19.36
04/18/2017 23:00;15.95;-1.1;106.3;0.83;857.53;72.99;15.1
04/19/2017 00:00;14.66;-0.17;109.08;0.27;856.98;45.04;13.21
04/19/2017 01:00;13.48;0.9;79.82;0.07;856.91;57.99;19.01
04/19/2017 02:00;13.65;1.41;99.25;0.37;857.08;34.67;13.46
04/19/2017 03:00;13.82;1.35;100.48;0.55;856.63;17.92;11.05
04/19/2017 04:00;13.62;1.64;108.48;0.64;856.22;17.4;11.15
04/19/2017 05:00;13.42;1.74;108.5;0.52;855.88;17.07;10.71
04/19/2017 06:00;12.68;2.72;109.3;1.08;855.8;14.59;6.95
04/19/2017 07:00;10.96;4.59;106.99;0.73;856.08;6.86;3.66
04/19/2017 08:00;9.64;6.89;300.28;0.56;856.73;17.81;14.73
04/19/2017 09:00;9.89;6.85;294.02;0.6;857.14;16.64;13.46
04/19/2017 10:00;11.04;7.29;293.48;0.77;857.39;31.77;18.91
04/19/2017 11:00;13.12;4.81;299.56;0.99;857.73;43.13;13.58
04/19/2017 12:00;13.67;5.11;293.85;0.96;857.98;51.76;17.24
04/19/2017 13:00;15.58;3.58;296.79;1.08;857.82;50.9;14.24
04/19/2017 14:00;15.17;4.39;304.5;0.89;857.78;47.13;14.36
04/19/2017 15:00;14.73;4.22;295.46;0.85;858.06;43.14;14.44
04/19/2017 16:00;16.68;2.21;297.54;1.17;858.08;53.31;12.25
04/19/2017 17:00;18.64;0.36;313.19;1.13;858.13;50.7;11.42
04/19/2017 18:00;18.12;0.88;305.02;0.9;858.28;40.04;12.51
04/19/2017 19:00;18.02;0.69;299.48;0.84;858.5;38.7;13.02
04/19/2017 20:00;16.99;1.25;287.51;0.88;858.93;41.09;15.25
04/19/2017 21:00;16.15;2.05;334.55;0.27;859.89;44.32;15.03
04/19/2017 22:00;13.97;1.46;108.94;1.18;860.5;16.25;9.24
04/19/2017 23:00;13.81;1.56;325.11;0.21;861.14;48.2;15.92
04/20/2017 00:00;12.72;2.26;92.97;0.09;861.55;42.89;17.13
04/20/2017 01:00;11.38;1.75;110.77;0.58;861.9;37.12;16.09
04/20/2017 02:00;10.78;1.1;117.22;0.17;862.23;26.44;12.3
04/20/2017 03:00;10.52;0.47;149.19;0.01;862.21;16.34;8.24
04/20/2017 04:00;10.36;1.62;22.13;0.04;862.11;31.06;13.57
04/20/2017 05:00;9.54;1.73;151.45;0.06;862.03;35.78;13.32
04/20/2017 06:00;8.86;0.25;154.31;0.02;862.02;20.87;8.68
04/20/2017 07:00;8.68;0.28;161.88;0.04;862.12;52.92;16.5
04/20/2017 08:00;9.94;0.22;147.28;0.21;862.36;92.68;20.69
04/20/2017 09:00;11.46;0.17;159.15;0.13;862.64;53.08;20.37
04/20/2017 10:00;13.09;0.01;321.37;0.21;862.47;45.5;17.97
04/20/2017 11:00;14.89;-0.17;294.38;0.6;862.36;41.49;15.51
04/20/2017 12:00;15.97;0.15;299.85;0.68;862.28;50.8;18.58
04/20/2017 13:00;16.77;0.93;297.42;0.83;862.01;54.97;21.2
04/20/2017 14:00;17.62;1.01;294.97;0.76;861.55;43.21;17.91
04/20/2017 15:00;18.54;-0.76;302.18;0.8;861.17;35.05;13.17
04/20/2017 16:00;19.1;-0.25;306.24;0.8;860.58;38.64;14.6
04/20/2017 17:00;19.24;-1.26;299.76;1;860.07;39.68;13.84
04/20/2017 18:00;19.29;-3.62;302.36;0.91;859.82;37.4;10.87
04/20/2017 19:00;18.98;-7.27;37.68;0.3;859.78;25.01;12.49
04/20/2017 20:00;18.4;-8.46;305.06;0.53;859.77;21.4;9.4
04/20/2017 21:00;17.39;-7.3;316.6;0.21;859.93;36.62;13.16
04/20/2017 22:00;16.18;-5.5;112.62;0.27;860.38;136.28;29.17
04/20/2017 23:00;14.53;-0.02;317.72;0.67;861.23;86.16;17.95
04/21/2017 00:00;13.39;1.28;304.46;0.23;861.48;29.26;9.55
04/21/2017 01:00;12.9;1.36;115.58;0.34;861.61;35.25;11.76
04/21/2017 02:00;12.09;1.66;136.54;0.39;861.52;35.46;12.15
04/21/2017 03:00;11.49;1.79;136.39;0.37;861.2;16.45;8.8
04/21/2017 04:00;10.97;1.88;137.53;0.35;861.07;12.05;7.73
04/21/2017 05:00;10.36;1.12;142.36;0.19;861.32;22.2;11.84
04/21/2017 06:00;9.82;0.72;174.08;0.08;861.58;28.09;14.43
04/21/2017 07:00;9.63;0.59;148.78;0.13;861.57;30.52;15.28
04/21/2017 08:00;9.73;0.45;136.66;0.2;862.17;43.2;19.05
04/21/2017 09:00;11.21;0.24;130.89;0.27;862.47;168.2;38.46
04/21/2017 10:00;13.39;0.39;296.88;0.31;862.55;49.4;22.6
04/21/2017 11:00;15.78;0.85;305.74;0.52;862.52;39.41;18.86
04/21/2017 12:00;16.88;0.86;304.31;0.68;862.43;38.55;18.86
04/21/2017 13:00;17.93;-0.49;305.2;0.78;862.34;31.96;11.51
04/21/2017 14:00;19.21;-1.49;324.06;0.57;861.79;26.97;8.96
04/21/2017 15:00;19.59;-2.08;309.51;0.83;861.32;30.61;9.71
04/21/2017 16:00;20.14;-1.71;295.55;0.86;860.93;31.76;10.63
04/21/2017 17:00;20.44;-3.11;298.12;0.94;860.62;27.36;8.73
04/21/2017 18:00;20.56;-3.68;307.29;0.65;860.56;24.26;8.68
04/21/2017 19:00;19.98;-4.32;319.18;0.52;860.69;23.88;7.82
04/21/2017 20:00;19.46;-4.44;57.96;0.17;860.69;26.06;8.75
04/21/2017 21:00;18.65;-4.2;302.82;0.2;860.6;44.11;13.5
04/21/2017 22:00;17.31;-2.69;110.6;0.38;860.9;56.79;17.77
04/21/2017 23:00;16.17;-1.93;110.67;0.18;861.22;56.16;18.3
04/22/2017 00:00;15.56;-1.48;120.67;0.1;861.4;63.9;21.08
04/22/2017 01:00;15.02;-1.61;116.02;0.18;861.49;49.58;17.08
04/22/2017 02:00;14.19;-0.37;164.05;0.01;861.6;57.48;18.79
04/22/2017 03:00;14.16;0.32;149.96;0.01;861.41;75.44;27.13
04/22/2017 04:00;13.34;1.19;147.65;0.04;861.38;63.6;24.7
04/22/2017 05:00;12.55;1.8;125.13;0.04;861.61;51.36;21.32
04/22/2017 06:00;12.12;2.22;118.77;0.08;861.95;54.59;22.26
04/22/2017 07:00;11.72;2.42;109.84;0.04;861.99;74.73;26.36
04/22/2017 08:00;12.61;2.17;116.76;0.15;862.35;132.44;39.72
04/22/2017 09:00;14.64;2;116.64;0.13;862.8;108.02;36.27
04/22/2017 10:00;16.66;2.38;352.71;0.06;862.85;96.54;34.54
04/22/2017 11:00;19.38;1.79;294.86;0.61;862.81;95.76;28.2
04/22/2017 12:00;20.62;2.55;308.96;0.53;862.71;106.01;29.28
04/22/2017 13:00;22.25;1.68;295.96;0.68;862.35;100.81;25.64
04/22/2017 14:00;24.63;-1.92;312.08;0.62;861.66;106.08;22.09
04/22/2017 15:00;25.83;-3.44;343.42;0.5;861.28;124.88;22.38
04/22/2017 16:00;26.09;-3.48;327.57;0.94;861;145.24;27.28
04/22/2017 17:00;25.88;-3.23;325.1;0.75;860.68;121.55;26.1
04/22/2017 18:00;25.46;-2.81;317.74;0.89;860.48;102.43;25.5
04/22/2017 19:00;25.06;-2.76;320.06;0.64;860.56;98.08;25.8
04/22/2017 20:00;23.45;-1.12;317.93;0.32;860.78;110.27;28.11
04/22/2017 21:00;22.16;-0.68;107.85;0.39;861.16;124.47;34.06
04/22/2017 22:00;20.1;0.58;112.4;0.57;861.66;162.31;41.54
04/22/2017 23:00;19.27;0.48;127.84;0.25;862.06;141.66;36.94
04/23/2017 00:00;18.48;-0.2;163.46;0.21;862.26;107.16;32.2
04/23/2017 01:00;17.54;-0.78;164;0.23;862.37;95.51;31.7
04/23/2017 02:00;17.13;-1.28;169.72;0.22;862.23;84.63;29.41
04/23/2017 03:00;16.59;-1.34;163.62;0.28;861.79;82.29;28.98
04/23/2017 04:00;16.1;-1.13;153.72;0.37;861.35;77.33;27.46
04/23/2017 05:00;15.4;0.02;141.61;0.42;861.4;77.88;26.2
04/23/2017 06:00;14.94;-0.07;147.11;0.48;861.2;78.31;26.54
04/23/2017 07:00;14.2;0.12;135.8;0.54;861.24;81.32;27.12
04/23/2017 08:00;14.27;0.31;133.43;0.59;861.12;140.69;35.4
04/23/2017 09:00;15.71;-0.05;145.43;0.57;861.01;111.26;31.07
04/23/2017 10:00;18.22;-0.61;154.36;0.51;860.49;110.76;29.57
04/23/2017 11:00;21.24;-0.44;140.26;0.41;860.12;105.52;29
04/23/2017 12:00;23.33;-0.66;130.07;0.54;859.42;102.85;29.79
04/23/2017 13:00;25.13;-2.09;331.3;0.1;858.34;113.05;32.02
04/23/2017 14:00;26.35;-1.15;305.2;0.44;857.39;138.61;36.44
04/23/2017 15:00;26.91;-5.42;105.45;1.48;856.94;198.84;43
04/23/2017 16:00;27.2;-6.31;95.01;0.83;856.73;195.66;42.18
04/23/2017 17:00;25.98;-3.23;349.51;0.53;856.53;177.8;37.07
04/23/2017 18:00;23.57;-1.54;32.6;0.29;856.71;132.24;29.49
04/23/2017 19:00;21.84;0.84;23.43;0.28;857.13;126.46;29.6
04/23/2017 20:00;18.52;5.62;99.51;0.55;857.38;58.17;22.64
04/23/2017 21:00;16.98;6.27;124.03;0.34;856.53;48.51;22.22
04/23/2017 22:00;17.82;5.24;121.7;0.07;856.01;62.27;24.29
04/23/2017 23:00;17.61;5.83;310.76;0.52;857.5;73.43;29.47
04/24/2017 00:00;14.1;8.21;301.48;0.59;858.34;41.77;24.19
04/24/2017 01:00;12.5;9;244.76;0.08;857.05;33.25;22.59
04/24/2017 02:00;12.76;8.89;138.09;0.09;855.83;33.55;22.68
04/24/2017 03:00;12.78;8.74;0.74;0.04;855.69;34.19;23.29
04/24/2017 04:00;12.32;8.65;110.32;0.23;855.01;34.75;23.78
04/24/2017 05:00;12.07;8.06;116.27;0.34;854.57;32.92;22.53
04/24/2017 06:00;12.28;7.73;125.06;0.17;854.56;33.48;21.77
04/24/2017 07:00;12.1;7.67;111.11;0.29;854.39;41.76;26.07
04/24/2017 08:00;12.9;7.71;8.19;0.11;854.75;70.94;31.56
04/24/2017 09:00;14.36;7.57;337.08;0.06;854.73;74.79;31.74
04/24/2017 10:00;15.66;7.53;123.52;0.61;854.98;78.89;33.93
04/24/2017 11:00;15.3;8.24;301.89;0.61;855.8;120.25;58.15
04/24/2017 12:00;15.29;8.6;298;0.48;855.55;116.58;64.38
04/24/2017 13:00;18.22;7.72;303.53;0.38;854.71;143.65;69
04/24/2017 14:00;21.37;5.91;327.8;0.66;853.97;398.07;130.74
04/24/2017 15:00;23.06;3.41;36.45;0.45;853.57;568.49;152.37
04/24/2017 16:00;23.37;1.29;49.04;0.56;853.3;482.13;120.51
04/24/2017 17:00;23.39;-3.43;92.1;0.85;853.26;383.61;88.36
04/24/2017 18:00;22.67;-3.19;56.94;0.5;853.56;315.84;85.65
04/24/2017 19:00;21.34;-5.02;103.37;1.25;853.64;256.72;73.22
04/24/2017 20:00;20.18;-5.15;107;1.17;853.85;243.92;70.73
04/24/2017 21:00;18.72;-7.21;105.6;1.39;854.38;158.38;44.38
04/24/2017 22:00;17.59;-10.39;107.34;1.35;855.02;112.2;30.96
04/24/2017 23:00;16.96;-8.03;109.77;1.09;855.6;146.34;40.26
04/25/2017 00:00;16.18;-8.2;92.03;0.35;856.26;149.74;38.46
04/25/2017 01:00;14.35;-6.73;94.94;0.02;856.98;167.5;39.85
04/25/2017 02:00;13.19;-7.81;116.67;0.21;857.19;149.44;37.08
04/25/2017 03:00;12.16;-0.91;134.95;0.4;857.33;95.17;28.38
04/25/2017 04:00;11.14;-0.29;132.63;0.5;857.43;77.26;25.02
04/25/2017 05:00;10.4;-0.07;132.15;0.47;857.86;68.68;22.26
04/25/2017 06:00;9.66;0.06;125.29;0.6;858.09;66.28;22.47
04/25/2017 07:00;9.17;-0.2;142.11;0.39;858.38;78.78;24.66
04/25/2017 08:00;9.23;-0.65;144.14;0.32;858.84;100.15;31.2
04/25/2017 09:00;10.6;-0.51;138.94;0.48;859.31;163.95;35.81
04/25/2017 10:00;12.61;-0.67;150.83;0.57;859.59;153.08;40.22
04/25/2017 11:00;15.54;-1.41;127.07;0.49;859.7;238.29;58.27
04/25/2017 12:00;17.25;-3.42;299.21;0.12;859.75;245.98;58.44
04/25/2017 13:00;18.41;-4.86;275.61;0.42;859.51;201.33;48.39
04/25/2017 14:00;18.89;-5.37;283.98;0.52;859.23;188.07;46.55
04/25/2017 15:00;19.99;-5.55;309.73;0.59;858.88;168.92;40.85
04/25/2017 16:00;20.23;-5.78;287.01;0.77;858.5;135.54;33.38
04/25/2017 17:00;20.67;-5.88;295.33;0.68;858.15;146.08;34.92
04/25/2017 18:00;20.1;-7;298.79;0.75;858.04;138.62;34.1
04/25/2017 19:00;19.71;-6.62;300.28;0.57;858.17;125.08;30.78
04/25/2017 20:00;17.09;-0.25;152.93;0.68;858.8;88.14;23.47
04/25/2017 21:00;13.66;0.03;156.21;0.89;859.81;132.57;25.24
04/25/2017 22:00;11.21;0.07;158.7;1.13;861.12;92.6;21.39
04/25/2017 23:00;9.66;0.5;157.72;1.29;862.14;74.44;18.01
04/26/2017 00:00;8.55;1.13;157.44;1.48;862.86;44;12.93
04/26/2017 01:00;8.15;0.79;163.57;1.2;863.17;51.32;11.55
04/26/2017 02:00;7.46;0.77;161.26;1.23;863.43;31.19;6.46
04/26/2017 03:00;7.32;0.6;157.64;1.14;863.76;10.63;3.67
04/26/2017 04:00;6.77;0.38;158.63;1.37;863.97;14.89;3.72
04/26/2017 05:00;6.27;0.08;157.47;1.03;864.34;15.71;4
04/26/2017 06:00;5.93;-0.46;157.06;0.8;864.68;13.54;3.29
04/26/2017 07:00;5.63;-0.89;159.97;0.98;865.25;16.97;4.05
04/26/2017 08:00;5.69;-1.23;162.35;1.19;865.95;29.47;5.64
04/26/2017 09:00;6.05;-1.45;159.59;1.44;866.71;23.43;5.34
04/26/2017 10:00;7.28;-1.66;157.52;1.48;867.16;32.89;6.97
04/26/2017 11:00;8.73;-1.56;165.43;1.34;867.54;46.56;7.98
04/26/2017 12:00;9.5;-1.59;160.37;1.25;867.7;35.62;6.85
04/26/2017 13:00;10.63;-1.34;159.06;1.4;867.79;39.31;6.52
04/26/2017 14:00;11.42;-1.49;161.39;1.27;867.55;36.11;6.65
04/26/2017 15:00;11.91;-1.11;167.94;1.13;867.2;37.69;6.83
04/26/2017 16:00;12.38;-1.16;158.6;1.15;866.8;34.22;7.3
04/26/2017 17:00;13.06;-1.23;184.22;0.67;866.52;34.18;7.26
04/26/2017 18:00;12.25;-1.46;174.08;0.88;866.37;32.02;7.72
04/26/2017 19:00;11.34;-1.53;172.31;0.79;866.2;32.2;8.57
04/26/2017 20:00;10.13;-1.51;161.94;0.99;866.35;29.9;8.96
04/26/2017 21:00;8.36;-1.49;158.14;0.94;866.68;28.98;9.55
04/26/2017 22:00;7.21;-1.59;162.97;0.87;867.18;27.44;8.75
04/26/2017 23:00;6.37;-1.44;165.73;0.89;867.64;24.99;7.36
04/27/2017 00:00;5.72;-1.35;160.28;1.28;867.86;17.22;6.02
04/27/2017 01:00;5.44;-1.4;162.64;1.08;868.18;13.27;5.83
04/27/2017 02:00;5.38;-1.57;163.24;0.88;868.31;12.17;6.23
04/27/2017 03:00;5.31;-1.82;160.36;1.06;868.15;12.79;6.39
04/27/2017 04:00;5.32;-1.87;160.77;0.98;867.69;12.88;6.8
04/27/2017 05:00;5.19;-1.93;158.55;1.08;867.23;12.99;7.22
04/27/2017 06:00;5.01;-2.08;163.21;0.93;867.09;13;7.05
04/27/2017 07:00;4.77;-2.06;158.84;0.78;867.4;15.69;8.3
04/27/2017 08:00;5.12;-2.08;158.06;0.7;867.75;22.51;9.7
04/27/2017 09:00;6.1;-2.11;167.39;0.81;868.06;27.12;10.43
04/27/2017 10:00;7.93;-2.12;163.93;0.95;868.13;31.2;10.33
04/27/2017 11:00;9.94;-2.27;166.56;0.88;868.02;28.1;9.53
04/27/2017 12:00;11.38;-2.37;166.94;0.88;867.74;31.51;9.13
04/27/2017 13:00;12.99;-2.08;177.86;0.61;867.09;35.45;9.74
04/27/2017 14:00;14.32;-2.1;173.2;0.68;866.38;38.63;10.08
04/27/2017 15:00;15.65;-1.7;177.66;0.62;865.82;40.68;9.35
04/27/2017 16:00;16.42;-1.03;188.31;0.36;865.2;35.05;9.2
04/27/2017 17:00;16.44;-0.66;176.61;0.49;864.88;31.22;9.08
04/27/2017 18:00;16.02;-0.3;177.49;0.41;864.47;31.32;9.32
04/27/2017 19:00;15.35;-0.05;170.61;0.53;864.19;33.4;9.66
04/27/2017 20:00;13.93;-0.02;170.56;0.54;864.06;35.71;10.26
04/27/2017 21:00;11.75;-0.28;158.94;0.97;864.28;38.73;10.8
04/27/2017 22:00;10.34;-0.43;157.64;0.85;865.2;33.62;10.84
04/27/2017 23:00;9.41;-0.39;160.38;1.07;865.61;39.37;12.01
04/28/2017 00:00;8.71;-0.37;161.92;1.33;865.67;37.82;11.25
04/28/2017 01:00;8.26;-0.26;160.25;1.4;865.67;30.71;10.67
04/28/2017 02:00;7.94;-0.2;155.13;1.01;865.36;23.28;10.18
04/28/2017 03:00;7.61;-0.3;162.9;0.85;865.23;20.35;9.98
04/28/2017 04:00;7.49;-0.26;159.74;0.82;864.78;23.01;10.35
04/28/2017 05:00;7.39;-0.15;157.86;0.74;864.73;22.29;10.57
04/28/2017 06:00;7.42;0.02;154.45;0.68;864.85;22.5;11.16
04/28/2017 07:00;7.53;0.19;157.15;0.77;864.72;24.7;12.28
04/28/2017 08:00;7.65;0.35;158.46;0.81;865.04;31.49;13.84
04/28/2017 09:00;8.92;0.77;137.02;0.66;865.35;64.7;18
04/28/2017 10:00;10.75;1.47;135.48;0.54;865.22;48.38;16.54
04/28/2017 11:00;14;2.61;154.81;0.83;864.92;48.66;18.38
04/28/2017 12:00;16.06;3.21;163.87;0.71;864.6;50.69;18.05
04/28/2017 13:00;18.06;3.86;181.99;0.48;864.03;52.44;19.75
04/28/2017 14:00;19.02;4.33;259.94;0.36;863.23;55.22;20.84
04/28/2017 15:00;20.68;4.78;275.9;0.44;862.36;64.52;23.15
04/28/2017 16:00;21.12;4.88;283.01;0.39;861.88;74.11;25.6
04/28/2017 17:00;21.09;5.01;307.06;0.7;861.43;85.39;27.37
04/28/2017 18:00;20.58;4.95;304.48;0.52;861.15;80.17;26.44
04/28/2017 19:00;20.21;4.93;310.68;0.31;860.96;78.97;26.1
04/28/2017 20:00;19.33;4.62;163.01;0.26;861.07;75.52;25.52
04/28/2017 21:00;17.63;4.09;152.23;0.54;861.28;64.69;22.65
04/28/2017 22:00;15.76;3.81;166.7;0.52;861.56;56.55;20.31
04/28/2017 23:00;14.67;3.74;158.06;1.13;861.59;54.72;20.94
04/29/2017 00:00;14.08;3.81;159.68;1.09;861.66;45.85;19.35
04/29/2017 01:00;13.88;4.11;158.31;1.22;861.57;39.13;18.37
04/29/2017 02:00;13.89;4.7;156.49;1.29;861.29;36.81;16.82
04/29/2017 03:00;14.15;5.62;155;1.13;861.06;32.9;15.57
04/29/2017 04:00;14.42;5.78;159.04;0.85;860.9;23.92;12.09
04/29/2017 05:00;14.72;5.58;155.23;0.35;860.77;30.52;13.8
04/29/2017 06:00;14.96;5.42;158.2;0.47;860.79;31.52;13.45
04/29/2017 07:00;13.54;6.78;155.74;0.73;860.64;29.11;11.81
04/29/2017 08:00;13.57;6.84;156.51;1.14;860.94;18.51;11.74
04/29/2017 09:00;14.19;7;158.3;1.01;861.57;27.16;15.72
04/29/2017 10:00;15.25;7.57;165.36;1.15;861.55;39.51;21.35
04/29/2017 11:00;16.04;7.49;161.54;1.03;861.47;35.19;19.42
04/29/2017 12:00;18;7.57;162.89;0.97;861.41;48.61;21.1
04/29/2017 13:00;20.19;7.21;181.8;0.71;860.78;59.58;15.99
04/29/2017 14:00;20.89;6.85;176.11;0.78;860.24;59.26;18.67
04/29/2017 15:00;21.45;6.74;161.38;0.89;859.62;60.28;22.81
04/29/2017 16:00;21.23;5.82;157.55;0.81;859.13;63.27;26.53
04/29/2017 17:00;20.48;5.59;137.72;0.5;858.76;77.17;31.88
04/29/2017 18:00;21.79;4.2;147.36;0.48;858.28;73.76;28.75
04/29/2017 19:00;20.95;5.35;149.27;0.51;858.31;69.84;27.13
04/29/2017 20:00;19.37;4.56;148.97;0.66;858.19;54.85;25.27
04/29/2017 21:00;17.85;4.72;159.37;0.84;858.46;53.32;23.95
04/29/2017 22:00;16.43;4.93;160.84;0.84;859.03;58.66;23.35
04/29/2017 23:00;15.37;5.19;162.41;1.26;859.43;42.65;20.52
04/30/2017 00:00;14.89;5.27;162.46;1;859.56;31.62;17.79
04/30/2017 01:00;14.91;5.44;158.96;0.6;859.63;31.73;18.31
04/30/2017 02:00;14.18;5.98;145.71;0.13;860.02;34.03;19.63
04/30/2017 03:00;13.65;6.57;154.96;0.36;859.75;31.78;20.87
04/30/2017 04:00;13.54;6.56;161.64;0.91;859.65;31.32;20.97
04/30/2017 05:00;13.18;6.69;158.3;0.97;859.69;30.65;21.52
04/30/2017 06:00;12.66;6.6;164.71;0.65;859.94;31.49;22.03
04/30/2017 07:00;12.35;6.53;147.88;0.46;860.4;37.32;24.06
04/30/2017 08:00;12.97;6.5;154.69;0.42;860.89;51.11;26.01
04/30/2017 09:00;14.15;6.41;158.06;0.78;861.04;41.93;24.87
04/30/2017 10:00;16.52;6.05;152.91;0.55;861.04;71.28;26.34
04/30/2017 11:00;18.93;4.81;123.97;0.32;860.96;59.87;23.77
04/30/2017 12:00;20.62;4.14;323.1;0.22;860.95;89.39;28.56
04/30/2017 13:00;21.07;4.86;306.24;0.64;860.98;99.27;32.67
04/30/2017 14:00;22.2;4.19;305.72;0.57;860.6;92.51;29.67
04/30/2017 15:00;23.37;1.51;325.86;0.54;860.16;162.5;30.98
04/30/2017 16:00;24.64;-3.56;31.92;0.41;860.02;161.22;28.49
04/30/2017 17:00;23.21;-1.79;312.31;0.71;859.81;115.88;27.66
04/30/2017 18:00;24;-2.85;53.06;0.48;859.58;137.27;30
04/30/2017 19:00;23.4;-3.04;351.4;0.48;859.38;108.61;29.05
04/30/2017 20:00;22.54;-2.16;21.06;0.2;859.32;108.25;30.84
04/30/2017 21:00;21.31;-1.8;14.59;0.28;859.44;115.5;32.96
04/30/2017 22:00;20.03;-1.79;95.35;0.28;859.98;118.17;32.01
04/30/2017 23:00;17.61;-0.76;119.13;0.55;860.59;116.05;34.78
05/01/2017 00:00;16.6;0;126.99;0.27;860.61;116.58;36.01
05/01/2017 01:00;16.28;-0.2;157.54;0.26;860.61;95.48;32.96
05/01/2017 02:00;15.86;-0.6;160.57;0.5;860.45;81.76;31.24
05/01/2017 03:00;15.28;-0.86;160.62;0.28;860.28;83.2;30.42
05/01/2017 04:00;15.42;-0.38;158.7;0.78;860.23;78.91;28.18
05/01/2017 05:00;15.19;0.25;156.28;0.46;860.18;66.02;26.15
05/01/2017 06:00;14.45;0.65;146.95;0.63;860.28;67.35;26.33
05/01/2017 07:00;14.57;1.31;161.48;0.59;860.38;60.51;25.08
05/01/2017 08:00;15.1;2.29;159.13;0.72;860.95;79.77;25.83
05/01/2017 09:00;16.24;3.2;159.53;0.81;861.3;60.86;24.72
05/01/2017 10:00;18.58;3.82;156.59;0.68;861.43;62.09;23.93
05/01/2017 11:00;20.79;3.62;157.19;0.79;861.23;61.12;22.84
05/01/2017 12:00;22.09;3.54;193.3;0.39;860.95;68.48;23.41
05/01/2017 13:00;24.28;1.7;236.13;0.25;860.63;87.89;26.07
05/01/2017 14:00;24.71;0.35;82.26;0.28;860.39;103.05;28.7
05/01/2017 15:00;25.4;0.08;333.64;0.26;860.26;121.81;32.77
05/01/2017 16:00;25;0.18;313.77;0.29;859.99;132.57;33.03
05/01/2017 17:00;24.11;0.1;317.32;0.29;859.8;144.87;35.69
05/01/2017 18:00;23.89;-1.92;108.93;0.39;859.92;113.48;30
05/01/2017 19:00;21.79;0.56;163.5;0.69;860.28;113.53;26.35
05/01/2017 20:00;19.76;1.37;157.84;1.32;860.57;82.83;19.42
05/01/2017 21:00;18.41;2.32;158.67;0.94;860.71;40.73;14.64
05/01/2017 22:00;18.72;2.38;155.49;0.56;861.34;48.03;19.31
05/01/2017 23:00;18.47;1.9;155.5;0.52;861.72;50.56;19.63
05/02/2017 00:00;18.11;1.67;154.71;0.46;861.51;48.38;18.9
05/02/2017 01:00;17.61;2.17;160.74;0.34;861.3;53.66;21.45
05/02/2017 02:00;17.66;1.96;142.16;0.32;861.42;57.37;22.71
05/02/2017 03:00;17.66;1.44;158.03;0.31;861.05;70.77;26.88
05/02/2017 04:00;16.69;2.2;125.17;0.35;861.25;55.81;24
05/02/2017 05:00;15.47;2.59;136.47;0.38;860.9;50.03;22.6
05/02/2017 06:00;14.96;2.64;141.21;0.6;860.71;51.83;22.81
05/02/2017 07:00;14.32;3.05;138.28;0.62;861.02;59.63;25.67
05/02/2017 08:00;14.96;3.21;137.52;0.51;861.81;71.01;27.62
05/02/2017 09:00;15.97;3.14;124.28;0.59;862.2;110.75;31.49
05/02/2017 10:00;16.59;3.17;143.25;0.44;862.59;91.42;31.18
05/02/2017 11:00;17.18;3.79;313.3;0.04;863.07;127.25;39.92
05/02/2017 12:00;16.5;5.27;302.49;0.4;862.69;142.61;51.89
05/02/2017 13:00;16.14;6.3;298.07;0.28;862.32;106.74;42.1
05/02/2017 14:00;15.12;7.99;92.54;0.27;862.76;91.08;41.73
05/02/2017 15:00;16.66;9.23;203.28;0.14;861.55;83.98;42.68
05/02/2017 16:00;20;6.53;160.79;0.39;860.43;71.47;27.06
05/02/2017 17:00;19.3;7.02;107.66;0.58;860.34;75.51;32.42
05/02/2017 18:00;16.65;10.36;76.81;0.26;861.22;66.19;37.73
05/02/2017 19:00;14.98;11.21;352.22;0.28;861.37;55.71;39.25
05/02/2017 20:00;14.6;11.22;307.14;0.31;860.88;55.88;39.61
05/02/2017 21:00;14.29;10.65;354.27;0.22;860.59;48.09;33.95
05/02/2017 22:00;14.21;10.61;291.64;0.19;860.38;55.56;37.82
05/02/2017 23:00;13.46;10.41;338.68;0.07;860.42;90.9;62.62
05/03/2017 00:00;12.72;9.8;111.74;0.72;860.31;49.1;34.82
05/03/2017 01:00;12.42;9.62;106.03;0.24;859.9;56.99;39.72
05/03/2017 02:00;12.9;8.95;134.27;0.22;859.26;35.92;25.29
05/03/2017 03:00;12.84;8.6;108.71;0.37;859.68;25.74;18.39
05/03/2017 04:00;10.85;7.7;96.92;0.36;860.75;7.4;5.38
05/03/2017 05:00;10.48;7.76;220.94;0.09;859.75;5.69;4.27
05/03/2017 06:00;10.69;8;153.17;0.1;859.18;6.54;5.09
05/03/2017 07:00;11.01;7.59;166.55;0.18;858.73;9.26;7.29
05/03/2017 08:00;11.72;7.47;139.6;0.28;858.68;16.1;10.27
05/03/2017 09:00;12.81;7.18;141.97;0.4;859.23;26.67;11.38
05/03/2017 10:00;14.69;6.73;121.07;0.49;859.22;27.26;10.37
05/03/2017 11:00;15.74;6.55;332.43;0.34;859.2;61.94;22.8
05/03/2017 12:00;16.36;6.69;325.25;0.34;859.17;84.35;31.71
05/03/2017 13:00;17.03;6.84;298.49;0.3;859.11;74.32;32.65
05/03/2017 14:00;16.8;7.47;355.62;0.07;858.83;73.23;31.21
05/03/2017 15:00;18.83;6.84;101.01;0.14;858.41;53.54;26.6
05/03/2017 16:00;20.63;5.58;310.93;0.34;858.09;53.44;19.94
05/03/2017 17:00;21.25;5;305.56;0.3;857.43;51.14;17.15
05/03/2017 18:00;21.82;1.6;91.53;0.55;857.1;52.23;14.66
05/03/2017 19:00;19.86;1.33;106.57;1.46;856.99;40.8;12.53
05/03/2017 20:00;17.93;1.07;107.59;1.59;856.69;40.62;9.97
05/03/2017 21:00;17.46;0.58;104.97;1.02;856.63;28.25;10.66
05/03/2017 22:00;16.91;0.93;99.91;0.48;857.29;57.01;14.37
05/03/2017 23:00;14.15;4.21;300.32;0.46;858.74;81.2;18.17
05/04/2017 00:00;13.58;3.91;354.27;0.13;858.83;42.87;12.03
05/04/2017 01:00;13.24;3.47;110.06;0.48;858.45;54.57;13.74
05/04/2017 02:00;13.09;3.15;108.57;0.39;858.1;30.54;8.44
05/04/2017 03:00;12.53;3.05;98.35;0.18;857.74;14.07;6
05/04/2017 04:00;11.93;3.28;337.07;0.12;857.45;23.29;12.28
05/04/2017 05:00;11.16;3.5;118.3;0.07;857.16;23.87;12.63
05/04/2017 06:00;10.16;3.17;115.82;0.16;857.06;27.75;13.98
05/04/2017 07:00;9.82;3.01;139.72;0.06;857.05;62.5;20.53
05/04/2017 08:00;11.01;2.33;140.83;0.27;857.22;91.26;26.06
05/04/2017 09:00;12.76;2.19;131.42;0.37;857.37;51.85;21.26
05/04/2017 10:00;14.75;2.64;294.95;0.15;857.34;39.29;15.71
05/04/2017 11:00;16.75;3.12;290.34;0.46;857.47;50.3;17.91
05/04/2017 12:00;17.95;3.83;297.49;0.5;857.52;49.68;18.14
05/04/2017 13:00;19.08;4.29;300.09;0.52;857.2;51.16;18.83
05/04/2017 14:00;19.84;3.58;319.41;0.48;856.85;59.97;18.62
05/04/2017 15:00;20.94;3.08;337.22;0.38;856.63;75.75;20.76
05/04/2017 16:00;22.19;-0.72;349.63;0.37;856.43;72.19;15.13
05/04/2017 17:00;22.72;-2.96;45.62;0.44;856.35;48.68;11.87
05/04/2017 18:00;22.07;-2.04;357.47;0.42;856.11;38.3;10.96
05/04/2017 19:00;21.31;-0.3;327.8;0.34;855.85;35.4;12.05
05/04/2017 20:00;20.9;0.87;313.92;0.41;856.1;39.81;13.68
05/04/2017 21:00;19.47;1.98;331.98;0.28;856.66;52.9;16.76
05/04/2017 22:00;18.5;2.4;307.65;0.13;857.3;51.16;17.42
05/04/2017 23:00;16.71;3.02;108.47;0.89;857.93;64.76;23.2
05/05/2017 00:00;16.61;3.34;107.84;0.67;858.1;39.4;17.57
05/05/2017 01:00;16.88;4.43;105.13;0.51;858.19;31.73;17.64
05/05/2017 02:00;15.87;4.37;101.29;0.24;858.33;33.5;19.5
05/05/2017 03:00;15.46;4.51;14.99;0.08;858.1;41.66;24.84
05/05/2017 04:00;15.35;3.69;332.01;0.12;858.19;30.39;19.01
05/05/2017 05:00;14.66;2.59;31.72;0.08;858.15;26.33;15.91
05/05/2017 06:00;13.75;3.55;108.89;0;858.22;35.73;18.87
05/05/2017 07:00;13.18;3.09;17.73;0.01;858.57;71.55;24.94
05/05/2017 08:00;13.71;3.05;29.83;0.06;858.89;67.11;24.08
05/05/2017 09:00;14.96;4.17;355.12;0.16;859.07;48.99;22.93
05/05/2017 10:00;16.81;3.55;17.6;0.06;859.28;36.98;18.56
05/05/2017 11:00;18.46;3.77;296.54;0.49;859.33;44.29;18.83
05/05/2017 12:00;19.36;3.52;312.74;0.36;859.45;39.94;16.29
05/05/2017 13:00;20.5;3.04;302.64;0.42;859.02;40.63;15.57
05/05/2017 14:00;21.64;1.61;300.27;0.61;858.31;41.42;13.77
05/05/2017 15:00;23.07;-0.67;351.34;0.35;857.62;52.16;12.87
05/05/2017 16:00;23.56;-1.54;5.3;0.22;857.18;39.66;10.91
05/05/2017 17:00;23.32;-1.93;324.46;0.3;856.57;39.05;10.64
05/05/2017 18:00;23.09;-1.5;10.03;0.21;856.09;26.45;9.8
05/05/2017 19:00;22.15;-0.97;321.86;0.3;855.73;34.33;12.18
05/05/2017 20:00;19.91;1.63;109.67;1.01;855.96;50.57;13.66
05/05/2017 21:00;19.07;1.77;107.05;0.91;856.06;26.48;11.29
05/05/2017 22:00;19.09;2.27;52.41;0.32;856.65;42.8;14.13
05/05/2017 23:00;18.14;3.65;310.27;0.25;857.21;49.45;18.57
05/06/2017 00:00;17.42;3.87;300.79;0.2;857.38;27.12;13.11
05/06/2017 01:00;16.22;4.68;288.22;0.15;857.66;30.92;13.63
05/06/2017 02:00;14.79;5.72;327.01;0.4;857.93;14.3;8.66
05/06/2017 03:00;14.45;5.84;225.47;0.1;857.5;13.53;9.15
05/06/2017 04:00;14.12;6.2;154.54;0.35;857.33;14.18;10.1
05/06/2017 05:00;13.67;5.98;134.03;0.28;857.22;12.7;9.3
05/06/2017 06:00;13.75;5.58;138.24;0.32;857.28;12.86;9.01
05/06/2017 07:00;13.46;6.09;137.62;0.45;857.48;42.56;13.41
05/06/2017 08:00;13.82;6.06;137.97;0.4;857.78;33.47;14.47
05/06/2017 09:00;14.77;6.26;155.89;0.44;858.07;30.08;14.12
05/06/2017 10:00;16.49;6.06;149.04;0.54;858.45;35.84;17.53
05/06/2017 11:00;18.77;5.49;85.47;0.06;858.59;50.32;18.14
05/06/2017 12:00;19.87;5.45;25.48;0.14;858.52;61.16;23.23
05/06/2017 13:00;21.09;4.03;321.89;0.36;858.18;65.8;18.75
05/06/2017 14:00;22.9;0.39;30.47;0.55;857.75;135.78;19.86
05/06/2017 15:00;23.2;0.42;59.54;0.48;857.3;124.63;17.96
05/06/2017 16:00;23.72;0.04;66.56;0.48;856.7;66;13.81
05/06/2017 17:00;23.43;0.59;95.05;0.86;856.39;69.98;14.89
05/06/2017 18:00;23.39;0.74;90.3;0.84;856.17;67.07;12.9
05/06/2017 19:00;22.54;1.75;75.48;0.66;856.1;69.75;13.13
05/06/2017 20:00;21.33;2.71;60.79;0.57;856.48;64.16;13.76
05/06/2017 21:00;20.35;3.19;50.38;0.38;857.02;48.96;14.99
05/06/2017 22:00;16;8.13;323.37;0.5;858.21;55.1;17.69
05/06/2017 23:00;14.23;9.55;108.93;0.52;858.97;26.03;17.32
05/07/2017 00:00;13.38;10.35;100.64;0.24;859.17;22.85;17.77
05/07/2017 01:00;13.18;9.68;89.02;0.09;859.05;19.75;15.88
05/07/2017 02:00;12.99;9.67;165.43;0.04;858.63;19.26;15.91
05/07/2017 03:00;13.11;9.05;161.22;0.09;858.52;19.25;16.17
05/07/2017 04:00;12.92;9.33;150.96;0.02;858.43;21.64;17.19
05/07/2017 05:00;13.07;9.26;207.85;0.02;858.3;22.18;18.31
05/07/2017 06:00;13.09;8.72;20.14;0.06;858.21;25.39;19.71
05/07/2017 07:00;12.58;8.51;102.87;0.01;858.16;38.11;25.85
05/07/2017 08:00;13.48;8.08;307.86;0.13;858.41;53.55;29.19
05/07/2017 09:00;14.76;6.87;302.64;0.28;858.72;55.69;24.63
05/07/2017 10:00;16.38;6.79;296.47;0.38;858.75;49.98;22.56
05/07/2017 11:00;18.4;6.71;314.73;0.38;858.92;51.02;23.97
05/07/2017 12:00;19.6;6.47;315.87;0.49;858.64;51.08;22.55
05/07/2017 13:00;21.38;4.2;320.48;0.48;858.3;56.16;17.05
05/07/2017 14:00;22.22;3.94;345.64;0.44;857.8;76.23;17.4
05/07/2017 15:00;23.36;2.08;88.51;0.71;857.26;76.73;15.05
05/07/2017 16:00;22.89;0.65;98.92;1.07;856.75;38.29;11.17
05/07/2017 17:00;23.02;0.29;102.15;1.4;856.33;48.52;12.38
05/07/2017 18:00;22.87;0.27;83.69;0.89;856.18;52.67;12.86
05/07/2017 19:00;21.68;0.32;96.97;1.06;856.23;60.15;13.61
05/07/2017 20:00;21.23;0.81;82.2;0.81;856.39;60.4;14.11
05/07/2017 21:00;19.85;1.53;95.46;0.6;856.53;36.52;12.36
05/07/2017 22:00;19.03;1.55;78.89;0.43;856.98;39.53;14.79
05/07/2017 23:00;18.13;2.61;30.89;0.11;857.34;61.39;23.5
05/08/2017 00:00;17.19;3.62;6.47;0.14;857.32;61.13;25.96
05/08/2017 01:00;16.07;4.61;301.66;0.21;857.17;43.41;23.72
05/08/2017 02:00;15.35;4.97;11.81;0.09;856.71;40.79;25.84
05/08/2017 03:00;15.27;5.07;348.5;0.09;856.49;44.37;25.17
05/08/2017 04:00;14.9;5.47;4.32;0.16;856.56;31.52;21.32
05/08/2017 05:00;13.79;5.32;110.58;0.24;856.15;27.3;16.6
05/08/2017 06:00;12.75;5.23;134.43;0.04;855.94;33.57;16.97
05/08/2017 07:00;12.64;5.15;113.4;0.2;855.68;55;23.6
05/08/2017 08:00;14.24;4.77;115.44;0.15;855.75;66;25.11
05/08/2017 09:00;15.9;4.94;300.48;0.25;855.91;72.37;27.92
05/08/2017 10:00;18.54;3.56;344.16;0.25;855.93;76.64;21.31
05/08/2017 11:00;21.8;0.15;52.57;0.6;856.29;184.06;26.37
05/08/2017 12:00;22.8;-1.24;85.07;0.97;856.31;176.05;27.72
05/08/2017 13:00;24.31;-2.44;68.09;0.74;856.18;159.51;22.71
05/08/2017 14:00;24.81;-3.6;16.66;0.68;855.88;135.15;18.43
05/08/2017 15:00;25.52;-4.63;61.81;0.85;855.48;256.83;44.45
05/08/2017 16:00;25.25;-5.13;18.56;0.99;855.35;255.19;40.14
05/08/2017 17:00;25.23;-3.48;102.71;1.47;855.25;119.06;17.44
05/08/2017 18:00;24.5;-2.5;97.26;1.28;855.28;123.23;18.16
05/08/2017 19:00;23.52;-1.36;99.69;1.07;855.56;84.4;17.38
05/08/2017 20:00;22.34;-0.76;98.48;0.91;856.03;73.84;16.87
05/08/2017 21:00;20.89;0.01;104.28;1.18;856.37;55.86;15.88
05/08/2017 22:00;19.84;-0.05;105.94;0.99;857.05;52.12;16.57
05/08/2017 23:00;19.07;-0.3;111.04;1.45;857.78;40.42;14.05
05/09/2017 00:00;18.45;-0.55;110.68;1.03;858.17;34.97;12.88
05/09/2017 01:00;17.76;0.49;80.49;0.36;858.22;40.38;14.64
05/09/2017 02:00;16.83;1.37;351.88;0.22;858.7;54.82;20.47
05/09/2017 03:00;15.31;2.58;283;0.24;858.53;58.11;24.76
05/09/2017 04:00;15.77;1.68;44.04;0.27;858.34;47.77;18.04
05/09/2017 05:00;15.66;1.12;105.63;0.53;858.15;40.91;16.25
05/09/2017 06:00;15.51;0.94;98.77;0.31;858.25;40.43;15.61
05/09/2017 07:00;15.01;1.14;25.17;0.17;858.46;72.34;21.84
05/09/2017 08:00;14.57;2.5;357.11;0.27;859.01;94.96;36.61
05/09/2017 09:00;15.86;2.7;308.03;0.28;859.31;89.89;36.92
05/09/2017 10:00;17.62;3.18;314.18;0.39;859.25;99.4;34.43
05/09/2017 11:00;20.82;1.1;338.25;0.49;859.15;85.75;17.06
05/09/2017 12:00;22.63;-1.36;19.2;0.61;859.16;103.59;17.42
05/09/2017 13:00;23.78;-1.31;18.25;0.65;859;110.67;17.4
05/09/2017 14:00;24.48;-0.8;3.56;0.73;859.14;90.02;15.27
05/09/2017 15:00;24.91;0.15;339.24;0.51;859.22;95;15.56
05/09/2017 16:00;25.31;0.87;0.36;0.53;858.99;62.62;13.59
05/09/2017 17:00;26.03;1.02;29.73;0.46;858.57;69.69;14.39
05/09/2017 18:00;26.3;0.7;24.7;0.54;858.48;66.11;13.56
05/09/2017 19:00;25.06;0.47;49.41;0.53;858.58;46.23;12.1
05/09/2017 20:00;23.78;2.53;97.92;0.69;858.85;43.34;14.23
05/09/2017 21:00;22.7;3.18;83.64;0.38;859.19;55.25;17.27
05/09/2017 22:00;21.69;4.18;17.48;0.26;859.74;65.27;21.11
05/09/2017 23:00;20.65;4.94;110.53;1.22;860.14;45.43;16.87
05/10/2017 00:00;20.06;5.18;109.14;0.75;860.5;37.57;16.39
05/10/2017 01:00;19.37;5.29;94.56;0.4;860.71;41.31;17.57
05/10/2017 02:00;18.85;5.04;103.46;0.55;860.96;39.52;16.88
05/10/2017 03:00;18.26;4.85;57.48;0.21;860.8;45.01;17.14
05/10/2017 04:00;17.04;5.13;31.9;0.16;860.46;53.71;23.18
05/10/2017 05:00;16.24;4.77;1.53;0.04;860.58;43.77;21.07
05/10/2017 06:00;15.23;4.12;114.79;0.29;860.49;39.67;18.19
05/10/2017 07:00;14.69;4.75;174.11;0.02;860.62;63.68;23.42
05/10/2017 08:00;15.98;4.69;152.84;0.2;860.88;74.09;25.37
05/10/2017 09:00;17.69;4.27;135.39;0.13;861.19;67.75;26.34
05/10/2017 10:00;19.64;4.24;343.13;0.34;861.21;66.71;21
05/10/2017 11:00;21.22;4.55;321.35;0.33;861.08;69.18;21.33
05/10/2017 12:00;22.77;4.89;313.74;0.38;860.88;82.55;21.29
05/10/2017 13:00;25.16;2.1;353.73;0.47;860.38;112.13;23.34
05/10/2017 14:00;26.43;0.47;354.29;0.35;859.97;114.65;23.45
05/10/2017 15:00;26.76;-0.21;8.54;0.41;859.57;130.61;24.95
05/10/2017 16:00;27.13;-1.05;359.63;0.53;859.15;122.02;23.62
05/10/2017 17:00;27.65;-0.92;16.41;0.51;858.44;105.65;20.6
05/10/2017 18:00;27.93;-1.36;64.37;0.63;857.95;77.21;17.69
05/10/2017 19:00;27.01;-1.26;85.98;0.83;857.63;78.53;16.99
05/10/2017 20:00;25.8;-0.53;104.06;0.89;857.7;94.15;18.86
05/10/2017 21:00;24.05;1.18;109.83;1.1;858.08;86.32;20.07
05/10/2017 22:00;23.2;2.62;98.25;0.59;858.67;70.67;20.8
05/10/2017 23:00;22.48;3.66;101.08;0.51;858.83;64.42;20.73
05/11/2017 00:00;21.6;4.14;28.63;0.12;858.66;70.28;22.33
05/11/2017 01:00;20.91;4.17;16.88;0.17;858.52;72.48;23.91
05/11/2017 02:00;20.17;4.72;0.42;0.11;858.4;69.64;25.71
05/11/2017 03:00;19.38;4.76;25.96;0.09;858.06;69.33;24.98
05/11/2017 04:00;18.88;4.75;90.57;0.05;857.74;65.3;25.72
05/11/2017 05:00;17.79;5.04;113.82;0.29;857.75;75.19;29.97
05/11/2017 06:00;16.79;5.1;117.29;0.19;857.87;74.22;30.08
05/11/2017 07:00;16.98;4.74;145.81;0.08;858.22;103.93;35.3
05/11/2017 08:00;18.94;3.66;148.79;0.21;858.37;158.02;34.93
05/11/2017 09:00;20.83;3.69;146.73;0.32;858.54;161.61;41.01
05/11/2017 10:00;22.95;3.28;152.26;0.5;858.69;150.53;38.41
05/11/2017 11:00;25.28;3.06;127.15;0.1;858.68;173.34;41.5
05/11/2017 12:00;26.75;3.02;303.35;0.39;858.57;194.09;43.63
05/11/2017 13:00;27.95;1.96;15.71;0.37;858.18;286.43;59.44
05/11/2017 14:00;29.01;0.6;87.48;0.75;857.5;247.64;53.16
05/11/2017 15:00;28.92;0.01;95.73;0.98;857.09;205.94;45.77
05/11/2017 16:00;29;0.37;103.84;1.06;856.47;172.71;38.57
05/11/2017 17:00;28.81;1.54;39.96;0.62;856.07;279.87;53.7
05/11/2017 18:00;28.06;2.45;55.34;0.53;856.39;239.97;55.53
05/11/2017 19:00;27.2;2.05;41.61;0.64;856.39;244.5;60.56
05/11/2017 20:00;26.1;2.15;20.54;0.4;856.3;221.88;57.85
05/11/2017 21:00;25.17;2.41;57.15;0.28;856.48;189.76;49.93
05/11/2017 22:00;23.66;3.14;108.74;0.66;857;177.55;49.22
05/11/2017 23:00;22.75;4.03;104.04;0.41;857.22;149.51;42.15
05/12/2017 00:00;22.75;3.57;106.63;0.87;857.12;126.36;39.05
05/12/2017 01:00;21;4.03;107.68;1.1;857.02;78.1;30.96
05/12/2017 02:00;21.36;3.58;99.58;0.33;857.53;136.5;43.09
05/12/2017 03:00;20.38;3.44;115.44;0.22;857.39;147.85;45.6
05/12/2017 04:00;19.31;5.65;165.75;0.39;857.17;111.74;39.43
05/12/2017 05:00;17.83;7.02;158.9;0.26;857.17;74.75;30.03
05/12/2017 06:00;17.23;7.13;154.01;0.36;857.67;68.22;27.15
05/12/2017 07:00;16.62;7.2;152.83;0.49;858.27;63.28;25.2
05/12/2017 08:00;16.72;7.15;153.19;0.36;858.99;63.35;23.89
05/12/2017 09:00;17.43;7.01;154.51;0.45;859.38;68.51;22.47
05/12/2017 10:00;19.17;7.17;156.75;0.53;859.78;78.91;24.11
05/12/2017 11:00;19.74;6.47;298.13;0.38;860.42;107.29;27.28
05/12/2017 12:00;20.51;6.01;181.04;0.24;859.99;128.12;30.92
05/12/2017 13:00;22.54;6.99;167.86;0.77;858.79;114.9;28.03
05/12/2017 14:00;23.83;5.42;174.31;0.47;858.17;112.21;30.15
05/12/2017 15:00;23.99;6.58;157.46;1.07;857.9;124.37;32.64
05/12/2017 16:00;24.23;5.32;157.66;1.05;857.35;109.16;29.8
05/12/2017 17:00;24.34;5.44;159.14;0.91;857.06;98.42;27.47
05/12/2017 18:00;21.96;5.71;160.92;1.09;856.98;117.97;27.48
05/12/2017 19:00;19.57;7.13;162.86;1.2;857.38;71.56;19.65
05/12/2017 20:00;18.1;6.94;165.06;0.97;857.9;50.66;17.21
05/12/2017 21:00;17;6.32;164.1;0.93;858.63;43.97;15.63
05/12/2017 22:00;16.03;6.48;162.08;0.73;859.08;41.8;13.55
05/12/2017 23:00;15.56;6.5;158.94;0.53;859.51;28.06;11.13
05/13/2017 00:00;14.63;6.8;156.29;0.49;859.59;23.89;10.06
05/13/2017 01:00;14.31;6.58;162.45;0.65;859.65;21.62;9.84
05/13/2017 02:00;14.23;6.31;165.42;0.7;859.47;31.44;11.82
05/13/2017 03:00;13.85;6.19;161.71;1.1;859.19;37.78;12.69
05/13/2017 04:00;13.55;6.02;160.05;1.27;859.09;26.4;10.66
05/13/2017 05:00;13.05;5.96;162.73;1;859.57;16.49;9.25
05/13/2017 06:00;12.67;5.95;162.17;0.89;859.89;14.91;9.16
05/13/2017 07:00;12.45;6.01;162.73;0.85;860.13;18.2;9.78
05/13/2017 08:00;12.83;6.2;160.4;0.47;860.23;22.58;11.55
05/13/2017 09:00;14.16;6.41;149.1;0.61;860.58;24.53;11.64
05/13/2017 10:00;16.29;6.59;158.48;0.7;860.54;25.51;11.34
05/13/2017 11:00;19.09;6.72;142.41;0.42;860.55;44.2;13.88
05/13/2017 12:00;20.14;6.36;129.8;0.11;860.45;36.49;13.52
05/13/2017 13:00;21.73;6.12;0.19;0.22;860.07;50.09;17.43
05/13/2017 14:00;22.85;5.89;344.75;0.21;859.57;68.11;20.71
05/13/2017 15:00;23.11;5.01;339.27;0.2;859.12;69.08;19.29
05/13/2017 16:00;22.79;4.36;347.69;0.24;858.65;66.88;18.65
05/13/2017 17:00;23.81;2.67;359.89;0.23;858.37;82.51;21.67
05/13/2017 18:00;24.14;2.4;344.29;0.32;858.44;78.57;18.54
05/13/2017 19:00;23.82;2.01;27.53;0.21;858.17;67.2;17.12
05/13/2017 20:00;23.17;-0.61;20.46;0.18;858.05;58.22;15.22
05/13/2017 21:00;22.08;-1.76;50.59;0.08;858.27;62.06;15.54
05/13/2017 22:00;19.89;2.61;116.69;0.46;858.67;91.32;25.38
05/13/2017 23:00;18.45;6.86;140.04;0.4;859.12;31.64;13.43
05/14/2017 00:00;17.74;7.07;160.03;0.39;859.12;27.09;14.43
05/14/2017 01:00;17.2;7.14;157.6;0.3;858.92;28.77;14.69
05/14/2017 02:00;16.74;7.16;147.39;0.33;858.89;27.18;13.03
05/14/2017 03:00;16.21;7.14;144.07;0.38;858.99;24.82;13.2
05/14/2017 04:00;15.94;7.16;144.39;0.47;858.55;25.56;13.63
05/14/2017 05:00;15.53;7.16;145.04;0.31;858.34;27.32;14.89
05/14/2017 06:00;15.2;7.08;146.11;0.2;858.14;32.52;14.79
05/14/2017 07:00;14.72;7.16;132.01;0.24;858.26;32.08;14.9
05/14/2017 08:00;15.31;7.38;134.73;0.31;858.52;43.95;17.87
05/14/2017 09:00;16.83;7.47;139.01;0.35;858.85;51.89;19.02
05/14/2017 10:00;18.76;7.32;153.79;0.7;858.93;40.97;16.12
05/14/2017 11:00;21.95;6.42;132.94;0.36;858.84;54.18;16.66
05/14/2017 12:00;23.51;5.28;337.07;0.22;858.71;75.92;18.79
05/14/2017 13:00;24.64;5.71;306.59;0.38;858.25;84.41;21.13
05/14/2017 14:00;25.79;3.7;340.16;0.36;857.75;82.51;15.78
05/14/2017 15:00;26.77;2.62;13.81;0.31;857.35;80.17;15.99
05/14/2017 16:00;27.38;1.98;343.4;0.37;856.87;90.18;15.13
05/14/2017 17:00;27.95;-0.26;54.47;0.46;856.19;90.56;14.41
05/14/2017 18:00;27.97;-2.83;69.4;0.6;855.7;75.61;17.07
05/14/2017 19:00;27.36;-1.86;61.01;0.37;855.31;84.29;22.38
05/14/2017 20:00;26.74;-0.49;52.16;0.41;854.94;78.87;20.66
05/14/2017 21:00;25.72;0.36;31.6;0.36;854.91;77.53;19.48
05/14/2017 22:00;24.31;2.29;357.39;0.19;855.36;95.17;21.71
05/14/2017 23:00;22.56;3.63;124.6;0.3;855.71;51.08;16.23
05/15/2017 00:00;21.4;4.55;21.63;0.16;856.13;157.86;31.83
05/15/2017 01:00;19.11;6.09;335.34;0.45;856.85;98.36;20.49
05/15/2017 02:00;18.35;6.88;335.36;0.12;857;35.66;13.86
05/15/2017 03:00;16.6;7.56;288.88;0.44;856.87;32.02;12.33
05/15/2017 04:00;16.08;7.42;321.69;0.38;856.96;21.51;9.64
05/15/2017 05:00;15.79;7.07;295.47;0.3;857.17;18.79;8.13
05/15/2017 06:00;15;7.34;302.1;0.62;858.3;39.18;9.82
05/15/2017 07:00;12.19;9.12;293.76;0.4;858.57;5.98;4.41
05/15/2017 08:00;12.04;9.1;300.72;0.19;859.87;8.34;5.93
05/15/2017 09:00;12.22;9.21;126.03;0.73;858.6;9.32;6.69
05/15/2017 10:00;14.99;9.98;152.93;0.33;857.4;19.91;9.65
05/15/2017 11:00;18.95;9.55;353.57;0.35;857.07;46.3;15.03
05/15/2017 12:00;20.08;8.1;350.21;0.37;856.83;42.67;14.49
05/15/2017 13:00;20.75;7.16;300.38;0.26;856.2;62.28;19.03
05/15/2017 14:00;20.12;8.24;291.14;0.56;855.93;68.98;21.55
05/15/2017 15:00;19.54;7.15;318.57;0.54;855.53;46.32;12.84
05/15/2017 16:00;21.1;6.91;297.12;0.4;853.86;31.78;10.7
05/15/2017 17:00;21.83;7.28;316.02;0.51;853.55;79.76;17.45
05/15/2017 18:00;19.96;7.92;346.58;0.63;853.66;66.43;13.24
05/15/2017 19:00;18.01;7.73;323.05;0.54;854.69;52.08;11.15
05/15/2017 20:00;15.87;7.72;292.1;0.63;856;38.41;10.99
05/15/2017 21:00;15.09;6.83;317.89;0.36;856.79;24.8;7.63
05/15/2017 22:00;14.61;5.51;317.56;0.42;857.46;17.71;5.66
05/15/2017 23:00;14.15;5.13;288.75;0.34;858.09;15.67;5.7
05/16/2017 00:00;13.83;4.39;294.97;0.19;857.81;12.45;5.43
05/16/2017 01:00;13.87;4.72;266.77;0.21;857.6;11.79;5.84
05/16/2017 02:00;13.62;5.24;296.69;0.09;857.47;11.73;6.76
05/16/2017 03:00;13.94;5.11;132.38;0.23;856.64;13.22;6.96
05/16/2017 04:00;13.46;5.98;289.92;0.24;856.47;11.09;6.4
05/16/2017 05:00;13.28;6.06;282.38;0.26;856.53;9.65;6.47
05/16/2017 06:00;12.74;6.01;293.31;0.32;856.72;10.41;6.23
05/16/2017 07:00;12.24;5.8;302.14;0.16;856.8;18.82;7.71
05/16/2017 08:00;12.55;5.91;311.26;0.27;857.2;25.47;8.54
05/16/2017 09:00;13;6.07;306.76;0.29;857.34;30.49;9.67
05/16/2017 10:00;14.59;6.33;328.08;0.27;857.62;27.05;9.36
05/16/2017 11:00;16.62;6.6;296.11;0.41;857.66;32.63;11.44
05/16/2017 12:00;18.22;6.08;317.07;0.33;857.48;44.07;12.82
05/16/2017 13:00;19.35;5.98;312.55;0.37;857.21;35.97;10.58
05/16/2017 14:00;20.37;5.1;294.16;0.45;856.78;39.9;11.21
05/16/2017 15:00;21.34;5.41;289.28;0.4;856.38;51.46;13.39
05/16/2017 16:00;21.7;5.19;319.02;0.27;856.09;47.76;12.3
05/16/2017 17:00;22.92;4.74;327.45;0.31;855.66;56.48;12.09
05/16/2017 18:00;22.81;4.65;306.31;0.33;855.17;42.3;10.46
05/16/2017 19:00;21.99;4.87;306.42;0.36;854.97;45.98;10.92
05/16/2017 20:00;20.82;6;337.86;0.4;855.1;36.52;8.87
05/16/2017 21:00;19.2;7.16;318.33;0.25;855.56;40.27;9.54
05/16/2017 22:00;17.95;7.06;291.81;0.18;856.17;25.96;8.77
05/16/2017 23:00;17.45;6.43;286.36;0.25;856.66;23.08;8.38
05/17/2017 00:00;17;5.7;282.46;0.27;856.89;20.02;7.9
05/17/2017 01:00;16.46;5.39;287.22;0.12;857.06;19.31;7.11
05/17/2017 02:00;15.92;5.34;272.55;0.23;857.21;15.65;6.14
05/17/2017 03:00;15.38;5.29;129.91;0.2;857.19;13.42;6.25
05/17/2017 04:00;14.99;6.01;147.85;0.48;857.19;12.42;5.36
05/17/2017 05:00;14.37;6.19;167.55;0.47;857.44;9.04;4.16
05/17/2017 06:00;13.72;5.65;160.17;0.47;857.63;7.53;3.64
05/17/2017 07:00;13.2;5.48;155.6;0.33;857.83;11.42;4.43
05/17/2017 08:00;13.63;5.69;160.21;0.61;858.14;21.28;5.91
05/17/2017 09:00;14.7;5.91;169.37;0.68;858.55;17.57;5.02
05/17/2017 10:00;16.84;5.85;165.59;0.68;858.77;17.43;5.02
05/17/2017 11:00;19.02;5.57;194.04;0.42;858.82;22.92;5.31
05/17/2017 12:00;19.87;5.25;223.86;0.34;858.55;19.48;5.17
05/17/2017 13:00;21.45;4.65;242.21;0.17;858.19;28.1;5.9
05/17/2017 14:00;22.49;3.91;287.09;0.36;857.91;37.75;7.21
05/17/2017 15:00;23.61;3.95;283.99;0.2;857.83;48.76;9.6
05/17/2017 16:00;24.13;4.01;341.91;0.26;857.75;46.77;9.43
05/17/2017 17:00;24.48;2.74;340.65;0.27;857.56;40.65;7.81
05/17/2017 18:00;24.08;0.03;297.69;0.37;857.63;36.13;6.46
05/17/2017 19:00;23.39;0.19;356.23;0.19;857.67;29.32;7.32
05/17/2017 20:00;22.84;0.82;311.03;0.2;857.9;42.6;8.36
05/17/2017 21:00;21.59;0.64;20.44;0.21;858.17;34.12;7.48
05/17/2017 22:00;19.32;6.44;157.59;0.59;858.74;22.98;6.29
05/17/2017 23:00;18.11;6.63;155;0.6;859.22;24.83;7.26
05/18/2017 00:00;17.21;6.77;166.06;0.82;859.4;19.09;6.55
05/18/2017 01:00;16.35;7.18;163.68;0.79;859.44;24.42;6.63
05/18/2017 02:00;15.54;6.99;163.17;1.21;859.36;47.55;11.26
05/18/2017 03:00;14.83;7.38;164.01;1.21;859.01;28.2;9.13
05/18/2017 04:00;14.3;7.09;164.01;0.94;859.11;28.8;9.75
05/18/2017 05:00;13.85;6.43;164.21;0.81;859.29;15.82;9.26
05/18/2017 06:00;13.88;6.2;162.45;0.9;859.48;14.38;8.9
05/18/2017 07:00;13.64;6.05;163.04;0.77;859.6;16.75;9.03
05/18/2017 08:00;14.02;5.98;161.89;0.63;859.79;20.03;9.39
05/18/2017 09:00;15.27;5.98;159.36;0.59;860.07;53.15;12.86
05/18/2017 10:00;18.05;6.21;154.62;0.5;860.36;31.05;9.26
05/18/2017 11:00;20.51;6.06;135.65;0.45;860.44;32.24;8.62
05/18/2017 12:00;22.27;5.26;327.95;0.11;860.24;54.56;11.85
05/18/2017 13:00;23.7;5.29;68.57;0.09;859.83;60.78;14.7
05/18/2017 14:00;24.74;5.76;307.15;0.21;859.4;71.08;17.94
05/18/2017 15:00;25.66;6.09;316.2;0.23;859.19;63.38;16.74
05/18/2017 16:00;26.54;5.02;309.44;0.29;858.69;47.56;11.47
05/18/2017 17:00;27.94;2.15;334.61;0.22;858.22;47.08;9.78
05/18/2017 18:00;27.94;1.4;304.66;0.27;857.94;51.77;12.61
05/18/2017 19:00;27.38;1.75;299.37;0.22;857.69;54.04;14.23
05/18/2017 20:00;26.69;2.01;332.97;0.13;857.52;62.83;15.67
05/18/2017 21:00;25.26;1.83;320.94;0.05;857.74;64.8;15.5
05/18/2017 22:00;23.44;2.86;112.82;0.29;858.11;109.88;24.83
05/18/2017 23:00;22.07;3.37;147.75;0.1;858.15;144.85;30.27
05/19/2017 00:00;21.63;1.05;162.46;0.44;858.22;88.57;23.58
05/19/2017 01:00;21.58;3.58;155.71;0.37;857.99;48.36;14.79
05/19/2017 02:00;20.73;4.99;118.98;0.5;857.99;37.82;12.73
05/19/2017 03:00;19.86;6.04;121.58;0.4;857.94;31.36;11.06
05/19/2017 04:00;19.06;5.31;139.49;0.38;857.83;37.54;13.05
05/19/2017 05:00;18.32;4.49;169.31;0.21;857.97;36.75;13.19
05/19/2017 06:00;17.89;3.52;132.91;0.14;858.2;39.1;13.76
05/19/2017 07:00;17.62;2.86;151.23;0.15;858.43;42.22;14.28
05/19/2017 08:00;18.07;1.72;155.91;0.27;858.75;47.06;14.75
05/19/2017 09:00;20.19;3.12;155.13;0.24;858.94;78.61;17.43
05/19/2017 10:00;23.58;2.48;142.51;0.39;859.02;56.85;12.75
05/19/2017 11:00;25.76;0.01;311.65;0.1;858.87;59.49;12.51
05/19/2017 12:00;27.02;0.32;333.85;0.28;858.67;65.68;13.78
05/19/2017 13:00;28.28;1.83;311.04;0.42;858.34;78.96;16.17
05/19/2017 14:00;29.82;0.59;67.23;0.48;857.81;174.56;28.48
05/19/2017 15:00;29.93;0.17;96.53;0.88;857.5;208.44;34.47
05/19/2017 16:00;30.58;0.65;98.09;0.79;856.9;238.01;37.96
05/19/2017 17:00;30.07;0.98;92.38;0.64;856.46;178.29;33.79
05/19/2017 18:00;26.59;3.74;104.74;1.17;856.63;330.5;51.52
05/19/2017 19:00;25;4.96;338.8;0.32;857.13;193.6;34.09
05/19/2017 20:00;24.31;4.02;103.92;0.1;857.08;96.4;25.41
05/19/2017 21:00;23.47;4.59;114.84;0.56;857.02;125.96;29.52
05/19/2017 22:00;23.85;3.29;109.64;0.7;857.57;136.31;30.38
05/19/2017 23:00;23.66;3.13;108.26;0.49;857.87;138.71;29.83
05/20/2017 00:00;23.96;2.14;99.84;0.11;857.5;92.16;22.66
05/20/2017 01:00;21.5;5.66;310.96;0.53;858.41;107.02;28.69
05/20/2017 02:00;18.73;7.83;51.25;0.04;859.54;40.28;19.85
05/20/2017 03:00;18.26;8.04;110.08;0.45;859.23;45.18;21.06
05/20/2017 04:00;18.46;7.78;162.19;0.18;858.12;50.9;21.47
05/20/2017 05:00;18.55;7.22;147.75;0.21;857.33;47.87;21.57
05/20/2017 06:00;18.38;6.71;133.31;0.29;856.33;48.9;24.25
05/20/2017 07:00;18.86;6.5;130.43;0.24;856.25;81.33;28.53
05/20/2017 08:00;20.45;5.83;123.63;0.02;856.15;214.73;59.68
05/20/2017 09:00;20.78;7;20.3;0.17;856.32;216.93;62.73
05/20/2017 10:00;21.95;7.22;11.77;0.2;855.87;211.43;69.57
05/20/2017 11:00;23.79;5.91;101.02;1.07;855.19;186.15;52.22
05/20/2017 12:00;26.94;4.51;93.96;1.16;854.21;307.54;74.32
05/20/2017 13:00;28.61;4.58;100.64;1.26;853.56;386.11;88.58
05/20/2017 14:00;27.53;4.35;104.52;1.86;852.33;380.5;84.34
05/20/2017 15:00;18.5;12.63;315.89;0.36;853.34;236.52;86.2
05/20/2017 16:00;19.64;11.69;88.37;0.24;853.34;190.69;77.44
05/20/2017 17:00;22.63;11;334.11;0.37;853.34;276.44;97.3
05/20/2017 18:00;24.24;9.26;346.06;0.57;852.88;631.61;198.4
05/20/2017 19:00;24.47;6.41;10.06;0.35;852.35;720.9;194.82
05/20/2017 20:00;23.97;5.76;22.57;0.32;852.33;611.45;154.92
05/20/2017 21:00;22.83;2.62;356.88;0.57;853.04;378.53;91.89
05/20/2017 22:00;20.99;-1.36;19.52;0.37;853.69;115.67;25.64
05/20/2017 23:00;19.38;-0.32;109.94;0.76;853.87;70.32;17.38
05/21/2017 00:00;18.45;-0.07;107.1;0.73;853.75;49.48;12.96
05/21/2017 01:00;17.53;0.26;66.56;0.13;853.84;59.76;16.26
05/21/2017 02:00;16.61;0.27;304.33;0.26;853.75;59.77;16.62
05/21/2017 03:00;15.7;0.42;290.24;0.24;853.68;46.1;14.94
05/21/2017 04:00;14.64;0.74;106.23;0.19;853.52;52.51;16.29
05/21/2017 05:00;13.65;1.32;115.41;0.21;853.33;69.84;20.17
05/21/2017 06:00;13.57;1.17;134.11;0.19;853.12;68.56;17.6
05/21/2017 07:00;13.73;0.38;139.18;0.19;852.93;95.57;20.23
05/21/2017 08:00;14.19;-0.64;151.94;0.5;852.74;76.57;20.26
05/21/2017 09:00;16.16;-0.16;132.69;0.26;852.63;93.96;22.05
05/21/2017 10:00;19.14;-1.51;108.93;1.26;852.29;102.47;21.8
05/21/2017 11:00;21.28;-2.21;100.56;1.28;851.98;132.28;26.23
05/21/2017 12:00;22.25;-2.06;102.53;1.31;852.06;226.48;41.14
05/21/2017 13:00;22.87;-0.79;95.28;1.15;851.6;234.68;45.88
05/21/2017 14:00;21.51;2.49;336.88;0.91;851.53;241.04;47
05/21/2017 15:00;13.61;5.76;335.95;0.57;854.17;182.18;34
05/21/2017 16:00;13.35;6.89;132.21;0.31;853.62;57.51;25.59
05/21/2017 17:00;17.08;5.65;346.42;0.18;852.94;75.86;27.01
05/21/2017 18:00;18.64;5.18;326.21;0.38;852.21;94.72;30.76
05/21/2017 19:00;19.14;3.63;340.69;0.43;851.91;133.66;38.03
05/21/2017 20:00;18.92;-1.23;36.83;0.47;852.25;110.89;28.92
05/21/2017 21:00;17.83;2.87;338.27;0.36;853.17;103.28;28.81
05/21/2017 22:00;16.78;3.1;306.69;0.21;854.01;82.98;24.2
05/21/2017 23:00;16.53;2.8;26.72;0.09;854.79;80.2;24.29
05/22/2017 00:00;16.22;2.96;359.69;0.15;855.34;64.94;21.99
05/22/2017 01:00;15.72;3.78;107.62;0.41;855.52;52.12;21.31
05/22/2017 02:00;14.86;3.17;103.2;0.18;855.41;53.03;21.65
05/22/2017 03:00;14.55;2.52;107.45;0.75;855.34;37.6;16.73
05/22/2017 04:00;13.53;2.6;108.84;0.39;855.39;33.39;14.66
05/22/2017 05:00;12.63;2.73;87.28;0.06;855.43;33.74;14.11
05/22/2017 06:00;12.46;2.69;131.95;0.04;855.54;39.09;15.23
05/22/2017 07:00;12.07;3.06;158.08;0.05;856;52.91;18.81
05/22/2017 08:00;12.8;2.74;142.44;0.29;856.82;68.87;21.1
05/22/2017 09:00;14.02;3.14;333.53;0.17;857.21;57.29;23.3
05/22/2017 10:00;15.86;3.4;337.82;0.24;857.27;47.34;18.78
05/22/2017 11:00;17.53;3.35;319.81;0.33;857.19;47.05;17.68
05/22/2017 12:00;18.74;3.16;315.67;0.41;857.32;47.01;14.81
05/22/2017 13:00;20.35;3.35;331.69;0.3;857.03;45.19;14.67
05/22/2017 14:00;21.89;2.82;359.86;0.27;856.78;55.09;16.37
05/22/2017 15:00;22.67;1.32;335.02;0.42;856.38;63.52;14.1
05/22/2017 16:00;23.84;0.19;337.58;0.4;855.8;61.9;12.84
05/22/2017 17:00;24.76;-4.64;319.76;0.64;855.41;74.89;11.49
05/22/2017 18:00;24.57;-6.59;347.36;0.68;855.39;42.59;7.52
05/22/2017 19:00;24.07;-4.21;343.56;0.53;855.15;36.46;7.13
05/22/2017 20:00;23.34;-3.59;332.05;0.27;855.15;36.09;7.49
05/22/2017 21:00;22.08;-2.21;12.8;0.46;855.77;44.36;9.09
05/22/2017 22:00;20.48;-1.78;46.95;0.33;856.43;40.39;8.5
05/22/2017 23:00;19.33;-0.52;34.42;0.28;857.09;39.55;10.03
05/23/2017 00:00;18.5;-0.04;38.3;0.24;857.51;34.66;11.78
05/23/2017 01:00;17.69;0.5;54.71;0.26;857.88;33.84;13.31
05/23/2017 02:00;17;0.72;101.6;0.53;857.87;27.79;13.9
05/23/2017 03:00;16.5;0.72;108.09;0.79;857.84;24.56;13.08
05/23/2017 04:00;15.89;0.53;105.82;0.95;857.63;20.5;11.96
05/23/2017 05:00;15.64;0.43;108.02;0.74;857.77;22.21;11.37
05/23/2017 06:00;15.01;0.43;91.18;0.15;857.81;32.78;13.31
05/23/2017 07:00;14.14;1.4;47;0.01;858.05;57.25;18.85
05/23/2017 08:00;15.43;0.99;59.67;0.05;858.44;59.77;17.62
05/23/2017 09:00;17.35;0.74;318.08;0.24;858.56;68.64;17.42
05/23/2017 10:00;19.16;0.7;325.97;0.36;858.54;69;16.34
05/23/2017 11:00;21.28;-0.5;19.14;0.29;858.25;69.84;13.11
05/23/2017 12:00;22.82;-1.49;353.9;0.26;857.98;85.33;14.02
05/23/2017 13:00;23.78;-0.75;336.02;0.56;857.7;97.75;15.9
05/23/2017 14:00;24.66;-0.54;313.58;0.63;857.13;96.34;17.83
05/23/2017 15:00;25.37;-2.27;350.64;0.49;856.86;110.78;16.85
05/23/2017 16:00;26.47;-2.28;72.83;0.42;856.55;125.11;22.46
05/23/2017 17:00;25.69;-2.64;101.23;0.84;856.12;114.69;16.72
05/23/2017 18:00;24.81;-1.82;15.62;0.53;855.91;104.71;16.86
05/23/2017 19:00;23.72;-0.67;354.36;0.75;855.97;84.76;16.42
05/23/2017 20:00;23.14;0.09;20.4;0.49;856.31;84.39;17.48
05/23/2017 21:00;21.79;1.74;25.36;0.38;856.95;92.38;18.97
05/23/2017 22:00;18.31;5.46;316.87;0.45;857.4;70.99;16.19
05/23/2017 23:00;17.76;5.34;343.34;0.18;857.79;54.02;16.36
05/24/2017 00:00;16.57;5.8;117.18;0.16;857.88;44.2;15.71
05/24/2017 01:00;16.1;5.64;124.25;0.18;857.37;69.48;22.09
05/24/2017 02:00;16.63;0.82;138.09;0.25;856.97;68.63;20.23
05/24/2017 03:00;16.72;-0.89;141.12;0.13;856.53;56.4;16.15
05/24/2017 04:00;16.53;2.4;149.98;0.29;856.06;55.85;16.12
05/24/2017 05:00;16.12;0.93;130.53;0.5;855.91;49.91;14.1
05/24/2017 06:00;15.66;1.41;92.45;0.11;856.76;58.64;18.97
05/24/2017 07:00;14.08;6.22;334.13;0.57;858.76;51.76;18.18
05/24/2017 08:00;13.43;7.4;120.41;0.48;857.11;33.59;19.7
05/24/2017 09:00;14.79;7.07;140.27;0.45;856.21;50.79;21.28
05/24/2017 10:00;17.83;5.64;158.24;0.64;855.83;58.61;18.81
05/24/2017 11:00;21.07;4.54;161.29;0.81;855.26;71.08;18.33
05/24/2017 12:00;24.06;3.05;317.83;0.02;854.99;104.31;23.83
05/24/2017 13:00;25.37;3.49;9.97;0.27;854.88;139.97;29.07
05/24/2017 14:00;25.34;4.27;331.99;0.37;854.58;165.45;35.08
05/24/2017 15:00;26.61;-1.52;98.51;0.85;854.34;410.73;81.09
05/24/2017 16:00;27.09;-0.94;39.22;0.4;854.11;761.7;151.15
05/24/2017 17:00;26.69;-1.63;32.83;0.61;854.21;739.11;142.36
05/24/2017 18:00;26.26;-0.45;356.73;0.63;854.42;490.51;95.81
05/24/2017 19:00;25.34;0.02;1.21;0.54;854.6;309.56;58.68
05/24/2017 20:00;23.81;-0.54;84.95;0.58;854.98;220.07;39.67
05/24/2017 21:00;22.18;-1.04;82.41;0.48;855.95;134.93;27.14
05/24/2017 22:00;20.86;-0.52;61.78;0.42;856.82;103.87;23.93
05/24/2017 23:00;19.87;-0.22;50.02;0.29;857.73;94.47;21.1
05/25/2017 00:00;19.07;0.93;33.42;0.3;858.37;151.44;28.26
05/25/2017 01:00;18.25;1.05;85.45;0.3;858.72;80.11;20.64
05/25/2017 02:00;17.15;1.5;102.64;0.25;858.82;75.57;22.26
05/25/2017 03:00;16.06;1.84;106.03;0.18;858.79;92.19;25.3
05/25/2017 04:00;15.2;1.47;111.93;0.19;858.84;103.31;26.41
05/25/2017 05:00;15.34;0.14;109.19;0.92;858.93;120.53;27.78
05/25/2017 06:00;14.93;-0.25;109.62;0.91;858.92;131.66;29.68
05/25/2017 07:00;14.72;0.07;105.09;0.16;859.35;186.57;36.74
05/25/2017 08:00;15.56;0.64;5.85;0.2;859.76;180.98;38.3
05/25/2017 09:00;16.7;0.8;347.58;0.35;859.99;171.48;35.96
05/25/2017 10:00;18.49;1.07;311.13;0.35;860.39;181.65;36.57
05/25/2017 11:00;20;1.12;316.34;0.43;860.38;162.16;32.23
05/25/2017 12:00;21.31;-0.24;335.37;0.22;860.2;145.9;25.23
05/25/2017 13:00;22.62;-1.89;337.83;0.39;860.03;126.34;22.87
05/25/2017 14:00;23.39;-1.7;309.67;0.41;859.65;131.97;23.76
05/25/2017 15:00;24.32;-2.77;359.96;0.32;859.4;115.45;20.94
05/25/2017 16:00;24.86;-4.63;330.34;0.6;859.14;104.34;17.78
05/25/2017 17:00;25.76;-5.38;318.51;0.5;858.88;100.26;15.79
05/25/2017 18:00;25.5;-7.44;321.38;0.56;858.91;74.31;11.91
05/25/2017 19:00;24.82;-5.66;331.36;0.54;859.03;70.4;10.91
05/25/2017 20:00;23.7;-4.59;305.57;0.26;858.98;65.66;12
05/25/2017 21:00;22.64;-4.09;2.97;0.16;859;82.87;16.3
05/25/2017 22:00;21.43;-3.9;107.09;0.19;859.02;107.23;19.85
05/25/2017 23:00;19.83;-3.11;108.37;0.85;859.63;105.63;21.84
05/26/2017 00:00;20.09;-1.74;108.44;0.82;859.97;58.97;12.51
05/26/2017 01:00;18.74;-1.82;122.45;0.22;860.06;61.88;13.08
05/26/2017 02:00;18.55;-3.6;104.96;0.26;859.87;52.65;11.14
05/26/2017 03:00;17.28;-3.3;114.12;0.34;859.86;57.9;13.26
05/26/2017 04:00;16.08;-2.85;137.17;0.2;859.96;51.48;12.7
05/26/2017 05:00;15.65;-0.18;124.3;0.34;860.15;53.54;13.35
05/26/2017 06:00;14.79;-1.15;138.57;0.13;860.18;56.66;14.14
05/26/2017 07:00;14.55;-0.95;136.53;0.19;860.46;57.29;14.11
05/26/2017 08:00;14.93;-0.89;131.51;0.15;860.71;118.38;21.81
05/26/2017 09:00;16.71;1.15;152.46;0.29;860.71;72.86;17.78
05/26/2017 10:00;19.42;1.65;152.58;0.26;860.71;67.09;15.34
05/26/2017 11:00;21.42;-0.39;152.73;0.22;860.52;57.35;12.51
05/26/2017 12:00;22.62;-1.31;27.82;0.07;860.37;66.13;13.64
05/26/2017 13:00;23.38;0.83;314.12;0.38;860.17;86.61;15.65
05/26/2017 14:00;24.58;1.09;325.3;0.36;859.95;77.22;16.55
05/26/2017 15:00;25.59;-1.04;319.44;0.42;859.49;60.82;11.53
05/26/2017 16:00;26.33;-3.84;319.06;0.45;858.95;53.99;9.46
05/26/2017 17:00;26.69;-6.8;333.72;0.29;858.47;44.01;7.42
05/26/2017 18:00;27.29;-6.67;316.86;0.47;858.15;29.08;6.16
05/26/2017 19:00;26.82;-5.82;314.68;0.22;857.64;32.84;6.93
05/26/2017 20:00;25.7;-4.63;353.56;0.23;857.36;45.6;9.59
05/26/2017 21:00;24.41;-4.45;24.13;0.19;857.08;48.53;10.75
05/26/2017 22:00;23.99;-3.03;63.84;0.16;857.6;59.23;12.11
05/26/2017 23:00;22.92;-0.13;12.14;0.2;857.87;74.61;16.94
05/27/2017 00:00;20.53;5.46;160.01;0.03;857.88;98.34;30.44
05/27/2017 01:00;19.52;3.2;143.93;0.21;857.62;86.79;25.26
05/27/2017 02:00;18.63;3.1;163.23;0.24;857.42;75.09;23.88
05/27/2017 03:00;18.25;1.9;140.18;0.37;857.14;75.48;24.35
05/27/2017 04:00;18.13;1.13;138.97;0.35;856.96;89.43;26.8
05/27/2017 05:00;17.77;1.34;154.5;0.28;856.89;81.22;24.39
05/27/2017 06:00;17.26;2.12;145.33;0.26;856.92;80.11;24.71
05/27/2017 07:00;16.91;3.17;150.27;0.35;857.03;73.2;23.53
05/27/2017 08:00;17.57;4.42;150.35;0.18;857.82;75.45;22.03
05/27/2017 09:00;18.86;4.71;155.84;0.42;857.73;86.14;22.28
05/27/2017 10:00;20.78;4.49;154.57;0.46;857.52;77.99;20.11
05/27/2017 11:00;23.54;3.28;142.62;0.4;857.27;105.15;23.21
05/27/2017 12:00;25.8;1.7;99.26;0.1;856.75;155.53;30.45
05/27/2017 13:00;27.78;1.73;339.32;0.33;856.26;192.52;37.17
05/27/2017 14:00;28.31;1.99;331.58;0.42;855.87;183.94;39.43
05/27/2017 15:00;28.92;-0.96;99.91;1.2;855.33;283.29;51.61
05/27/2017 16:00;29.44;-3.3;106.36;1.71;854.57;271.35;49.24
05/27/2017 17:00;30.82;-5.27;56.44;0.63;854.39;368.8;48.54
05/27/2017 18:00;29.96;-4.21;75.83;0.78;854.38;185.51;34.18
05/27/2017 19:00;29.3;-2.9;12.33;0.75;854.41;204;35.05
05/27/2017 20:00;27.78;-3.82;47.62;0.54;854.76;174.36;29.84
05/27/2017 21:00;25.99;-6.37;90.4;0.6;855.31;102.47;17.27
05/27/2017 22:00;24.33;-4.67;108.01;0.7;855.77;65.91;12.94
05/27/2017 23:00;23.03;-3.53;104.03;0.38;856.39;62.99;12.72
05/28/2017 00:00;21.91;-5.06;105.45;0.27;856.67;68.31;14.08
05/28/2017 01:00;20.48;-3.02;23.42;0.01;856.88;88.83;19.11
05/28/2017 02:00;19.42;-1.64;35.01;0.02;856.78;114.2;25.71
05/28/2017 03:00;19.28;-1.7;4.23;0.1;856.83;90.15;22.37
05/28/2017 04:00;17.77;-1.19;166.85;0.05;857;81.8;21.59
05/28/2017 05:00;16.72;-1.7;124.94;0.14;857.15;89.53;23.67
05/28/2017 06:00;16.69;-3.47;151.63;0.21;857.56;71.18;16.16
05/28/2017 07:00;16.18;-2.79;158;0.07;857.95;86.27;18.93
05/28/2017 08:00;17.08;-1.37;149.41;0.15;858.35;208.21;36.99
05/28/2017 09:00;18.8;-2.21;183.02;0.09;858.68;131.19;25.31
05/28/2017 10:00;21;-0.99;339.94;0.39;858.98;152.18;28.04
05/28/2017 11:00;22.93;-0.26;324.89;0.37;859.04;174.38;32.62
05/28/2017 12:00;24.61;0.37;321.96;0.34;858.95;162.08;29.96
05/28/2017 13:00;26.82;-4.83;336.29;0.46;858.55;148.95;25.58
05/28/2017 14:00;27.54;-7.08;342.72;0.48;858.47;119.41;19.13
05/28/2017 15:00;28.07;-9.33;323.5;0.61;858.27;130.08;17.08
05/28/2017 16:00;28.43;-10.15;24.16;0.48;858.27;69.25;10.21
05/28/2017 17:00;28.75;-9.45;13.25;0.4;857.92;73.53;10.74
05/28/2017 18:00;28.3;-9.09;39.74;0.37;857.72;61.7;9.42
05/28/2017 19:00;28.45;-8.29;42.76;0.43;857.49;49.46;7.97
05/28/2017 20:00;27.04;-7.28;9.62;0.4;857.68;49.14;7.69
05/28/2017 21:00;25.47;-6.14;94.36;0.52;858.05;49.72;8.34
05/28/2017 22:00;24.16;-4.9;111.97;0.64;858.63;44.44;7.68
05/28/2017 23:00;23.28;-2.57;88.42;0.34;859.61;43.11;8.79
05/29/2017 00:00;21.41;-0.56;324.24;0.23;860.46;84.48;18.64
05/29/2017 01:00;20.72;-0.7;10.58;0.12;861.02;53.04;12.8
05/29/2017 02:00;19.69;-0.3;12.73;0.04;861.54;102.3;24.38
05/29/2017 03:00;18.08;-0.66;114.27;0.45;861.76;46.11;12.19
05/29/2017 04:00;17.17;-0.69;128.68;0.13;861.86;52.73;12.68
05/29/2017 05:00;17.44;-0.73;168.1;0.25;861.65;33.19;10.81
05/29/2017 06:00;16.85;-0.67;168.35;0.36;861.6;32.49;10.75
05/29/2017 07:00;16.64;-0.67;164.31;0.29;861.74;39.5;11.63
05/29/2017 08:00;17.86;-0.58;142.23;0.31;862.22;57.29;14.24
05/29/2017 09:00;19.37;0.06;152.49;0.33;862.7;51.17;11.88
05/29/2017 10:00;21.49;0.35;156.1;0.69;863.04;55.54;11.41
05/29/2017 11:00;23.77;0.76;160.77;0.68;863.12;43.45;10.45
05/29/2017 12:00;25.65;-1.98;168.52;0.24;863.28;75.03;15.16
05/29/2017 13:00;26.9;-1.91;335.43;0.11;863.13;141.89;25.79
05/29/2017 14:00;27.5;-1.74;286.1;0.06;862.83;125.99;24.45
05/29/2017 15:00;28.19;-1.27;312.46;0.33;862.45;150.26;26.63
05/29/2017 16:00;28.61;-1.86;347.21;0.23;862.3;125.44;23.67
05/29/2017 17:00;29.22;-2.95;4.21;0.32;862.18;105.56;19.69
05/29/2017 18:00;29.31;-3.12;43.93;0.3;861.93;100.52;19.65
05/29/2017 19:00;28.65;-2.81;356.08;0.41;861.8;100.09;19.59
05/29/2017 20:00;27.69;-2.1;344.46;0.2;861.7;102.77;19.77
05/29/2017 21:00;26.37;-2.2;27.3;0.2;861.63;105.76;20.7
05/29/2017 22:00;24.73;-1.66;116.87;0.23;861.73;134.54;26.28
05/29/2017 23:00;23.59;1.18;163.12;0.65;862.14;122.49;25.8
05/30/2017 00:00;22.42;5.48;164.77;0.61;862.27;69.23;16.76
05/30/2017 01:00;21.72;6.27;162.56;0.63;862.16;59.59;16.98
05/30/2017 02:00;20.86;6.5;158.78;0.55;861.96;56.38;16.49
05/30/2017 03:00;19.98;6.75;158.6;0.78;861.77;51.09;15.97
05/30/2017 04:00;19.64;5.8;165.94;0.7;861.48;47.26;15.33
05/30/2017 05:00;19.3;5.07;167.46;0.67;861.38;46.97;15.05
05/30/2017 06:00;18.88;4.83;168.38;0.47;861.33;48.65;15.49
05/30/2017 07:00;18.52;4.81;159.86;0.49;861.42;50.96;16.18
05/30/2017 08:00;18.98;4.77;158.95;0.47;861.5;64.85;17.84
05/30/2017 09:00;20.16;4.3;160.59;0.52;861.57;101.31;21.06
05/30/2017 10:00;22.99;3.73;151.16;0.59;861.46;84.37;18.55
05/30/2017 11:00;25.95;2.46;148.04;0.56;861.46;82.89;16.98
05/30/2017 12:00;27.52;0.75;34.22;0.09;861.33;114.4;21.39
05/30/2017 13:00;29.41;0.68;353.64;0.33;861.02;146.92;25.52
05/30/2017 14:00;30.39;-2.91;340.8;0.55;860.53;134.77;22.35
05/30/2017 15:00;31.26;-5.98;21.32;0.49;860.27;127.79;19.85
05/30/2017 16:00;31.29;-8.23;54.5;0.54;860.18;118.82;15.36
05/30/2017 17:00;31.06;-7.48;353.56;0.41;859.89;87.53;13.62
05/30/2017 18:00;31.03;-6.31;1.15;0.33;859.44;63.63;11.87
05/30/2017 19:00;30.39;-5.79;335.95;0.35;859.07;73.69;12.21
05/30/2017 20:00;29.23;-5.48;5.3;0.31;858.92;68.3;12.06
05/30/2017 21:00;27.97;-4.9;29.64;0.3;858.86;78.77;13.87
05/30/2017 22:00;26.39;-2.99;102.86;0.52;859.07;55.91;11.31
05/30/2017 23:00;25.24;-0.74;106.48;0.89;859.49;50.98;11.45
05/31/2017 00:00;24.3;0.83;103.92;0.65;859.56;49.06;11.7
05/31/2017 01:00;23.82;0.29;106.32;1.15;859.53;46.41;11.42
05/31/2017 02:00;23.21;-0.49;107.87;1.36;859.33;39.3;10.75
05/31/2017 03:00;22.49;-0.59;107.32;1.23;859.11;37.4;10.87
05/31/2017 04:00;21.93;-0.35;102.4;0.6;858.84;42.64;11.58
05/31/2017 05:00;20.19;0.39;356.27;0.02;858.79;48.12;13.55
05/31/2017 06:00;20.08;-0.41;38.4;0.08;858.7;53.2;14.14
05/31/2017 07:00;18.81;0.79;113.15;0.12;858.89;81.22;20.33
05/31/2017 08:00;19.77;0.63;130.81;0.19;858.89;93.74;21.18
05/31/2017 09:00;21.71;-0.9;142.57;0.14;858.75;79.8;16.23
05/31/2017 10:00;24.09;-0.82;4.16;0.24;858.63;94.81;18.16
05/31/2017 11:00;26.4;-0.85;341.62;0.29;858.34;119.96;19.75
05/31/2017 12:00;27.62;-1.84;27.1;0.29;858.03;121.46;18.99
05/31/2017 13:00;28.92;-4.99;42.38;0.47;857.65;179.6;20.33
05/31/2017 14:00;29.75;-5.92;39.35;0.31;857.22;134.82;17.36
05/31/2017 15:00;29.6;-5.9;89.36;0.59;856.76;130.24;16.88
05/31/2017 16:00;29.96;-7.01;56.52;0.42;856.19;117.11;15.94
05/31/2017 17:00;30.53;-8.44;75.7;0.52;855.89;91.87;13.19
05/31/2017 18:00;29.81;-7.94;46.55;0.54;855.47;107.14;14.53
05/31/2017 19:00;29;-8.2;60.34;0.66;855.18;72.09;10.89
05/31/2017 20:00;27.55;-8.11;80.9;0.71;855.03;67.29;10.67
05/31/2017 21:00;26.08;-6.2;83.58;0.51;855.23;68.27;12.53
05/31/2017 22:00;24.54;-3.18;93.34;0.52;855.52;64.18;13.21
05/31/2017 23:00;23.35;-2.73;77.05;0.31;856.16;59.33;12.17
06/01/2017 00:00;22.45;-2.69;62.06;0.38;856.5;63.2;12.29
06/01/2017 01:00;21.37;-2.28;87.94;0.39;856.52;70.79;13.78
06/01/2017 02:00;20.51;-3.02;89.31;0.31;856.37;74.95;14.45
06/01/2017 03:00;19.81;-5.15;98.18;0.4;856.23;82.13;15.01
06/01/2017 04:00;19.04;-7.57;103.81;0.49;856.17;79.95;13.46
06/01/2017 05:00;18.85;-9.49;107.95;1.09;855.87;81.81;13.66
06/01/2017 06:00;18.46;-9.49;106.94;0.89;855.67;65.18;11.59
06/01/2017 07:00;16.89;-6.45;333.3;0.04;856;147.53;23.79
06/01/2017 08:00;17.31;-4.88;342.35;0.17;856.32;95.97;19.39
06/01/2017 09:00;18.57;-4.63;307.25;0.24;856.39;82.22;15.46
06/01/2017 10:00;20.58;-3.89;335.25;0.32;856.51;92.72;15.73
06/01/2017 11:00;22.18;-4.2;307.63;0.32;856.35;103.89;16.63
06/01/2017 12:00;23.23;-4.07;343.87;0.34;855.94;82.87;13.8
06/01/2017 13:00;24.33;-6.14;336.17;0.16;855.61;71.16;11.61
06/01/2017 14:00;25.05;-5.96;329.3;0.38;855.11;97.22;14.04
06/01/2017 15:00;26.1;-6.83;24.5;0.43;854.46;121.1;17.25
06/01/2017 16:00;26.99;-11.31;66.58;0.53;854.13;94.32;11.65
06/01/2017 17:00;27.07;-10.63;88.7;0.64;853.96;117.64;12.01
06/01/2017 18:00;26.68;-9.99;64.17;0.22;853.54;66.14;9.18
06/01/2017 19:00;26.45;-9.84;24.21;0.45;853.25;64;8.89
06/01/2017 20:00;24.87;-6.59;79.69;0.6;853.43;77.16;11.15
06/01/2017 21:00;23.23;-6.18;38.48;0.6;854.12;71.44;11.75
06/01/2017 22:00;21.86;-4.03;93.2;0.47;854.59;54.84;11.34
06/01/2017 23:00;21.06;-2.37;26.59;0.29;855.35;72.24;14.01
06/02/2017 00:00;18.98;1.91;304.63;0.23;855.59;70.15;13.2
06/02/2017 01:00;17.8;3.26;309.61;0.26;855.49;56.18;12.66
06/02/2017 02:00;17.35;4.37;316.77;0.31;855.66;41.62;12.97
06/02/2017 03:00;16.59;2.61;230.64;0.05;855.62;29.79;8.39
06/02/2017 04:00;15.59;3.93;117.88;0.59;855.55;33.03;10.16
06/02/2017 05:00;15.21;4.63;142.37;0.28;855.43;14.27;6.01
06/02/2017 06:00;15;4.61;156.58;0.3;855.26;14.2;6.47
06/02/2017 07:00;14.64;4.73;151.79;0.39;855.39;18.33;7.76
06/02/2017 08:00;14.84;4.9;160.13;0.22;855.69;26.58;9.47
06/02/2017 09:00;15.89;5.34;159.53;0.57;855.89;23.79;8.46
06/02/2017 10:00;18.21;5.52;148.03;0.32;855.94;39.06;11.19
06/02/2017 11:00;19.78;4.88;298.34;0.32;855.69;40.88;10.51
06/02/2017 12:00;20.45;4.56;312.11;0.34;855.34;41.28;10.6
06/02/2017 13:00;21.04;3.62;24.32;0.28;855.3;45.11;10.53
06/02/2017 14:00;20.1;3.23;112.82;0.55;855.21;88.15;14.39
06/02/2017 15:00;15.43;5.28;157.65;0.7;855.85;110.69;18.25
06/02/2017 16:00;12.96;8.15;161.75;0.57;856.27;17.62;9.62
06/02/2017 17:00;14.98;7.31;107.01;0.49;856.78;17.3;7.09
06/02/2017 18:00;15.34;7.53;301.47;0.06;856.57;17.9;8.7
06/02/2017 19:00;16.4;6.49;75.33;0.14;856.89;29.06;9.51
06/02/2017 20:00;16.66;5.72;107.36;0.47;857.17;32.1;12.83
06/02/2017 21:00;16;5.84;79.95;0.01;857.53;112.73;25.51
06/02/2017 22:00;14.94;7.09;110.39;0.12;857.84;75.74;22.52
06/02/2017 23:00;14.31;7.31;112.37;0.15;858.37;69.87;25.32
06/03/2017 00:00;14;6.43;122.57;0.13;858.66;69.36;21.01
06/03/2017 01:00;14.3;5.46;143.93;0.13;858.75;45.26;15.33
06/03/2017 02:00;13.62;4.81;144.45;0.26;858.89;36.04;14.89
06/03/2017 03:00;13.16;4.44;157.25;0.21;858.69;36.9;15.58
06/03/2017 04:00;13.16;4.41;142.45;0.4;858.78;19.76;11.63
06/03/2017 05:00;13.05;4.68;142.39;0.27;859.01;19.22;10.65
06/03/2017 06:00;12.7;4.92;162.46;0.09;859.44;21.25;11.05
06/03/2017 07:00;12.81;4.57;139.71;0.14;859.97;34.25;12.54
06/03/2017 08:00;14.23;4.75;154.53;0.28;860.57;33.86;10.07
06/03/2017 09:00;15.44;5.12;152.71;0.37;861.17;25.07;8.18
06/03/2017 10:00;17.57;5.18;158.99;0.37;861.42;34.13;8.59
06/03/2017 11:00;19.49;4.41;208.45;0.06;861.35;37.1;7.38
06/03/2017 12:00;21.08;3.92;143.18;0.18;861.25;37.88;8.36
06/03/2017 13:00;22.09;3.93;26.19;0.12;860.94;50.92;11.52
06/03/2017 14:00;23.14;3.62;304.29;0.32;860.59;65.49;11.78
06/03/2017 15:00;23.99;2.8;306.49;0.28;860.25;61.18;9.84
06/03/2017 16:00;24.8;1.43;10.19;0.24;859.91;48.45;7.75
06/03/2017 17:00;25.59;-0.56;311.55;0.25;859.73;45.65;7.15
06/03/2017 18:00;25.85;-1.12;329.32;0.2;859.49;44.7;7.03
06/03/2017 19:00;25.66;-1.6;328.61;0.18;859.44;38.14;7.46
06/03/2017 20:00;24.54;-0.67;80.23;0.15;859.37;45.33;7.91
06/03/2017 21:00;23.36;0.58;25.49;0.09;859.47;53.99;10.27
06/03/2017 22:00;21.97;1.64;108.79;0.3;859.81;75.8;17.41
06/03/2017 23:00;20.22;1.33;106.84;0.36;860.21;77.38;15.82
06/04/2017 00:00;19.73;1.07;139.84;0.21;860.41;67.5;14.99
06/04/2017 01:00;18.97;1.49;136.93;0.4;860.31;50.18;12.66
06/04/2017 02:00;18;1.11;129.28;0.67;860.34;38;11
06/04/2017 03:00;17.33;3.37;138.06;0.39;860.38;32.38;10.45
06/04/2017 04:00;16.93;5.79;129.71;0.48;860.25;20.49;9.69
06/04/2017 05:00;16.55;6.06;151.44;0.37;860.31;20.41;10.49
06/04/2017 06:00;16.13;6.55;135.57;0.58;860.58;23.57;10.74
06/04/2017 07:00;15.54;6.52;128.85;0.82;861;32.94;11.41
06/04/2017 08:00;16.04;6.81;143.24;0.52;861.27;36.61;12.45
06/04/2017 09:00;17.72;6.77;153.22;0.72;861.55;36.78;11.21
06/04/2017 10:00;20.23;5.99;157.59;1.04;861.58;34.88;9.43
06/04/2017 11:00;23.08;6.07;156.48;1.04;861.41;35.38;8.22
06/04/2017 12:00;25.19;5.07;188.19;0.41;861.34;28.91;6.51
06/04/2017 13:00;26.54;2.21;260.8;0.33;860.73;27.98;6.09
06/04/2017 14:00;27.63;1.87;251.03;0.25;860.12;26.36;5.04
06/04/2017 15:00;28.15;1.44;294.73;0.41;859.65;42.43;6.85
06/04/2017 16:00;29.02;1.3;349.83;0.26;859.33;43.6;6.74
06/04/2017 17:00;29.26;0.71;329.42;0.21;858.89;36.98;6.51
06/04/2017 18:00;29.52;0.63;337.38;0.23;858.62;32.44;6.07
06/04/2017 19:00;29.17;0.71;49.5;0.24;858.49;42.11;8.17
06/04/2017 20:00;28.18;0.5;356;0.24;858.6;44.28;7.61
06/04/2017 21:00;26.28;2.74;158.37;0.49;859.11;34.03;6.82
06/04/2017 22:00;23.85;6.36;160.5;0.76;859.67;37.25;9.57
06/04/2017 23:00;22.51;7.52;155.07;0.5;860.41;45.06;11.71
06/05/2017 00:00;21.48;8.39;159.6;0.54;860.61;46.22;14.52
06/05/2017 01:00;20.58;9.03;157.95;0.54;860.66;35.05;13.21
06/05/2017 02:00;19.89;8.58;162.15;0.9;860.54;28.74;12.32
06/05/2017 03:00;19.25;7.83;162.74;1.14;860.23;30.75;11.59
06/05/2017 04:00;18.52;7.71;160.91;1.19;860.22;33.73;12.52
06/05/2017 05:00;17.88;7.92;162.95;1.29;860.25;40.76;12.76
06/05/2017 06:00;17.4;8.09;167.62;0.83;860.4;38.72;12.93
06/05/2017 07:00;17.18;8.31;169.86;0.82;860.64;31.81;13.34
06/05/2017 08:00;17.46;8.36;164.32;0.7;861.27;30.06;12.83
06/05/2017 09:00;18.82;8.27;162.27;1.03;861.75;31.23;11.78
06/05/2017 10:00;21.34;7.65;160.8;1.01;861.97;36.87;10.38
06/05/2017 11:00;24.89;5.84;175.39;0.66;861.88;32.09;7.62
06/05/2017 12:00;26.1;5.04;167.55;0.69;861.78;27.71;7.14
06/05/2017 13:00;27.72;4.46;193.83;0.45;861.43;30.76;6.4
06/05/2017 14:00;29.21;2.5;235.53;0.45;860.99;33.68;6.22
06/05/2017 15:00;30.36;2.33;181.04;0.43;860.76;34.41;6.65
06/05/2017 16:00;31.13;1.87;232.74;0.21;860.41;30.72;5.77
06/05/2017 17:00;31.51;2.87;218.1;0.28;860.16;36.42;6.59
06/05/2017 18:00;31.07;2.8;223.41;0.26;859.9;31.26;5.89
06/05/2017 19:00;29.89;3.48;211;0.4;859.91;34.52;6.36
06/05/2017 20:00;27.88;4.88;172.31;0.52;860.35;38.78;7.34
06/05/2017 21:00;25.68;7.01;162.63;0.34;860.88;43.66;9.55
06/05/2017 22:00;23.66;8.71;154.8;0.38;861.42;37.5;10.81
06/05/2017 23:00;22.21;9.33;168.74;0.71;861.77;43.7;12.86
06/06/2017 00:00;21.37;9.28;162.41;0.53;861.73;47.12;14.32
06/06/2017 01:00;20.46;9.28;161.13;0.74;861.51;37.03;13.97
06/06/2017 02:00;19.57;9.37;153.39;0.66;861.63;40.71;14.41
06/06/2017 03:00;19.14;9.17;160.07;0.67;861.53;34.32;12.8
06/06/2017 04:00;18.98;9.05;168.31;0.73;861.06;27.74;12.41
06/06/2017 05:00;18.52;8.91;164.86;0.79;861.01;27.68;13.25
06/06/2017 06:00;18.21;8.7;164.58;0.65;861.18;25.92;13.02
06/06/2017 07:00;18.27;8.39;163.06;1.12;860.94;27.15;12.95
06/06/2017 08:00;18.91;8.1;161.64;1.21;860.89;41.17;14.63
06/06/2017 09:00;20.42;7.52;163.49;1.26;861;38.43;13.66
06/06/2017 10:00;22.67;6.97;165.43;1.35;861.03;49.13;12.28
06/06/2017 11:00;25.74;5.56;169.11;0.99;861.02;56.56;11.18
06/06/2017 12:00;28.47;4.79;204.08;0.49;860.79;64.71;12.49
06/06/2017 13:00;30.38;4.33;311.35;0.29;860.58;87.5;13.65
06/06/2017 14:00;32.31;4.47;336.47;0.48;859.79;80.45;15.14
06/06/2017 15:00;31.8;4.83;322.31;0.43;859.61;98.32;16.57
06/06/2017 16:00;31.97;5.27;324.26;0.37;859.25;77.4;14.31
06/06/2017 17:00;33.25;3.81;315.19;0.45;858.68;74.32;13.43
06/06/2017 18:00;32.91;2.42;359;0.41;858.28;69.4;11.33
06/06/2017 19:00;33.1;1.03;349.21;0.27;857.72;73.5;11.52
06/06/2017 20:00;31.15;-2.34;40.63;0.53;857.92;80.67;12.09
06/06/2017 21:00;28.21;1.06;326.54;0.48;859.1;341.4;40.54
06/06/2017 22:00;25.58;1.33;321.72;0.11;859.64;305.48;35.61
06/06/2017 23:00;24.79;1.96;116.89;0.64;859.89;296.53;37.96
06/07/2017 00:00;23.87;6.8;146.67;0.36;859.88;90.26;17.67
06/07/2017 01:00;23.33;8.52;162.72;0.41;859.77;41.54;12.32
06/07/2017 02:00;22.59;8.58;158.89;0.15;859.83;51.24;14.14
06/07/2017 03:00;22.14;8.71;123.4;0.29;859.64;38.49;12.97
06/07/2017 04:00;21.62;8.35;119.32;0.82;859.46;34.35;11.8
06/07/2017 05:00;21.43;7.61;142.62;0.55;859.27;37.96;11.21
06/07/2017 06:00;21.17;6.77;146.42;0.43;859.12;34.65;10.82
06/07/2017 07:00;21.1;6.22;158.27;0.45;859.01;42.6;11.85
06/07/2017 08:00;21.37;6.28;138.35;0.44;859.43;49.26;13.11
06/07/2017 09:00;22.43;6.81;135.8;0.46;859.65;52.08;13.34
06/07/2017 10:00;25.3;5.99;132.96;0.32;859.67;70.12;13.96
06/07/2017 11:00;27.38;4.55;107.93;0.14;859.58;83.44;14.96
06/07/2017 12:00;29.48;4.23;70.79;0.06;859.09;94.05;16.56
06/07/2017 13:00;30.93;5.41;330.74;0.36;858.74;118.28;21.32
06/07/2017 14:00;32.77;1.11;63.99;0.31;857.93;172.11;23.9
06/07/2017 15:00;33.67;-2.56;98.04;0.89;857.33;156.78;22.78
06/07/2017 16:00;34.14;-2.46;7.56;0.65;856.76;195.19;25.62
06/07/2017 17:00;34.28;-2.04;39.8;0.53;856.33;142.36;21.61
06/07/2017 18:00;34.16;-2.75;37.35;0.42;856.13;110.04;19.83
06/07/2017 19:00;33.17;-3.06;35.71;0.53;855.93;92.87;16.1
06/07/2017 20:00;31.63;-2.57;68.37;0.45;855.98;83.37;14.87
06/07/2017 21:00;30.07;-1.98;21.51;0.48;856.29;85.77;15.8
06/07/2017 22:00;28.38;-2.08;101.89;0.54;856.63;69.17;14.32
06/07/2017 23:00;27.11;-3;110.17;1.07;857.08;45.72;10.26
06/08/2017 00:00;26.23;-4.12;108.17;0.82;857.18;37.84;8.43
06/08/2017 01:00;24.84;-4.07;99.22;0.14;857.19;44.59;9.26
06/08/2017 02:00;22.99;-2.4;121.76;0.02;857.06;70.59;15.01
06/08/2017 03:00;22.55;-2.62;58.42;0.03;856.89;58.1;13.2
06/08/2017 04:00;21.4;-1.93;173.32;0.01;856.94;51.21;13.1
06/08/2017 05:00;20.13;-2.18;152.75;0.02;857.05;43.23;14.47
06/08/2017 06:00;20.18;-3.1;163.03;0.04;857.23;46.08;11.96
06/08/2017 07:00;20.2;-3.77;152.43;0.23;857.69;49.22;11.63
06/08/2017 08:00;20.83;2.79;141.47;0.39;858.03;69.4;15.91
06/08/2017 09:00;22;7.29;151.26;0.53;858.21;60.04;16.58
06/08/2017 10:00;24;9.92;158.79;0.76;858.41;55.07;17.16
06/08/2017 11:00;26.24;8.27;164.55;0.41;858.22;56.47;14.59
06/08/2017 12:00;28.01;5.49;137.79;0.35;857.91;62.68;13.74
06/08/2017 13:00;29.32;2.93;228.87;0.11;857.65;55.41;11.19
06/08/2017 14:00;30.61;1.32;282.84;0.24;856.99;60.56;11.88
06/08/2017 15:00;31.11;0.86;316.9;0.34;856.58;70.11;12.93
06/08/2017 16:00;31.4;0.62;332.75;0.43;856.31;70.62;12.99
06/08/2017 17:00;32.23;-3.49;338.49;0.43;856.19;83.11;12.54
06/08/2017 18:00;32.24;-4.5;334.05;0.41;856.1;47.43;8.58
06/08/2017 19:00;31.98;-2.79;338.66;0.33;855.98;45.56;8.6
06/08/2017 20:00;30.99;-2.22;357.81;0.23;856.01;47.39;8.79
06/08/2017 21:00;28.9;1.72;146.26;0.3;856.4;51.22;10.79
06/08/2017 22:00;25.56;10.05;167.34;0.73;857.06;62.97;15.38
06/08/2017 23:00;24.24;9.94;155.14;0.61;857.85;51.52;15.12
06/09/2017 00:00;23.25;9.8;157.94;0.72;858.29;54.37;15.03
06/09/2017 01:00;22.18;9.3;162.33;1.07;858.32;54.41;14.91
06/09/2017 02:00;21.44;9.08;160.67;0.94;858.3;46.31;13.53
06/09/2017 03:00;20.5;7.67;165.07;1.03;858.33;40.72;13.02
06/09/2017 04:00;19.77;8.25;160.47;0.8;858.2;33.34;13.06
06/09/2017 05:00;19.31;8.2;155.11;0.57;858.25;31.77;13.15
06/09/2017 06:00;18.91;8.22;155.01;0.54;858.49;27.21;12.82
06/09/2017 07:00;18.77;8;159.15;0.53;858.71;29.49;13.45
06/09/2017 08:00;18.84;7.95;152.82;0.55;858.64;54.76;17.2
06/09/2017 09:00;19.95;7.71;159.4;0.67;858.64;33.69;13.24
06/09/2017 10:00;22.59;8.14;161.02;0.68;858.84;38.76;12.11
06/09/2017 11:00;25.37;8.13;166.63;0.66;858.63;39.17;11.51
06/09/2017 12:00;27.5;7.46;172.04;0.38;858.39;45.48;11.6
06/09/2017 13:00;28.98;6.8;257.37;0.07;858.09;51.01;11.56
06/09/2017 14:00;30.3;6.62;68.42;0.12;857.6;61.93;12.96
06/09/2017 15:00;31.04;6.51;326.76;0.26;857.16;71.43;14.97
06/09/2017 16:00;31.87;4.35;320.11;0.48;856.75;59.08;11.94
06/09/2017 17:00;32.39;2.41;321.99;0.44;856.42;49.65;9.7
06/09/2017 18:00;32.19;4.25;314.33;0.39;855.9;41.88;9.87
06/09/2017 19:00;32.15;0.86;328.89;0.33;855.54;37.23;8.19
06/09/2017 20:00;31.22;1.16;41.15;0.13;855.53;37.63;8.44
06/09/2017 21:00;29.87;1.93;52.66;0.19;855.53;48.23;10.14
06/09/2017 22:00;28.23;1.85;106.84;0.28;855.6;64.12;13.37
06/09/2017 23:00;26.67;5.95;158.46;0.33;856.09;53.96;12.52
06/10/2017 00:00;25.54;6.99;161.74;0.42;856.34;47.83;11.66
06/10/2017 01:00;24.46;7.2;146.08;0.42;856.23;45.61;11.23
06/10/2017 02:00;23.48;7.47;145.44;0.4;856.1;38.03;10.79
06/10/2017 03:00;22.78;7.37;148.14;0.44;855.92;32.86;10.34
06/10/2017 04:00;22.23;7.69;140.29;0.46;855.95;30.91;10.34
06/10/2017 05:00;21.69;7.9;133.55;0.56;856.09;28.26;10.21
06/10/2017 06:00;21;7.76;131.21;0.49;856.19;30.27;11.24
06/10/2017 07:00;20.76;8.02;126.68;0.56;856.71;34.37;12.26
06/10/2017 08:00;21.13;8.38;130.03;0.53;856.87;56.3;16.54
06/10/2017 09:00;22.72;8.58;142.11;0.4;857.17;55.64;14.68
06/10/2017 10:00;25.29;8.51;150.13;0.45;857.19;61.86;14.15
06/10/2017 11:00;28.34;7.67;150.83;0.05;857.23;74.72;15.28
06/10/2017 12:00;30.29;6;44.31;0.31;857.14;86.36;15.61
06/10/2017 13:00;31.4;1.94;355.96;0.42;856.99;65.83;11.65
06/10/2017 14:00;32.28;-0.33;13.75;0.42;856.5;100.26;15.27
06/10/2017 15:00;32.94;-1.12;357.87;0.37;855.9;75.34;11.91
06/10/2017 16:00;33.42;-1.02;18.94;0.52;855.44;104.98;13.77
06/10/2017 17:00;33.83;-1.92;10.23;0.36;854.98;72.42;12.06
06/10/2017 18:00;33.94;-2.64;9.6;0.53;854.51;76.44;11.74
06/10/2017 19:00;33.46;-3.27;52.44;0.45;854.12;64.05;11.51
06/10/2017 20:00;32.07;-3;83.31;0.54;854.01;60.29;10.8
06/10/2017 21:00;30.43;-1.9;95.96;0.6;853.99;62.33;11.57
06/10/2017 22:00;29.03;-1;105.89;0.59;854.25;51.79;11.99
06/10/2017 23:00;28.23;-0.46;108.64;0.86;854.43;51;12.21
06/11/2017 00:00;27.09;-0.13;107.39;1.01;854.49;52.77;13.47
06/11/2017 01:00;26.48;-1.02;107.32;0.88;854.37;51.14;13.4
06/11/2017 02:00;25.09;-0.42;77.52;0.07;854.25;74.14;17.08
06/11/2017 03:00;23.15;1.2;150.64;0.01;854.08;79.32;19.46
06/11/2017 04:00;22.11;1.16;143.34;0.03;853.88;72.75;18.36
06/11/2017 05:00;21.64;0.95;168.61;0.03;853.68;71.78;17.97
06/11/2017 06:00;21.73;0.38;140.47;0.13;853.66;76.41;18.27
06/11/2017 07:00;21.54;-0.28;148.96;0.18;853.8;88.5;19.71
06/11/2017 08:00;22.16;0.2;145.56;0.24;853.98;102.82;22.31
06/11/2017 09:00;23.91;0.15;150.26;0.26;854;99.78;19.99
06/11/2017 10:00;27.04;-0.5;65.98;0.09;853.89;107.67;20.35
06/11/2017 11:00;28.93;-0.33;335.03;0.29;853.79;123.23;22.5
06/11/2017 12:00;30.25;-0.28;330.15;0.36;853.63;125.96;21.59
06/11/2017 13:00;32.07;-7.95;29.98;0.41;853.4;154.19;16.92
06/11/2017 14:00;32.61;-10.09;60.91;0.46;853.21;111.3;15.25
06/11/2017 15:00;32.86;-10.39;332.86;0.67;852.81;133.48;16.98
06/11/2017 16:00;33.41;-11.51;341.03;0.74;852.47;87;12.94
06/11/2017 17:00;33.77;-12.39;339.3;0.71;852.11;91.16;10.53
06/11/2017 18:00;33.79;-12.42;37.71;0.55;851.89;75.66;9.17
06/11/2017 19:00;33.45;-13.75;81.61;0.55;851.6;72.36;8.48
06/11/2017 20:00;31.6;-14.06;102.63;0.87;851.65;82.31;9.11
06/11/2017 21:00;29.82;-11.01;106.72;0.82;851.94;60.32;8.44
06/11/2017 22:00;28.32;-9.72;109.15;0.75;852.45;49.86;8.67
06/11/2017 23:00;27.34;-6.39;110.46;1.08;853.05;64.28;10.68
06/12/2017 00:00;26.35;-3.09;109.19;1.19;853.47;56.94;11.53
06/12/2017 01:00;25.24;-2.07;107.34;0.9;853.91;47.62;11.6
06/12/2017 02:00;24.75;-2.14;107.97;1.09;854.07;44.74;11.42
06/12/2017 03:00;23.84;-1.17;314.04;0.14;854.44;55.06;13.77
06/12/2017 04:00;22.46;1.34;288.59;0.09;854.74;55;14.7
06/12/2017 05:00;20.99;5.12;157.3;0.24;855.17;44.43;12.77
06/12/2017 06:00;19.87;7.33;137.86;0.3;855.62;33.02;12.66
06/12/2017 07:00;19.29;8.22;150.49;0.37;855.9;35.21;14.29
06/12/2017 08:00;19.65;8.64;157.6;0.38;855.98;41.61;16.04
06/12/2017 09:00;20.64;8.34;155.74;0.56;856.06;40.59;14.18
06/12/2017 10:00;22.6;7.84;154.53;0.65;856.1;53.35;14.87
06/12/2017 11:00;25.05;7.33;166.39;0.58;855.88;55.78;14.17
06/12/2017 12:00;27.06;5.54;130.66;0.13;855.6;63.85;13.45
06/12/2017 13:00;28.53;4.34;321.08;0.2;855.31;84.03;15.82
06/12/2017 14:00;29.36;2.26;355.57;0.21;854.88;80.75;15.85
06/12/2017 15:00;30.87;-1.01;338.45;0.37;854.41;95.53;16.11
06/12/2017 16:00;31.74;-5.27;353.37;0.45;854.33;102.37;13.77
06/12/2017 17:00;32.29;-6.99;334.85;0.63;854.07;131.37;16.74
06/12/2017 18:00;31.78;-6.42;349.51;0.59;854.03;77.38;10.43
06/12/2017 19:00;31.91;-5.25;332.83;0.36;853.66;69.39;10.97
06/12/2017 20:00;30.7;-4.88;352.05;0.37;853.46;66.09;10.3
06/12/2017 21:00;29.55;-4.32;29.69;0.22;853.77;74.68;11.25
06/12/2017 22:00;27.93;-2.16;109.63;0.78;854.14;60.53;11.17
06/12/2017 23:00;26.76;-0.98;109.46;1.12;854.72;44.36;8
06/13/2017 00:00;26.02;-0.97;109.89;1.1;854.96;41.14;7.64
06/13/2017 01:00;25.32;-1.38;109.51;1.27;854.98;46.98;8.37
06/13/2017 02:00;24.54;0.22;96.53;0.3;855.4;53.02;10.5
06/13/2017 03:00;22.4;5.53;108.54;0.05;855.87;58.84;13.12
06/13/2017 04:00;21.13;8.56;152.63;0.37;856.12;34.78;11.8
06/13/2017 05:00;20.09;9.88;147.99;0.33;856.26;33.19;12.37
06/13/2017 06:00;19.41;10.24;156.58;0.34;856.3;34.67;12.77
06/13/2017 07:00;18.89;10.01;162.44;0.46;856.57;56.71;17.28
06/13/2017 08:00;19.42;9.93;160.89;0.56;856.68;45.2;14.06
06/13/2017 09:00;20.2;10.08;161.82;0.67;856.9;45.74;13.98
06/13/2017 10:00;22.6;9.67;157.99;0.54;857;51.93;14.74
06/13/2017 11:00;25.15;8.54;173.15;0.33;856.95;56.41;13.89
06/13/2017 12:00;27.16;6.65;312.17;0.17;856.79;84.89;14.88
06/13/2017 13:00;29.18;0.92;348.67;0.34;856.64;107.6;15.21
06/13/2017 14:00;30.5;-4;345.93;0.51;856.32;90.92;12.37
06/13/2017 15:00;30.86;-5.13;349.48;0.49;856.1;95.67;11.57
06/13/2017 16:00;31.8;-4.03;30.9;0.39;855.83;76.59;10.25
06/13/2017 17:00;31.85;-3.4;28.92;0.32;855.62;76.78;10.5
06/13/2017 18:00;31.75;-3.32;88.79;0.52;855.31;90.15;10.66
06/13/2017 19:00;31.95;-3.1;18.65;0.31;855.2;60.48;8.81
06/13/2017 20:00;30.98;-2.75;358.52;0.18;855.36;63.67;9.55
06/13/2017 21:00;29.77;-2.47;3.72;0.25;855.34;75.76;11.33
06/13/2017 22:00;27.78;2.44;221.96;0.06;855.59;64.96;11.97
06/13/2017 23:00;24.38;10.18;153.03;0.37;856.41;46.27;12.99
06/14/2017 00:00;22.8;10.44;146.75;0.5;856.66;36.52;13.31
06/14/2017 01:00;21.5;10.46;165.49;0.75;856.81;50.13;14.55
06/14/2017 02:00;20.38;10.58;163.6;0.51;856.87;35.55;11.79
06/14/2017 03:00;19.59;10.51;167.12;0.61;856.95;30.22;11.22
06/14/2017 04:00;18.89;10.35;166.86;0.67;856.85;28.19;11.04
06/14/2017 05:00;18.28;10.31;160.94;0.55;856.96;31.37;15.19
06/14/2017 06:00;17.84;10.35;153.57;0.52;857.12;22.29;11.14
06/14/2017 07:00;17.62;10.14;147.5;0.54;857.17;35.89;12.81
06/14/2017 08:00;17.99;10.11;160.44;0.57;857.14;31.23;11.46
06/14/2017 09:00;19.42;10.06;166.1;0.54;857.06;44.9;11.96
06/14/2017 10:00;22.05;9.93;162.02;0.66;856.96;44.28;11.4
06/14/2017 11:00;25.64;9.08;170.9;0.48;856.83;53.2;10.61
06/14/2017 12:00;27.83;8.34;160.9;0.61;856.67;47.35;8.86
06/14/2017 13:00;29.69;6.53;148.68;0.2;856.22;55.89;9.64
06/14/2017 14:00;31.01;5.38;328.6;0.32;855.77;89.47;14.61
06/14/2017 15:00;31.53;2.37;342.66;0.32;855.07;87.16;16.68
06/14/2017 16:00;32.25;1.98;339.07;0.35;854.31;81.9;15.85
06/14/2017 17:00;33.31;1.25;358.87;0.33;853.46;121.77;18.59
06/14/2017 18:00;33.2;-1.3;106.88;1.29;852.8;140.68;18.9
06/14/2017 19:00;32.75;-2.11;110.05;1.66;852.28;139.6;19.11
06/14/2017 20:00;32.05;-3.67;108.71;1.77;852.1;128.25;18.46
06/14/2017 21:00;30.9;-2.04;109.08;1.32;851.97;89.39;16.78
06/14/2017 22:00;29.83;-0.99;94.6;0.5;852.22;100.01;19.93
06/14/2017 23:00;28.34;0.44;64.43;0.22;852.69;132.92;25.86
06/15/2017 00:00;26.62;1.73;108.49;0.41;852.72;154.54;30.54
06/15/2017 01:00;24.67;1.95;113.76;0.46;852.56;148.95;33.61
06/15/2017 02:00;25.28;1.72;70.72;0.3;852.86;177.31;33.12
06/15/2017 03:00;25.07;3.37;105.91;0.92;853.54;314.39;44.18
06/15/2017 04:00;24.07;1.74;110.39;1.09;853.71;138.81;25.16
06/15/2017 05:00;23.19;1.08;102.72;0.59;853.91;110.7;22.5
06/15/2017 06:00;21.98;2.1;78.9;0.21;854;97.39;21.74
06/15/2017 07:00;21.53;3.59;107.87;0.51;854.08;120.39;25.61
06/15/2017 08:00;21.46;5.57;105.48;0.49;854.13;118.64;27.92
06/15/2017 09:00;23.08;4.31;95.3;0.46;853.9;136.7;30.23
06/15/2017 10:00;25.24;3.28;5.63;0.41;853.96;169.14;36.34
06/15/2017 11:00;26.7;2.11;30.53;0.53;853.96;286.58;48.37
06/15/2017 12:00;27.98;1.66;29.35;0.5;854.06;324.59;56.81
06/15/2017 13:00;28.76;1.61;23.82;0.49;854.09;328.19;60.76
06/15/2017 14:00;29.17;1.36;26.99;0.54;854.17;353.2;63.9
06/15/2017 15:00;29.4;0.6;58.97;0.76;854.48;321.18;59.68
06/15/2017 16:00;29.82;-0.4;27.34;0.79;854.7;286.68;51.06
06/15/2017 17:00;29.96;0.33;10.93;0.78;854.85;221.14;48.4
06/15/2017 18:00;29.84;-0.05;19.5;0.63;854.9;202.18;45.59
06/15/2017 19:00;29.33;0.1;21.6;0.61;854.91;182.03;42.39
06/15/2017 20:00;28.37;0.32;27.14;0.54;855.1;180.68;39.93
06/15/2017 21:00;27.22;0.68;31.22;0.39;855.45;180.79;38.99
06/15/2017 22:00;26.02;1.21;101.84;0.3;855.74;171.4;37.24
06/15/2017 23:00;24.44;1.56;111.14;0.49;856.26;166.2;38.28
06/16/2017 00:00;23.71;1.51;110.41;0.39;856.34;209.97;48.84
06/16/2017 01:00;23;1.59;119.19;0.22;856.44;223.96;51.77
06/16/2017 02:00;22.59;1.85;119.22;0.21;856.38;234.17;53.06
06/16/2017 03:00;21.45;6.77;129.7;0.41;856.57;104.54;26.51
06/16/2017 04:00;20;8.14;135.13;0.48;856.75;61.08;19.24
06/16/2017 05:00;19.16;8.36;143.98;0.54;856.67;45.75;16.27
06/16/2017 06:00;18.66;8.1;156.46;0.36;856.64;43.29;15.51
06/16/2017 07:00;18.18;8.08;147.25;0.48;856.84;49.97;14.11
06/16/2017 08:00;18.39;7.96;138.81;0.5;856.99;55.84;15.47
06/16/2017 09:00;19.33;7.72;166.2;0.38;857.08;75.04;18.15
06/16/2017 10:00;21.45;7.15;157.12;0.51;856.92;115.82;25.33
06/16/2017 11:00;23.81;5.94;187.89;0.11;856.86;111.06;24.61
06/16/2017 12:00;25.21;5.07;341.37;0.37;856.78;100.93;20.57
06/16/2017 13:00;26.95;4.37;342.48;0.5;856.56;76.7;14.79
06/16/2017 14:00;27.99;3.18;350.91;0.59;856.32;68.1;13.14
06/16/2017 15:00;29.03;2.18;23.53;0.46;856.27;140.53;18.85
06/16/2017 16:00;29.57;1.11;40.26;0.28;855.89;108.58;14.13
06/16/2017 17:00;29.93;0.64;78.39;0.42;855.52;71.24;11.11
06/16/2017 18:00;29.84;1.06;60.86;0.34;855.13;43.11;9.49
06/16/2017 19:00;29.77;1.46;93.13;0.61;854.81;56.35;10.45
06/16/2017 20:00;28.71;1.6;62.26;0.42;854.86;49.81;10.44
06/16/2017 21:00;27.18;2.81;99.71;0.61;855.06;50.47;10.85
06/16/2017 22:00;26.09;3.09;106.52;0.69;855.32;45.28;11.39
06/16/2017 23:00;25.25;3.29;111.44;0.92;855.76;41.04;12.31
06/17/2017 00:00;24.59;3.43;113.5;0.97;855.92;37.53;11.61
06/17/2017 01:00;24.08;3.56;112.83;0.96;856.06;38.25;11.48
06/17/2017 02:00;23.55;3.25;112.44;0.94;855.98;37.16;10.95
06/17/2017 03:00;21.93;5.04;26.13;0.15;856.06;46.67;15.2
06/17/2017 04:00;21.03;5.46;127.83;0.04;856.08;43.29;15.12
06/17/2017 05:00;19.53;5.76;143.6;0.32;856.23;36.49;13.18
06/17/2017 06:00;18.32;6.29;173.33;0.23;856.66;28.91;13.29
06/17/2017 07:00;17.81;6.61;44.16;0.14;857.28;30.37;13.48
06/17/2017 08:00;16.98;7.26;354.19;0.48;857.75;55.7;14.38
06/17/2017 09:00;17.36;6.9;2.44;0.54;858.24;61.47;13.9
06/17/2017 10:00;19.28;7.14;336.67;0.32;858.5;63.94;14.28
06/17/2017 11:00;21.43;7.22;330.65;0.2;858.15;56.38;12.38
06/17/2017 12:00;23.32;6.99;328.18;0.3;857.71;76.37;15.36
06/17/2017 13:00;25.48;6.57;301.83;0.15;857.36;115.14;17.84
06/17/2017 14:00;26.78;5.97;334.67;0.29;856.95;99.65;18.1
06/17/2017 15:00;27.99;5.41;325.35;0.46;856.54;101.29;17.12
06/17/2017 16:00;28.9;3.41;344.52;0.55;856.16;90.89;14.93
06/17/2017 17:00;29.49;2.73;334.43;0.39;855.77;79.66;13.31
06/17/2017 18:00;29.79;2.12;1.96;0.25;855.34;70.98;11.97
06/17/2017 19:00;29.98;1.32;0.61;0.32;854.97;71.08;12.3
06/17/2017 20:00;28.94;0.6;354.78;0.21;854.93;62.97;11.28
06/17/2017 21:00;27.8;0.84;359.62;0.34;855.04;63.42;13
06/17/2017 22:00;25.07;4.33;152.08;0.32;855.47;65.8;13.42
06/17/2017 23:00;22.76;6.74;164.94;0.44;855.97;47.45;11.04
06/18/2017 00:00;21.31;7.01;170.68;0.65;856.05;72.57;12.76
06/18/2017 01:00;20.17;7.03;164.51;0.78;856.14;50.82;11.41
06/18/2017 02:00;19.14;7.1;162.73;0.61;856.07;41.24;10.21
06/18/2017 03:00;18.25;7.2;166.98;0.52;855.98;29.16;9.19
06/18/2017 04:00;17.78;7.31;167.54;0.48;855.94;21.98;9.46
06/18/2017 05:00;17.34;7.34;154.65;0.48;855.92;22.59;8.87
06/18/2017 06:00;16.95;7.45;150.92;0.56;856.04;24.32;8.81
06/18/2017 07:00;16.79;7.56;147.21;0.45;856.13;27.38;9.39
06/18/2017 08:00;17.24;7.67;159.68;0.46;855.98;35.39;10.11
06/18/2017 09:00;18.27;7.83;166.69;0.45;855.93;51.03;12.01
06/18/2017 10:00;20.63;8.13;166.41;0.59;855.77;56.97;13.01
06/18/2017 11:00;23.62;8.11;157.03;0.6;855.33;59.51;14.4
06/18/2017 12:00;27.76;6.43;154.65;0.15;855.11;81.02;15.26
06/18/2017 13:00;28.7;5.21;342.12;0.5;854.78;103.23;19.29
06/18/2017 14:00;30.09;2.41;80.4;0.67;854.42;205.58;26.07
06/18/2017 15:00;30.56;1.01;95.22;0.93;854.01;219.39;25.08
06/18/2017 16:00;31.45;0.42;54.96;0.61;853.71;244.92;23.38
06/18/2017 17:00;31.35;-2.42;68.31;0.64;853.77;155.82;23.56
06/18/2017 18:00;31.5;-1.57;12.07;0.48;853.71;67.33;10.22
06/18/2017 19:00;30.82;-0.18;59.1;0.41;853.76;53.96;9.67
06/18/2017 20:00;29.21;0.45;54.18;0.36;854.01;46.8;10.18
06/18/2017 21:00;27.88;0.78;100.31;0.61;854.35;42.57;10.2
06/18/2017 22:00;26.78;1.25;108.62;0.85;854.71;32.57;10.04
06/18/2017 23:00;25.82;1.69;108;0.85;855.35;31.55;10.94
06/19/2017 00:00;25.02;1.98;108.97;0.91;855.61;36.3;11.66
06/19/2017 01:00;24.52;2.8;105.7;0.38;855.73;41.21;13.26
06/19/2017 02:00;23.32;3.53;112.22;0.02;855.73;86.09;19.92
06/19/2017 03:00;22.2;3.91;173.82;0.02;855.59;51.77;17.75
06/19/2017 04:00;21.49;5.43;150.8;0.22;855.69;35.96;11.88
06/19/2017 05:00;20.45;6.04;148.27;0.35;855.75;31.94;11.32
06/19/2017 06:00;19.72;5.88;144.81;0.3;855.87;32.04;12.65
06/19/2017 07:00;19.31;5.68;156.68;0.33;856.02;36.94;14.49
06/19/2017 08:00;19.79;6.23;157.41;0.28;856.02;56.45;17.6
06/19/2017 09:00;21.59;6.21;158.06;0.43;856.16;53.81;14.91
06/19/2017 10:00;24.02;5.63;155.49;0.21;856.28;68.36;16.15
06/19/2017 11:00;26.59;4.9;323.5;0.3;856.06;75.31;18.92
06/19/2017 12:00;27.99;5.22;324.16;0.33;855.77;80.09;18.83
06/19/2017 13:00;29.43;4.26;334.18;0.45;855.34;82.93;16.62
06/19/2017 14:00;30.84;2.38;333.32;0.47;854.68;81.35;14.76
06/19/2017 15:00;31.99;-0.31;335.57;0.59;854.13;113.24;17.41
06/19/2017 16:00;32.56;-2.58;8.17;0.35;853.69;60.08;9.81
06/19/2017 17:00;33.14;-2.44;335.96;0.43;853.28;69.78;10.42
06/19/2017 18:00;33.27;-2.99;323.96;0.65;852.96;83.24;12.1
06/19/2017 19:00;32.88;-2.75;333.9;0.6;852.61;52.4;9.35
06/19/2017 20:00;31.85;-1.61;324.04;0.49;852.55;52.81;10.51
06/19/2017 21:00;30.43;0.19;356.29;0.21;852.52;77.13;13.67
06/19/2017 22:00;28.82;1.34;104.83;0.53;852.98;57.58;11.26
06/19/2017 23:00;27.37;2.47;100.42;0.36;853.69;47.57;10.59
06/20/2017 00:00;26.43;3.29;103.4;0.43;853.99;48.35;11.82
06/20/2017 01:00;24.63;2.07;107.72;0.06;854;60.23;14.33
06/20/2017 02:00;24.34;2.58;109.72;0.57;853.75;53.33;14.6
06/20/2017 03:00;24.58;2.84;106.33;0.57;853.56;49.27;14.25
06/20/2017 04:00;24.24;3.38;108.17;0.95;853.61;42.2;13.8
06/20/2017 05:00;23.49;3.89;98.73;0.45;853.52;41.46;14.33
06/20/2017 06:00;22.19;4.34;96.06;0.04;853.62;51.29;16.77
06/20/2017 07:00;21.43;4.96;58.15;0;853.84;88.02;24.36
06/20/2017 08:00;22.1;5.06;312.67;0.05;853.92;83.71;22.58
06/20/2017 09:00;23.23;5.33;5.64;0.35;854.07;70.12;19.99
06/20/2017 10:00;25.33;5.35;325.97;0.25;854.12;84.43;19.07
06/20/2017 11:00;27.52;5.26;341.23;0.38;853.97;101.07;19.4
06/20/2017 12:00;28.89;3.86;345.55;0.42;853.65;104.86;18.22
06/20/2017 13:00;29.96;2.95;345.63;0.5;853.27;104.37;16.85
06/20/2017 14:00;30.91;1.92;11.98;0.49;852.83;98.23;15.26
06/20/2017 15:00;31.68;1.02;50.38;0.45;852.21;133.75;18.97
06/20/2017 16:00;32.23;1.72;63.33;0.48;851.74;116.55;20.37
06/20/2017 17:00;32.79;1.86;29.34;0.47;851.09;114.6;18.74
06/20/2017 18:00;32.44;2.08;96.26;0.78;850.65;92.92;19.63
06/20/2017 19:00;31.78;2.82;88.7;0.76;850.42;155.36;24.67
06/20/2017 20:00;30.07;2.36;91.43;0.79;850.64;123.87;20.99
06/20/2017 21:00;28.55;1.99;91.39;0.7;851.13;93.65;18.82
06/20/2017 22:00;27.27;2.63;98.95;0.43;851.71;76.44;18.28
06/20/2017 23:00;26.16;4.15;103.62;0.6;852.28;65.28;16.93
06/21/2017 00:00;25.29;4.35;100.68;0.49;852.57;66.74;16.8
06/21/2017 01:00;24.63;4.36;101.19;0.45;852.68;62.63;15.99
06/21/2017 02:00;23.9;4.09;108.72;1.07;852.78;53.46;15.49
06/21/2017 03:00;23.05;3.95;107.59;1;852.85;56.47;16.22
06/21/2017 04:00;22.56;3.67;108.32;0.93;852.92;55.07;15.94
06/21/2017 05:00;21.94;3.7;108.43;0.86;852.8;54.02;16.09
06/21/2017 06:00;20.85;3.63;97.57;0.1;852.94;63.72;17.73
06/21/2017 07:00;19.99;4.79;29.52;0.09;853.14;79.6;24.87
06/21/2017 08:00;20.47;4.71;316.65;0.09;853.28;79.56;25.22
06/21/2017 09:00;21.69;3.93;320.38;0.16;853.54;78.21;21.93
06/21/2017 10:00;23.81;3.41;357.26;0.06;853.49;78.5;18.71
06/21/2017 11:00;25.55;2.42;342.08;0.23;853.46;70.36;15.89
06/21/2017 12:00;26.58;2.02;22.94;0.23;853.38;82.37;16.78
06/21/2017 13:00;28.1;1.62;332.85;0.31;853.27;111.8;18.97
06/21/2017 14:00;29.07;1.35;321.92;0.37;852.95;95.51;16.16
06/21/2017 15:00;29.9;0.99;321.28;0.52;852.51;140.15;21.02
06/21/2017 16:00;31.17;-3.38;12.48;0.35;852.34;102.24;14.54
06/21/2017 17:00;31.71;-6.12;346.57;0.54;852.23;87.77;13.47
06/21/2017 18:00;30.78;-4.79;327.47;0.56;852;70.68;10.51
06/21/2017 19:00;30.51;-5.4;323.1;0.42;851.46;66.91;10.26
06/21/2017 20:00;29.93;-5.9;3.43;0.35;851.28;61.12;9.54
06/21/2017 21:00;28.63;-5.8;355.7;0.38;851.73;70.96;12.83
06/21/2017 22:00;27.16;-2.71;43.91;0.27;852.19;80.94;13.86
06/21/2017 23:00;25.59;-3.57;107.71;0.3;852.68;59.61;10.82
06/22/2017 00:00;24.63;2.23;145.98;0.21;852.79;57.32;11.06
06/22/2017 01:00;24.63;0.44;75.21;0.32;853.09;57.96;11.7
06/22/2017 02:00;22.35;7.35;144.58;0.29;853.4;43.64;11.11
06/22/2017 03:00;21.16;7.74;114.2;0.67;853.52;29.65;10.55
06/22/2017 04:00;21.09;3.82;109.11;0.41;853.58;65.4;16.17
06/22/2017 05:00;21.08;1.02;107.81;0.69;853.61;74.97;16.88
06/22/2017 06:00;20.44;0.8;108.49;0.65;853.66;86.84;18.11
06/22/2017 07:00;19.65;0.62;112.14;0.68;853.97;97.54;20.38
06/22/2017 08:00;20.1;1.16;104.35;0.8;854.21;93.93;20.37
06/22/2017 09:00;21.89;0.92;102.6;1.2;854.33;104.25;18.76
06/22/2017 10:00;23.53;0.7;103.51;0.81;854.41;101.12;17.31
06/22/2017 11:00;25.24;0.1;47.89;0.21;854.44;99.87;16.43
06/22/2017 12:00;25.73;0.15;352.26;0.34;854.46;93.61;15.9
06/22/2017 13:00;26.62;-0.86;4.68;0.37;854.24;91.23;16.17
06/22/2017 14:00;27.37;-0.11;353.21;0.37;853.89;108.35;17.78
06/22/2017 15:00;28.03;-1.11;358.41;0.34;853.62;111.09;15.26
06/22/2017 16:00;28.83;-4.87;353.88;0.4;853.42;103.58;12.75
06/22/2017 17:00;29.3;-5.16;357.83;0.42;853.37;69.95;10.97
06/22/2017 18:00;29.24;-4.34;338.78;0.52;852.92;74.11;11.37
06/22/2017 19:00;28.91;-4.83;336.13;0.53;852.65;64.66;9.38
06/22/2017 20:00;28.04;-3.97;359.27;0.54;853.07;60.67;8.92
06/22/2017 21:00;24.34;5.28;329.61;0.56;854.13;115.19;17.74
06/22/2017 22:00;22.27;6.77;332.47;0.36;855.82;44.35;11.51
06/22/2017 23:00;20.96;6.64;266.1;0.26;856.95;39.17;11.32
06/23/2017 00:00;20.34;7.2;267.66;0.13;857.64;30.03;10.99
06/23/2017 01:00;19.08;7.22;346.76;0.23;857.97;28.01;11.04
06/23/2017 02:00;18.61;7.35;111.85;0.27;858.05;23.33;10.44
06/23/2017 03:00;18.72;8.07;146.36;0.26;857.88;20.74;10.65
06/23/2017 04:00;18.12;7.84;187.37;0.24;858.18;17.14;8.33
06/23/2017 05:00;17.79;7.81;170.1;0.2;858.37;18.72;8.56
06/23/2017 06:00;17.47;7.27;170.78;0.25;858.66;17.05;8.39
06/23/2017 07:00;16.95;7.43;168.29;0.33;859.1;22.35;8.98
06/23/2017 08:00;17;8.05;170.39;0.4;859.38;19.68;8.64
06/23/2017 09:00;18.17;7.67;163.46;0.63;859.63;21.69;8.4
06/23/2017 10:00;19.76;7.39;194.04;0.4;859.78;22.66;8.28
06/23/2017 11:00;21.8;7.45;233.31;0.39;859.55;27.47;7.98
06/23/2017 12:00;23.74;7.37;200.86;0.29;859.36;32.16;8.69
06/23/2017 13:00;24.62;6.99;190.76;0.3;858.98;31.43;8.23
06/23/2017 14:00;26.14;6.1;151.71;0.22;858.58;30.85;7.97
06/23/2017 15:00;25.6;5.85;215.42;0.11;858.22;53.83;11.93
06/23/2017 16:00;26.32;5.7;302.17;0.15;857.87;38.56;9.25
06/23/2017 17:00;27.39;5.51;311.24;0.13;857.5;35.96;8.42
06/23/2017 18:00;27.26;5.35;292.88;0.2;857.16;31.42;8.74
06/23/2017 19:00;27.34;6.02;206.79;0.24;857.06;31.06;7.79
06/23/2017 20:00;25.85;6.14;185.82;0.32;857.2;29.02;6.94
06/23/2017 21:00;24.29;7.14;177.85;0.56;857.52;50.55;9.05
06/23/2017 22:00;22.6;7.63;161.78;0.94;858;46.56;8.9
06/23/2017 23:00;21.52;8.03;163.97;0.8;858.57;29.57;8.57
06/24/2017 00:00;20.64;8.24;167.96;0.72;859.08;32.76;9.47
06/24/2017 01:00;19.96;8.25;170.97;0.67;859.08;35.92;10
06/24/2017 02:00;19.28;8.51;169.6;0.63;858.89;26.81;9.9
06/24/2017 03:00;18.88;8.76;166.02;0.56;858.81;199.02;34.15
06/24/2017 04:00;18.56;8.65;169.08;0.61;858.88;42.03;10.31
06/24/2017 05:00;18.1;7.81;164.42;0.56;858.95;24.92;8.07
06/24/2017 06:00;17.83;7.49;168.4;0.63;859.32;32;9.05
06/24/2017 07:00;17.37;6.78;155.94;0.38;859.8;41.09;9.81
06/24/2017 08:00;17.75;7.17;176.41;0.35;860.02;36.86;9.76
06/24/2017 09:00;18.82;7.69;170.63;0.53;860.03;44.72;10.94
06/24/2017 10:00;20.9;7.55;167.57;0.92;859.87;43.37;10.62
06/24/2017 11:00;23.28;7.3;172;0.86;859.38;42.83;9.45
06/24/2017 12:00;25.28;7.06;178.35;0.61;859.04;40.76;8.62
06/24/2017 13:00;26.86;6.73;200.79;0.46;858.65;42.43;7.96
06/24/2017 14:00;27.8;6.15;129.41;0.59;858.11;32.29;7.62
06/24/2017 15:00;28.66;5.93;91.48;0.14;857.44;45.36;8.66
06/24/2017 16:00;29.78;5.82;336.31;0.17;856.92;55.18;9.01
06/24/2017 17:00;30.61;5.67;66.77;0.2;856.48;65.36;11.23
06/24/2017 18:00;30.62;4.38;302.7;0.28;856.05;58.9;10.94
06/24/2017 19:00;30.64;4.33;323.57;0.33;855.83;60.39;10.89
06/24/2017 20:00;29.57;4.17;330.76;0.31;855.93;51.73;10.25
06/24/2017 21:00;28.07;4.98;158.62;0.23;856.2;43.28;9.43
06/24/2017 22:00;25.88;6.5;166.92;0.44;856.76;38.85;7.62
06/24/2017 23:00;24.34;7.53;157.85;0.45;857.5;46.78;9.21
06/25/2017 00:00;23.34;8.07;162.33;0.35;857.61;51.23;11.03
06/25/2017 01:00;22.54;8.22;159.95;0.36;857.45;44.89;10.25
06/25/2017 02:00;21.75;8.37;164.39;0.44;857.09;29.03;8.69
06/25/2017 03:00;21.09;8.49;168.7;0.41;856.8;27.33;8.88
06/25/2017 04:00;20.86;8.53;168.83;0.64;856.72;27.01;8.36
06/25/2017 05:00;20.36;8.3;158.34;0.73;856.68;41;9.41
06/25/2017 06:00;19.81;8.31;163.75;0.48;856.88;25.32;8.14
06/25/2017 07:00;19.59;7.12;168.26;0.35;857.15;26.75;8.08
06/25/2017 08:00;19.88;7.95;160.64;1.06;857.28;43.72;10.15
06/25/2017 09:00;20.91;7.82;172.03;0.72;857.67;37.53;9.39
06/25/2017 10:00;23.06;7.53;170.25;0.74;857.84;35.04;8.2
06/25/2017 11:00;25.48;7.5;175.61;0.68;857.85;41.41;7.76
06/25/2017 12:00;27.56;7.32;172.24;0.5;857.83;39.34;7.33
06/25/2017 13:00;28.63;6.5;264.92;0.3;857.64;44.6;7.5
06/25/2017 14:00;29.78;6.03;276.77;0.06;857.26;45.91;7.83
06/25/2017 15:00;29.82;5.54;291.7;0.33;856.86;46.16;7.99
06/25/2017 16:00;31.02;4.83;316.87;0.21;856.47;34.63;6.89
06/25/2017 17:00;32.24;4.76;287.53;0.25;856.07;41.27;7.2
06/25/2017 18:00;32.01;4.66;286.7;0.25;856.05;36.82;6.43
06/25/2017 19:00;31.42;4.7;209.22;0.31;856.19;33.25;6.05
06/25/2017 20:00;29.28;5.59;181.63;0.58;856.72;48.27;7.75
06/25/2017 21:00;27.06;7.44;170.26;0.76;857.46;48.75;9.28
06/25/2017 22:00;25.51;7.84;179.58;0.5;858.01;75.59;10.4
06/25/2017 23:00;24.28;8.06;168.11;0.5;858.76;49.3;10.52
06/26/2017 00:00;23.15;8.09;174.79;0.58;859.23;42.97;10.34
06/26/2017 01:00;22.1;7.6;179.43;0.65;859.66;81.84;13.9
06/26/2017 02:00;21.23;6.31;176.28;0.74;859.9;73.61;13.2
06/26/2017 03:00;20.6;5.71;172.54;0.97;859.84;57.23;11.73
06/26/2017 04:00;19.98;6.23;177.39;0.62;859.89;40.41;11.94
06/26/2017 05:00;19.52;6.13;174.5;0.6;860.01;30.99;10.58
06/26/2017 06:00;18.98;6.98;172.13;0.4;860.29;25.9;12.17
06/26/2017 07:00;18.75;6.86;177.16;0.5;860.56;28.78;12.47
06/26/2017 08:00;19.09;7.21;169.77;0.51;860.87;24.2;11.52
06/26/2017 09:00;20.38;7.84;181.53;0.71;861.24;45.61;15.07
06/26/2017 10:00;22.3;8.2;173.79;0.89;861.4;77.83;15.63
06/26/2017 11:00;24.2;7.77;170.54;1.18;861.21;90.76;15.96
06/26/2017 12:00;25.72;6.61;165.78;1.26;861.06;72.11;11.32
06/26/2017 13:00;27.39;6.3;171.65;0.98;860.7;52.12;8.75
06/26/2017 14:00;29.16;5.21;174.32;0.83;860.35;35.53;6.17
06/26/2017 15:00;30.22;5.92;198.34;0.64;859.8;38.57;7.21
06/26/2017 16:00;31.08;6;186.29;0.57;859.38;33.29;6.44
06/26/2017 17:00;31.62;5.93;182.75;0.52;859.03;27.66;5.72
06/26/2017 18:00;31.67;6.6;235.94;0.41;858.81;31.39;7.11
06/26/2017 19:00;30.86;6.81;258.52;0.61;858.87;32.16;6.24
06/26/2017 20:00;29.18;7.6;242.96;0.41;859.37;38.13;7.79
06/26/2017 21:00;27.26;8.33;215.24;0.31;859.98;36.83;8.8
06/26/2017 22:00;25.51;8.91;167.64;0.44;860.36;37.59;10
06/26/2017 23:00;24.23;9.33;170.99;0.63;860.8;43.35;10.85
06/27/2017 00:00;23.18;9.72;175.64;0.66;861.13;32.53;10.67
06/27/2017 01:00;22.3;10.03;173.81;0.68;861.21;34.12;11.36
06/27/2017 02:00;21.42;10.17;174.75;0.97;861.02;35.32;11.41
06/27/2017 03:00;20.94;9.98;177.19;0.72;860.86;33.47;13.34
06/27/2017 04:00;20.37;9.34;170.87;0.63;860.86;20.35;10.28
06/27/2017 05:00;19.95;8.96;169.44;0.94;860.5;23.96;10.34
06/27/2017 06:00;19.52;8.67;163.45;0.51;860.62;22.58;10.32
06/27/2017 07:00;19.01;8.28;160.44;0.49;861.04;26.14;10.81
06/27/2017 08:00;19.47;8.27;160.13;0.65;861.25;19.55;9.81
06/27/2017 09:00;20.58;8.52;171.81;0.68;861.33;23.07;9.72
06/27/2017 10:00;22.96;8.71;163.94;0.57;861.17;30.8;9.81
06/27/2017 11:00;26.18;8.73;159.54;0.57;860.92;32.9;8.8
06/27/2017 12:00;28.66;8.59;166.14;0.58;860.68;34.81;8.3
06/27/2017 13:00;31.58;7.78;175.9;0.27;860.34;45.42;8.77
06/27/2017 14:00;32.72;5.93;165.93;0.05;859.89;49.72;9.24
06/27/2017 15:00;33.84;5.67;14.32;0.1;859.26;55;10.2
06/27/2017 16:00;35.33;6.69;332.41;0.19;858.64;68.88;12.45
06/27/2017 17:00;35.46;7.11;338.24;0.33;858.16;77.09;13.32
06/27/2017 18:00;35.11;7.69;341.25;0.2;857.78;70.57;12.81
06/27/2017 19:00;34.91;8.47;357.21;0.17;857.35;72.23;13.88
06/27/2017 20:00;33.88;8.13;346.09;0.12;857.21;69.67;14.28
06/27/2017 21:00;32.63;4.17;10.71;0.11;857.26;82.45;18.4
06/27/2017 22:00;30.82;5.69;177.52;0.06;857.61;97.73;20.51
06/27/2017 23:00;29.31;7.07;166.88;0.41;858.06;54.83;11.25
06/28/2017 00:00;27.99;7.72;163.18;0.42;858.07;54.26;10.5
06/28/2017 01:00;26.99;8.31;160.27;0.28;858.06;41.06;9.96
06/28/2017 02:00;26.45;8.5;160.56;0.4;857.84;43.28;10.31
06/28/2017 03:00;25.83;8.44;172.84;0.52;857.55;48;10.7
06/28/2017 04:00;25.41;8.58;174.8;0.49;857.46;40.83;10.66
06/28/2017 05:00;24.94;8.69;175.87;0.54;857.41;41.13;11.46
06/28/2017 06:00;24.75;8.55;160.71;0.37;857.41;47.7;12.87
06/28/2017 07:00;24.49;8.66;167.48;0.38;857.35;49.94;13.37
06/28/2017 08:00;25.02;8.4;163.9;0.5;857.43;58.38;15.17
06/28/2017 09:00;26.22;8.18;156.1;0.45;857.6;67.8;16.43
06/28/2017 10:00;29.02;8.2;160.85;0.33;857.53;80.22;17.26
06/28/2017 11:00;32.27;7.33;136.87;0.24;857.45;86.48;17.79
06/28/2017 12:00;33.65;6.43;282.58;0.29;857.04;101.14;19.81
06/28/2017 22:00;30.53;11.29;166.42;0.31;854.06;74.04;14.91
06/28/2017 23:00;29.28;11.93;168.04;0.49;854.78;64.01;14.11
06/29/2017 00:00;27.82;12.62;167.53;0.39;854.95;43.81;13.36
06/29/2017 01:00;26.82;12.98;154.84;0.38;854.97;38.92;13.72
06/29/2017 02:00;25.73;13.27;173.78;0.46;854.87;37.74;13.97
06/29/2017 03:00;24.75;13.77;160.54;0.43;854.92;36.56;14.85
06/29/2017 04:00;23.88;14.09;158.54;0.44;855.09;43.34;15.12
06/29/2017 05:00;23.28;14.08;159.89;0.48;855.14;37.05;14.45
06/29/2017 06:00;22.7;14.13;156;0.42;855.35;32.79;14.66
06/29/2017 07:00;22.27;14.14;153.4;0.4;855.92;35.58;15.93
06/29/2017 08:00;22.8;14.08;162.1;0.47;856.28;37.75;16.2
06/29/2017 09:00;23.87;13.9;163.99;0.59;856.57;44.98;15.79
06/29/2017 10:00;25.62;13.67;167.52;0.81;856.73;47.82;14.98
06/29/2017 11:00;27.82;13.42;184.72;0.56;856.7;48.75;15.12
06/29/2017 12:00;29.67;12.63;185.75;0.38;856.5;50.82;13.71
06/29/2017 13:00;31.13;11.16;213.39;0.25;856.19;52.1;12.95
06/29/2017 14:00;32.14;9.79;279.04;0.17;855.79;55.4;12.69
06/29/2017 15:00;33.52;9.44;140.01;0.38;855.21;48.72;12.61
06/29/2017 21:00;29.7;10.14;168.25;0.65;853.78;77.59;13.67
06/29/2017 22:00;28.21;10.5;167.19;0.68;854.09;79.39;15.21
06/29/2017 23:00;26.88;9.58;166.28;0.52;854.42;78.44;17.31
06/30/2017 00:00;25.8;8.22;173.87;0.67;854.62;96.3;20.23
06/30/2017 01:00;24.76;6.93;177.84;0.54;855.73;103.31;20.39
06/30/2017 02:00;23.95;7.31;164.42;0.37;856.39;76.15;18.71
06/30/2017 03:00;23.45;7.12;155.37;0.3;856.48;69.98;17.94
06/30/2017 04:00;22.73;7.04;160.37;0.31;856.17;52.64;15.52
06/30/2017 05:00;22.44;6.87;158.17;0.21;855.96;48.37;14.73
06/30/2017 06:00;22.13;5.94;171.44;0.45;856.01;43.72;13.43
06/30/2017 07:00;21.63;4.34;183.6;0.43;856.11;46.59;12.74
06/30/2017 08:00;21.81;2.44;201.8;0.37;856.64;54.5;12.26
06/30/2017 09:00;22.94;0.99;192.09;0.39;856.77;48.88;10.84
06/30/2017 10:00;24.37;0.19;191.59;0.58;856.86;77.78;11.65
06/30/2017 11:00;26.06;0.3;221.7;0.6;856.73;81.58;12.53
06/30/2017 12:00;27.88;0.36;170.67;0.74;856.5;59.3;9.77
06/30/2017 13:00;29.07;-0.39;169.97;0.81;856.08;66.21;9.91
06/30/2017 14:00;30.22;0.61;175.39;0.71;855.67;59.34;10.31
06/30/2017 15:00;30.91;0.61;188.25;0.62;855.21;60.42;10.6
06/30/2017 16:00;31.51;0.8;174.96;0.74;854.82;61.34;12.29
06/30/2017 17:00;31.77;0.89;212.56;0.57;854.62;77.12;13.31
06/30/2017 18:00;31.19;0.4;212.77;0.63;854.43;79.86;12.3
06/30/2017 19:00;30.15;0.31;204.44;0.65;854.72;99.4;12.05
06/30/2017 20:00;28.29;0.44;176.23;0.82;855.45;123.14;14.48
06/30/2017 21:00;26.58;1.73;177.41;0.83;856.12;100.08;12.72
06/30/2017 22:00;25.27;2.76;174.09;0.87;856.79;82.44;12
06/30/2017 23:00;24.07;3.82;168.34;0.93;857.79;62.56;11.43
07/01/2017 00:00;22.97;4.36;175.02;0.61;858.15;65.38;13.52
07/01/2017 01:00;22.18;3.71;167.23;0.59;858.38;52.78;12.58
07/01/2017 02:00;21.32;4.94;176.92;0.46;858.04;55.65;12.84
07/01/2017 03:00;20.69;4.33;194;0.41;858.1;50.61;11.69
07/01/2017 04:00;20.61;0.78;187.96;0.38;858.16;30.85;6.85
07/01/2017 05:00;20.22;-0.53;215.11;0.34;858.45;21.68;4.85
07/01/2017 06:00;19.59;-0.98;190.74;0.29;858.64;20.91;4.7
07/01/2017 07:00;19.11;-1.01;190.42;0.22;858.75;27.38;6.02
07/01/2017 08:00;19.92;-0.59;174.88;0.29;859.2;38.78;7.5
07/01/2017 09:00;20.8;0.15;169.07;0.9;859.71;65.74;9.88
07/01/2017 10:00;22.74;0.81;173.96;0.8;859.96;67.73;9.65
07/01/2017 11:00;24.85;1.33;179.79;0.75;859.95;69.82;9.8
07/01/2017 12:00;26.07;1.5;182.93;0.83;859.71;101.28;11.97
07/01/2017 13:00;27.52;2.07;199.56;0.6;859.42;101.13;11.22
07/01/2017 14:00;28.89;2.9;213.85;0.59;858.88;93.26;13.69
07/01/2017 15:00;29.93;3.78;211.06;0.65;858.19;95.36;12.57
07/01/2017 16:00;30.59;4.17;214.5;0.68;857.85;104.8;12.95
07/01/2017 17:00;31.13;3.64;190.06;0.71;857.68;112.67;13.08
07/01/2017 18:00;30.58;3.41;190.8;0.64;857.71;82.32;11.84
07/01/2017 19:00;29.65;3.71;192.78;0.65;857.8;77.06;11.46
07/01/2017 20:00;28.32;4.02;193.43;0.58;858.19;78.19;10.55
07/01/2017 21:00;26.83;4.19;176.92;0.52;858.7;57.94;9.9
07/01/2017 22:00;25.52;4.66;174.12;0.53;859.49;59.61;10.22
07/01/2017 23:00;24.31;5.39;173.95;0.63;860.28;63.58;10.8
07/02/2017 00:00;23.39;5.28;181.75;0.41;860.6;47.51;10.09
07/02/2017 01:00;22.61;4.73;182.11;0.45;860.88;38.95;9.13
07/02/2017 02:00;21.83;4.26;175.57;0.36;860.72;35.9;8.08
07/02/2017 03:00;21.22;3.59;171.7;0.43;860.47;29.55;7.27
07/02/2017 04:00;20.58;2.75;190.46;0.25;860.02;27.56;6.76
07/02/2017 05:00;20.33;2.06;184.33;0.2;859.91;25.38;6.15
07/02/2017 06:00;20.15;1.59;172.79;0.29;860.19;23.82;5.74
07/02/2017 07:00;19.9;0.94;168.49;0.37;859.9;30.46;6.8
07/02/2017 08:00;20.46;1.51;163.98;0.43;860.15;32.44;7.5
07/02/2017 09:00;21.25;1.45;179.21;0.5;860.17;48.18;8.77
07/02/2017 10:00;23.85;1.35;167.9;0.92;860.23;62.85;10.7
07/02/2017 11:00;25.94;1.74;181.78;0.75;860.27;64.2;10.77
07/02/2017 12:00;28.87;2.17;182.07;0.62;860.08;69.8;12.06
07/02/2017 13:00;29.86;2.39;189.25;0.69;859.53;79.66;13.21
07/02/2017 14:00;31.62;2.8;192.88;0.61;858.79;85.54;15.03
07/02/2017 15:00;32.07;2.95;171.85;0.82;858.05;81.5;14.74
07/02/2017 16:00;32.96;3.36;184.72;0.52;857.7;82.73;14.58
07/02/2017 17:00;33.18;3.53;224.46;0.57;857.29;84.85;14.35
07/02/2017 18:00;33.34;3.65;202.7;0.51;856.84;69.14;12.51
07/02/2017 19:00;32.82;3.69;207.68;0.43;856.74;70.05;12.65
07/02/2017 20:00;31.12;3.79;191.45;0.51;857.03;79.8;13.7
07/02/2017 21:00;29.58;4.26;170.84;0.82;857.42;67.77;11.78
07/02/2017 22:00;28.33;4.73;171.12;0.47;857.8;65.7;12.79
07/02/2017 23:00;27.04;5.26;154.67;0.43;858.48;62.5;12.19
07/03/2017 00:00;26.09;5.46;161.19;0.42;858.99;56.75;11.88
07/03/2017 01:00;25.43;5.98;174.57;0.23;859.11;50.98;11.59
07/03/2017 02:00;24.88;6.41;161.1;0.23;858.95;48.07;11.54
07/03/2017 03:00;24.43;7.29;157.01;0.28;858.72;50.76;12.26
07/03/2017 04:00;23.81;6.79;154.83;0.27;858.25;42.11;11.7
07/03/2017 05:00;23.49;6.48;149.28;0.36;858.06;40.35;11.4
07/03/2017 06:00;23.22;6.36;166.58;0.39;858.04;41.3;11.7
07/03/2017 07:00;23.07;6.27;168.41;0.28;858.26;46.09;12.42
07/03/2017 08:00;23.4;6.57;165.2;0.29;858.32;59.99;13.84
07/03/2017 09:00;24.34;6.59;178.35;0.51;858.54;61.68;14.39
07/03/2017 10:00;26.24;6.21;163.97;0.98;858.46;73;15.56
07/03/2017 11:00;29.15;4.95;166.15;0.91;858.15;73.34;15.17
07/03/2017 12:00;31.21;4.48;174.61;0.69;858.02;71.74;14.51
07/03/2017 13:00;33.6;3.81;202.82;0.5;857.6;85.16;16.19
07/03/2017 14:00;34.96;2.42;228.28;0.45;856.94;103.25;20
07/03/2017 15:00;33.44;2.82;269.78;0.46;856.41;136.53;25.64
07/03/2017 16:00;33.55;2.73;181.7;0.15;856.33;135.34;26.26
07/03/2017 17:00;32.62;1.34;182.98;0.37;856.13;175.61;23.65
07/03/2017 18:00;34.55;-0.76;115.75;1;855.59;121.34;20.82
07/03/2017 19:00;35.51;-0.65;110.29;0.38;855.17;99.5;20.66
07/03/2017 20:00;34.34;2.52;169.88;0.23;855.68;90.01;19.16
07/03/2017 21:00;32.15;2.46;115.79;0.62;856.4;83.22;18.91
07/03/2017 22:00;30.65;5.43;167.46;0.55;856.46;80.98;15.72
07/03/2017 23:00;29.37;6.71;169.67;0.5;856.93;70.2;13.99
07/04/2017 00:00;28.38;7.01;154.76;0.4;857.13;65.04;14.28
07/04/2017 01:00;27.72;7.09;144.57;0.32;857.32;60.76;14.49
07/04/2017 02:00;26.68;7.16;169.89;0.14;857.17;71.49;16.21
07/04/2017 03:00;26.63;6.27;165.54;0.35;856.73;61.85;14.87
07/04/2017 04:00;25.94;6.07;164.61;0.31;856.49;61.58;14.19
07/04/2017 05:00;25.31;5.75;152.96;0.41;856.29;60;14.53
07/04/2017 06:00;24.71;5.45;165.63;0.28;856.21;61.8;15.02
07/04/2017 07:00;24.72;5.85;157.02;0.27;856.28;68.84;16.49
07/04/2017 08:00;25.02;6.34;151.11;0.36;856.59;73.51;16.85
07/04/2017 09:00;26.52;6.44;153.59;0.28;856.84;105.48;19.62
07/04/2017 10:00;29.21;5.95;135.88;0.36;857.12;89.05;17.75
07/04/2017 11:00;32.15;5.08;128.65;0.45;857.05;96.37;18.93
07/04/2017 12:00;33.89;4.11;110.6;0.18;856.73;87.37;16.75
07/04/2017 13:00;35.04;3.18;336.23;0.23;856.21;96.21;17.54
07/04/2017 14:00;35.95;2.93;316.64;0.35;855.68;96.39;17.39
07/04/2017 15:00;36.57;2.97;356.74;0.21;855.35;104.54;18.57
07/04/2017 16:00;37.66;3.59;44.54;0.27;855;101.76;19.03
07/04/2017 17:00;37.54;3.53;334.38;0.33;854.54;90.77;18.03
07/04/2017 18:00;37.44;3.24;312.39;0.4;854.17;96.46;18.22
07/04/2017 19:00;36.9;2.29;331.06;0.4;853.99;96.07;18.27
07/04/2017 20:00;35.73;1.6;323.03;0.28;854.16;91.95;18.18
07/04/2017 21:00;34.32;-0.88;358.95;0.1;854.27;108.25;21.08
07/04/2017 22:00;31.91;0.99;118.08;0.21;854.34;119.75;26.39
07/04/2017 23:00;30.66;-0.46;118.83;0.38;854.66;129.52;28.74
07/05/2017 00:00;30.66;0.59;147.33;0.19;854.99;115.33;24.95
07/05/2017 01:00;29.45;3.93;138.23;0.26;855.11;103.62;22.34
07/05/2017 02:00;28.51;2.45;158.76;0.3;854.98;93.6;21.73
07/05/2017 03:00;27.97;4.42;137.53;0.3;854.87;75.92;19.38
07/05/2017 04:00;27.88;5.35;144;0.28;854.73;71.34;17.39
07/05/2017 05:00;27.33;4.79;154.46;0.33;854.78;68.01;17.41
07/05/2017 06:00;27.08;3.59;168.24;0.26;854.88;69.23;18.29
07/05/2017 07:00;26.77;3.21;163.91;0.31;855.09;75.26;19.45
07/05/2017 08:00;27.24;3.56;127.27;0.31;855.47;89.37;21.62
07/05/2017 09:00;28.36;3.69;149.38;0.23;856.04;102.1;22.28
07/05/2017 10:00;30.89;3.9;142.44;0.22;856.25;108.19;23.19
07/05/2017 11:00;33.74;3.7;149.11;0.17;856.29;97.76;21.69
07/05/2017 12:00;35.57;3.67;118.17;0.62;856.3;99.79;24.2
07/05/2017 13:00;36.88;4.86;314.99;0.29;856.12;102.42;23.54
07/05/2017 14:00;35.88;4.31;315.2;0.32;855.9;104.75;23.82
07/05/2017 15:00;36.12;4.63;339.14;0.21;855.49;115.07;24.28
07/05/2017 16:00;36.36;3.6;314.46;0.2;855;105;23
07/05/2017 18:00;36;1.73;111.57;0.92;854.44;76.63;17.75
07/05/2017 20:00;32.62;10.62;162.35;0.95;854.93;120.79;20.5
07/05/2017 21:00;30.99;11.54;165.26;0.93;855.49;104.33;20.1
07/05/2017 22:00;29.75;11.55;166.03;0.9;856.4;95.6;19.08
07/05/2017 23:00;28.57;11.58;168.97;1.11;857.13;116.65;21.8
07/06/2017 00:00;27.35;12.32;170.41;1.02;857.39;155.02;27.91
07/06/2017 01:00;26.59;11.92;167.83;0.69;857.4;106.72;24.92
07/06/2017 02:00;25.84;11.97;175.19;0.62;857.05;90.92;23.34
07/06/2017 03:00;25.3;11.49;174.28;0.68;856.9;79.89;22.26
07/06/2017 04:00;24.41;11.44;167.57;1.21;856.93;76.33;21.78
07/06/2017 05:00;24.06;11.27;169.69;1.21;857.33;69.05;21.97
07/06/2017 06:00;23.73;10.94;166.09;1.05;858.05;58.75;20.49
07/06/2017 07:00;23.27;10.56;167.07;1.18;858.02;60.76;19.57
07/06/2017 08:00;23.1;10.55;170.27;1.06;858.15;65.66;18.73
07/06/2017 09:00;23.14;10.58;161.39;1.29;858.21;65.05;19.43
07/06/2017 10:00;23.78;10.27;163.81;1.19;858.11;66.78;20.3
07/06/2017 11:00;25.31;10.03;162.05;1.46;857.83;70.67;18.45
07/06/2017 12:00;27.52;10.14;162.26;1.3;857.69;77.99;18.24
07/06/2017 13:00;30.32;10.21;175.73;0.81;857.56;73.97;16.62
07/06/2017 14:00;32.56;10;179.3;0.56;856.87;70.42;16.02
07/06/2017 15:00;33.73;9.48;180.22;0.6;855.94;66.13;15.58
07/06/2017 16:00;35.02;9.43;192.08;0.47;855.06;64.76;14.8
07/06/2017 17:00;35.12;8.11;172.56;0.44;854.26;60.67;14.33
07/06/2017 18:00;31.55;9.39;150.95;0.44;854.03;90.32;18.81
07/06/2017 19:00;31.18;9.16;127.64;1;854.29;97.66;19.75
07/06/2017 20:00;27.66;9.52;128;0.9;854.61;51.81;12.91
07/06/2017 21:00;27.96;9.2;142.09;0.41;853.82;39.63;14.26
07/06/2017 22:00;27.72;8.03;165.43;1.01;854.47;42.12;14.31
07/06/2017 23:00;27.29;8.63;161.72;1.04;854.7;45.16;14.7
07/07/2017 00:00;26.32;8.88;165.36;1.13;854.92;30.23;12.89
07/07/2017 01:00;26.2;9.2;162.52;1.19;854.54;44.45;13.79
07/07/2017 02:00;25.99;9.85;165.43;0.73;854.41;42.66;14.25
07/07/2017 03:00;24.62;10.26;162.62;0.44;854.43;38.12;13.67
07/07/2017 04:00;23.25;10.64;157.86;0.56;854.19;32.17;14.04
07/07/2017 05:00;22.6;10.68;156.33;0.45;854;30.99;14.12
07/07/2017 06:00;21.81;11.06;167.88;0.36;854.21;28.98;14.62
07/07/2017 07:00;21.58;10.91;161.9;0.38;854.56;38.91;14.59
07/07/2017 08:00;21.68;11.08;158.72;0.47;854.76;49.18;15.58
07/07/2017 09:00;22.58;11.24;167.23;0.52;854.55;41.17;14.75
07/07/2017 10:00;24.37;11.33;164.12;0.79;854.22;40.55;15.18
07/07/2017 11:00;27.59;11.57;158.22;0.59;853.91;49.57;15.49
07/07/2017 12:00;29.45;11.67;155.27;0.49;853.85;52.15;15
07/07/2017 13:00;31.73;10.1;126.36;0.16;853.56;62.15;15.02
07/07/2017 14:00;33.36;9.88;106.88;0.23;852.83;69.11;16.45
07/07/2017 15:00;34.97;3.99;336.04;0.43;852.29;207.43;35.08
07/07/2017 16:00;33.21;6.08;319.7;0.84;852.75;171.38;26.08
07/07/2017 17:00;32.78;5.14;314.57;0.74;852.76;111.09;19.03
07/07/2017 19:00;33.09;3.08;85.99;0.28;851.81;61.37;15.89
07/07/2017 20:00;31.62;2.66;79.81;0.12;851.81;67.39;17.2
07/07/2017 21:00;30.48;3.16;308.18;0.22;852.37;235.62;33.26
07/07/2017 22:00;27.84;4.25;323.53;0.34;854.18;143.97;24.29
07/07/2017 23:00;27.07;4.25;147.96;0.09;854.5;53.2;14.35
07/08/2017 00:00;26.49;4.71;145.2;0.16;854.18;74.6;17.34
07/08/2017 01:00;25.19;8.52;161.63;0.82;854.46;55.53;13.94
07/08/2017 02:00;23.93;10.34;163.72;0.42;854.3;34.57;12.71
07/08/2017 03:00;23.06;9.96;164.91;0.5;854.23;29.49;12.38
07/08/2017 04:00;22.26;9.86;163.07;0.49;854.23;30.32;12.88
07/08/2017 05:00;21.29;10.23;159.63;0.35;854.19;28.02;13.4
07/08/2017 06:00;20.66;10.58;166.48;0.45;854.39;34.1;13.42
07/08/2017 07:00;20.37;10.67;164.93;0.39;855.22;36.36;14.16
07/08/2017 08:00;20.61;11.06;138.33;0.8;854.98;47.91;15.65
07/08/2017 09:00;21.41;11.02;164.59;0.39;855.41;45.22;15.15
07/08/2017 10:00;23.1;10.86;179.86;0.3;855.57;49.28;17.04
07/08/2017 11:00;25.15;10.98;190.43;0.4;855.49;52.5;17.11
07/08/2017 12:00;27.55;11.07;194.23;0.15;855.73;57.09;16.23
07/08/2017 13:00;29.75;10.91;8.83;0.12;855.85;83.73;19.61
07/08/2017 14:00;29.65;10.62;289.8;0.38;855.68;83.17;19.94
07/08/2017 15:00;31.34;9.47;310.76;0.25;855.17;95.58;20.14
07/08/2017 16:00;32.55;7.44;320.36;0.21;854.53;91.25;20.71
07/08/2017 17:00;33.66;4.99;315.48;0.23;853.89;83.45;20.12
07/08/2017 18:00;33.97;4.95;156.52;0.1;853.38;85.9;20.68
07/08/2017 19:00;31.61;5.74;337.48;0.47;853.83;547.52;66.75
07/08/2017 20:00;30.67;3.71;319.49;0.13;854.52;76.16;17.72
07/08/2017 21:00;28.43;7;161.38;0.41;855.42;86.36;16.31
07/08/2017 22:00;24.99;10.36;165.44;0.66;855.81;58.42;14.81
07/09/2017 00:00;23.74;9.99;166.68;1.01;856.29;39.14;12.32
07/09/2017 01:00;23.88;9.85;163.28;0.7;856.51;33.68;12.34
07/09/2017 02:00;23.11;10.06;160.9;1.15;856.03;35.68;13.17
07/09/2017 03:00;22.6;9.98;162.47;0.86;856.16;47.77;14.17
07/09/2017 04:00;23.23;9.29;154.2;0.53;855.91;43.45;15.14
07/09/2017 05:00;26.15;5.02;117.58;0.28;855.85;77.76;21.6
07/09/2017 06:00;24.3;8.07;132.13;0.53;856.3;61.12;16.68
07/09/2017 07:00;23.83;8.52;131.59;0.44;856.43;59.95;19.96
07/09/2017 08:00;26.16;5.39;123.53;0.73;855.91;109.84;24.06
07/09/2017 09:00;24.7;8.15;158.58;0.79;856.34;54.52;19.05
07/09/2017 10:00;25.36;9.36;161.92;0.52;856.57;55.83;19.28
07/09/2017 11:00;28.65;9.04;157.5;0.56;856.79;62.93;19.77
07/09/2017 12:00;31.02;7.72;155.9;0.45;856.83;70.14;19.79
07/09/2017 13:00;33.37;6.31;156.86;0.1;856.55;87.28;21.68
07/09/2017 14:00;34.53;2.64;100.59;0.71;856.06;117.54;21.27
07/09/2017 15:00;35.48;0.23;82.62;0.69;855.72;128.31;22.26
07/09/2017 16:00;35.67;-0.5;83.18;0.63;855.19;132.62;21.81
07/09/2017 17:00;36.45;-3.68;100.57;1.1;854.99;123.82;20.71
07/09/2017 18:00;35.98;-4.01;104.88;1.41;854.88;147.63;23.04
07/09/2017 19:00;35.28;-4.3;107.11;1.57;854.83;98.52;16.88
07/09/2017 20:00;34.09;-4.21;106.85;1.76;855.14;76.16;16.08
07/09/2017 21:00;33.07;-3.94;106.7;1.49;855.41;64.98;15.24
07/09/2017 22:00;31.99;-3.56;107.29;1.03;855.8;61.45;15.48
07/09/2017 23:00;29.15;2.76;133.41;0.32;856.67;65.94;16.35
07/10/2017 00:00;25.96;8.74;155.19;0.38;857.33;47.63;14.23
07/10/2017 01:00;24;10.12;134.7;0.57;857.81;34.79;13.29
07/10/2017 02:00;23.1;10.42;145.87;0.55;857.99;28.77;13.11
07/10/2017 03:00;22.37;10.5;146.89;0.46;857.95;26.64;13.14
07/10/2017 04:00;22.12;10.34;151.75;0.41;857.94;24.34;13.16
07/10/2017 05:00;21.64;10.35;147.48;0.43;857.81;23.35;13.17
07/10/2017 06:00;21.21;10.37;146.58;0.51;858.06;24.33;13.92
07/10/2017 07:00;20.71;10.52;140.27;0.49;858.41;32.48;14.26
07/10/2017 08:00;21.25;10.6;152.72;0.45;858.58;39.87;15.07
07/10/2017 09:00;22.34;10.47;155.62;0.47;858.69;62.56;18.22
07/10/2017 10:00;25.12;10.57;166.02;0.59;859.18;47.92;16.05
07/10/2017 11:00;27.37;9.65;164.42;0.52;858.92;54.93;18.49
07/10/2017 12:00;30.32;6.41;161.46;0.27;858.83;59.5;15.03
07/10/2017 13:00;32.6;4.26;117.03;0.03;858.54;70.15;15.83
07/10/2017 14:00;33.64;3.8;121.11;0.29;857.96;83.63;18.64
07/10/2017 15:00;34.29;3.82;331.93;0.21;857.28;105.02;22.45
07/10/2017 16:00;35.85;2.8;33.8;0.24;856.71;111;23.39
07/10/2017 17:00;37.22;-0.04;82.73;0.58;856.29;116.99;24.99
07/10/2017 18:00;37.12;-0.67;37.66;0.53;855.89;135.92;27.51
07/10/2017 19:00;36.62;-1.15;44.38;0.48;855.61;106.92;22.72
07/10/2017 20:00;35.44;-1.73;70.62;0.48;855.68;85.76;21.46
07/10/2017 21:00;34.01;-1.41;78.25;0.42;855.95;89.11;21.88
07/10/2017 22:00;31.33;3.12;137.94;0.6;856.66;81.72;19.34
07/10/2017 23:00;27.04;10.82;169.1;0.56;857.47;85.27;15.93
07/11/2017 00:00;25.19;12;160.5;0.44;858.03;48.38;14.83
07/11/2017 01:00;24.11;12.05;164.61;0.47;858.33;44.03;15.54
07/11/2017 02:00;23.08;12.38;170.08;0.58;858.61;40.81;15.95
07/11/2017 03:00;22.24;12.53;167.8;0.5;858.78;41.42;14.44
07/11/2017 04:00;21.62;12.42;166.55;0.7;858.93;30.21;13.83
07/11/2017 05:00;21.17;12.13;167.82;0.99;858.84;42.82;15.24
07/11/2017 06:00;20.88;11.84;173.47;0.86;859.06;37.1;14.16
07/11/2017 07:00;20.48;11.88;165.6;0.96;859.59;32.74;12.99
07/11/2017 08:00;20.65;12.13;169.04;0.82;860.08;31.44;12.17
07/11/2017 09:00;21.52;12.26;168.81;1.09;860.15;36.92;12.42
07/11/2017 10:00;23.07;12.34;175.74;0.95;860.18;54.81;14.06
07/11/2017 11:00;25.03;12.16;174.68;0.89;860.12;53.94;15.27
07/11/2017 12:00;26.52;11.4;171.2;0.98;860.14;52.37;15.55
07/11/2017 13:00;28.22;11.19;175.63;0.8;859.89;50.19;14.14
07/11/2017 14:00;29.4;11.1;171.71;0.66;859.47;46.95;13.58
07/11/2017 15:00;30.03;10.74;174.22;0.7;859.03;42.31;12.85
07/11/2017 16:00;30.16;10.47;197.61;0.59;858.73;47.42;12.64
07/11/2017 17:00;30.43;10.29;173.51;0.77;858.49;42.79;12.48
07/11/2017 18:00;29.8;10.26;175.68;0.78;858.18;42.36;12.12
07/11/2017 19:00;28.84;10.31;166;0.77;857.94;38.91;11.65
07/11/2017 20:00;27.3;10.29;187.94;0.59;858.15;40.1;11.61
07/11/2017 21:00;25.11;10.4;170.72;0.66;858.4;39.28;12.24
07/11/2017 22:00;23.6;10.54;172.6;0.57;858.74;35.72;13.13
07/11/2017 23:00;22.4;10.32;166.83;0.82;859.37;35.3;13.33
07/12/2017 00:00;21.66;10.09;168.65;0.73;859.76;29.46;12.2
07/12/2017 01:00;20.83;10.03;164.61;0.94;859.7;29.53;11.6
07/12/2017 02:00;20.04;10.16;167.03;0.98;859.69;35.9;9.96
07/12/2017 03:00;19.37;10.02;163.34;0.97;859.61;25.42;9.06
07/12/2017 04:00;18.79;9.82;167.25;0.65;859.51;24.94;9.5
07/12/2017 05:00;18.42;9.56;165.43;0.58;859.42;20.26;9.14
07/12/2017 06:00;18.16;9.13;169.79;0.42;859.39;17.8;8.75
07/12/2017 07:00;17.84;8.85;181.52;0.39;859.58;20.66;9.19
07/12/2017 08:00;18.2;8.87;169.02;0.69;859.8;24.07;9.65
07/12/2017 09:00;19.04;8.63;166.91;0.66;859.77;29.14;10.15
07/12/2017 10:00;20.94;8.71;164.38;0.92;859.7;30.78;10.81
07/12/2017 11:00;22.88;9.05;165.75;0.91;859.38;31.06;10.35
07/12/2017 12:00;24.46;9.1;172.7;0.84;859.03;33.17;10.58
07/12/2017 13:00;26.35;8.68;165.1;0.76;858.52;34.5;10.19
07/12/2017 14:00;27.7;8.24;188.82;0.57;857.87;35.91;9.23
07/12/2017 15:00;28.74;7.9;172.88;0.66;857.22;42.15;9.12
07/12/2017 16:00;29.59;7.27;182.47;0.49;856.75;39.27;9.12
07/12/2017 17:00;30.17;7.14;172.85;0.54;856.28;42.51;8.71
07/12/2017 18:00;29.62;6.71;183.08;0.59;855.9;47.77;8.18
07/12/2017 19:00;28.35;6.85;176.91;0.67;855.8;44.91;8.01
07/12/2017 20:00;26.84;7.11;168.96;0.77;856.01;37.17;7.94
07/12/2017 21:00;25.25;6.59;173.34;0.72;856.28;39.39;7.88
07/12/2017 22:00;23.78;5.58;171.34;0.7;856.84;44.5;8.16
07/12/2017 23:00;22.32;4.86;167.01;0.89;857.5;55.98;8.91
07/13/2017 00:00;21.09;3.95;164.26;1;857.57;69.29;10.19
07/13/2017 01:00;20.25;4.02;161.41;1.09;857.38;56.88;9.95
07/13/2017 02:00;19.65;4.1;161.17;0.92;857.34;40.22;8.01
07/13/2017 03:00;18.8;4.13;167.1;0.61;857.04;24.23;6.9
07/13/2017 04:00;18.21;4.03;169.13;0.56;856.76;19.53;6.84
07/13/2017 05:00;17.86;3.9;160.03;0.77;856.4;16.22;6.33
07/13/2017 06:00;17.35;3.87;158.5;0.98;856.36;15.25;6.51
07/13/2017 07:00;16.54;4.11;154.77;1.17;856.29;18.51;7.61
07/13/2017 08:00;16.95;5.01;164.56;0.94;856.32;21.36;8.83
07/13/2017 09:00;18.29;5.36;162.68;1.08;856.52;28.07;9.52
07/13/2017 10:00;20.63;5.84;166.2;0.91;856.46;37.33;9.55
07/13/2017 11:00;23.16;5.98;166.05;0.88;856.63;36.09;9.33
07/13/2017 12:00;25.22;6.37;196.37;0.52;856.4;34.86;8.75
07/13/2017 13:00;27.09;5.87;228.99;0.45;856.07;36.46;7.87
07/13/2017 14:00;28.48;4.82;175.36;0.4;855.73;29.71;6.88
07/13/2017 15:00;28.79;4.62;150.74;0.47;855.39;24.16;6.63
07/13/2017 16:00;28.33;4.98;141.07;0.46;854.59;36.4;8.66
07/13/2017 17:00;28.39;5.94;179.9;0.46;854.07;36.82;8.5
07/13/2017 18:00;28.5;6.17;179.28;0.52;854.12;33.75;7.44
07/13/2017 19:00;27.82;6.1;172.21;0.58;853.95;25;6.61
07/13/2017 20:00;26.48;6.61;187.73;0.5;854.13;29.56;6.83
07/13/2017 21:00;24.65;7.24;168.3;0.5;854.91;28.59;7.76
07/13/2017 22:00;23.3;8;174.63;0.55;855.48;27.81;8.03
07/13/2017 23:00;22.2;8.26;167.26;0.52;855.73;27.56;9.06
07/14/2017 00:00;21.23;8.23;172.7;0.63;855.89;24.79;8.52
07/14/2017 01:00;20.55;8.37;167.78;0.88;856.15;22.47;8.52
07/14/2017 02:00;19.43;9.34;165.13;1.01;856.17;24.42;8.52
07/14/2017 03:00;18.81;9.63;163.41;1.19;856.34;17.03;7.58
07/14/2017 04:00;18.33;9.58;163.65;1.17;855.8;18.35;7.94
07/14/2017 05:00;17.96;9.51;169.06;0.69;855.65;18.86;8.22
07/14/2017 06:00;17.61;9.42;163.88;1.1;855.71;18.37;8.96
07/14/2017 07:00;17.37;9.43;167.23;1;855.76;19.77;9.68
07/14/2017 08:00;17.76;9.31;163.7;0.68;856.26;22.06;10.14
07/14/2017 09:00;18.76;9.48;160.19;0.92;856.38;29.62;10.65
07/14/2017 10:00;21.03;9.42;160.64;0.78;856.23;29.5;11.22
07/14/2017 11:00;23.83;9.15;168.44;0.65;856.19;32.18;10.05
07/14/2017 12:00;26;8.77;170.07;0.41;856.06;29.26;8.61
07/14/2017 13:00;27.48;8.26;162.43;0.27;855.7;30.73;8.67
07/14/2017 14:00;28.85;8.06;238.03;0.24;855.23;33.01;8.23
07/14/2017 15:00;30.18;7.81;282.58;0.2;854.72;38.77;8.82
07/14/2017 16:00;30.92;7.39;288.57;0.32;854.2;41.32;9.47
07/14/2017 17:00;31.58;7.66;319.87;0.31;853.89;53.17;11.79
07/14/2017 18:00;32.23;7.67;343.03;0.18;853.6;53.01;12.56
07/14/2017 19:00;31.77;6.25;1.85;0.2;853.61;61.76;14.62
07/14/2017 20:00;30.37;4.79;333.72;0.12;853.75;61.07;14.82
07/14/2017 21:00;28.2;7.23;189.83;0.46;854.44;60.1;11.72
07/14/2017 22:00;25.75;8.64;167;0.61;855.06;65.25;11.25
07/14/2017 23:00;24.64;9.15;161.95;0.51;855.49;44.06;10.17
07/15/2017 00:00;24.29;9.06;160.03;0.38;855.54;33.67;10.26
07/15/2017 01:00;23.72;9.04;165.2;0.87;855.42;33.97;10.7
07/15/2017 02:00;23.09;9.34;164.28;1.2;854.98;32.67;10.46
07/15/2017 03:00;22.65;9.58;163.02;0.78;855.37;23.7;10.59
07/15/2017 04:00;22.45;9.92;159.45;0.72;855.68;24.04;10.47
07/15/2017 05:00;21.55;11.2;160.6;0.51;856.03;29.42;10.86
07/15/2017 06:00;21.22;10.84;163.99;0.38;856.29;24.9;10.15
07/15/2017 07:00;21.36;10.66;161.47;0.4;856.52;29.45;11.4
07/15/2017 08:00;21.68;10.9;160.58;0.43;856.58;36.32;11.67
07/15/2017 09:00;22.68;10.77;160.77;1.02;856.58;32.58;12.96
07/15/2017 10:00;24.9;10.55;163.1;0.79;856.69;30.4;12.58
07/15/2017 11:00;27.91;10.1;171.75;0.54;856.76;40.04;11.16
07/15/2017 12:00;29.84;9.43;200.29;0.34;856.59;47.63;10.9
07/15/2017 13:00;31.21;7.82;249.53;0.17;856.31;50.79;10.43
07/15/2017 14:00;32.42;7.74;164.88;0.13;855.91;46.23;9.98
07/15/2017 15:00;30.47;9.31;133.62;0.61;855.87;89.29;15.97
07/15/2017 16:00;32.37;8.38;154.82;0.37;855.59;46.12;11.43
07/15/2017 17:00;33.38;6.42;219.25;0.09;855.15;63.83;13.9
07/15/2017 18:00;33.66;3.66;38.41;0.17;854.85;87.85;16.06
07/15/2017 19:00;33.77;0.75;17.33;0.23;854.89;91.31;16.63
07/15/2017 20:00;31.03;7.29;174.41;0.34;855.43;51.46;11.05
07/15/2017 21:00;28.04;9.94;165.82;1.05;855.99;51.64;10.94
07/15/2017 22:00;26.36;11.03;164.94;0.65;856.8;36.65;10.66
07/15/2017 23:00;25.11;11.69;162.03;0.48;857.3;29.98;10.67
07/16/2017 00:00;24.21;11.55;168.07;0.6;857.42;28.09;10.47
07/16/2017 01:00;23.75;10.9;168;0.58;857.34;30.14;10.97
07/16/2017 02:00;23.45;10.46;163.45;1.14;857.09;30.76;11.59
07/16/2017 03:00;22.96;9.66;159.81;1.33;856.95;29.94;10.97
07/16/2017 04:00;22.56;10.05;161.36;1.29;856.98;27.01;11.01
07/16/2017 05:00;21.96;10.63;165.1;1.14;857.04;30.76;12.47
07/16/2017 06:00;21.33;10.78;168.4;0.69;857.37;30.97;12.69
07/16/2017 07:00;20.86;10.79;169.7;0.52;857.8;39.02;12.94
07/16/2017 08:00;20.98;10.86;166.23;0.46;858.33;41.96;13.96
07/16/2017 09:00;22.17;10.65;156.78;0.69;858.6;42.27;13.84
07/16/2017 10:00;24.42;10.19;159.99;0.98;858.81;43.53;14.19
07/16/2017 11:00;27.14;9.49;158.96;1.03;858.85;44.91;12.69
07/16/2017 12:00;29.39;8.51;162.93;0.66;858.72;40.7;11.73
07/16/2017 13:00;31.26;8.4;173.38;0.46;858.6;43.76;11.07
07/16/2017 14:00;31.59;7.87;235.04;0.3;858.14;44.68;11.4
07/16/2017 15:00;32.11;6.72;339.07;0.15;857.64;57.96;12.45
07/16/2017 16:00;32.38;5.71;78.43;0.24;857.32;91.78;16.13
07/16/2017 17:00;30.74;8.17;138.42;0.8;857.69;61.85;12.48
07/16/2017 18:00;29.73;8.83;157.99;0.95;857.56;42.01;10.66
07/16/2017 19:00;29.78;8.02;159.86;0.74;857.41;35.76;9.46
07/16/2017 20:00;29.03;8.75;157.83;0.46;857.75;31.51;9.61
07/16/2017 21:00;28.01;9.28;169.92;0.44;858.2;42.64;11.32
07/16/2017 22:00;26.74;9.83;178.18;0.37;858.93;43.64;11.62
07/16/2017 23:00;25.53;10.58;161.83;0.47;859.48;45.44;12.97
07/17/2017 00:00;24.59;10.15;169.73;0.51;859.55;43.65;13.19
07/17/2017 01:00;23.97;8.74;167.19;0.48;859.68;43.15;12.36
07/17/2017 02:00;23.54;7.14;171.22;0.75;859.59;61.12;12.1
07/17/2017 03:00;23;6.44;169.08;0.94;859.48;67.46;12.89
07/17/2017 04:00;22.2;6.35;167.14;0.59;859.68;43.73;10.44
07/17/2017 05:00;21.58;6.51;166.49;0.56;859.89;37.56;11.11
07/17/2017 06:00;21;6.56;157.49;0.52;860;35.11;11.53
07/17/2017 07:00;20.8;6.41;176.2;0.36;860.37;38.11;12.55
07/17/2017 08:00;21.43;6;170.47;0.45;860.61;41.72;12.47
07/17/2017 09:00;22.4;5.93;164.36;0.63;860.89;45.99;12.61
07/17/2017 10:00;24.32;5.79;166.62;0.97;860.97;58.51;13.82
07/17/2017 11:00;27.04;6.19;163.46;0.75;861.12;56.9;12.84
07/17/2017 12:00;29.76;6.45;178.92;0.43;860.99;58.07;13.04
07/17/2017 13:00;31.6;6.48;205.44;0.44;860.68;59.03;11.67
07/17/2017 14:00;33.25;6.33;184.12;0.42;860.22;68.59;15.77
07/17/2017 15:00;34.44;5.87;225.06;0.33;859.73;54.22;12.31
07/17/2017 16:00;34.97;4.69;140.93;0.41;859.22;57.29;12.44
07/17/2017 17:00;36.16;2.37;159.34;0.12;858.69;59.69;12.97
07/17/2017 18:00;36.19;1.47;299.48;0.22;858.28;60.82;12.9
07/17/2017 19:00;34.99;3.32;179.59;0.18;858.3;55.36;11.61
07/17/2017 20:00;32.88;4;174.25;0.4;858.64;50.63;11.02
07/17/2017 21:00;31.21;4.08;166.87;0.63;859.26;58.51;11.69
07/17/2017 22:00;29.2;4.28;164.45;0.46;860;75.59;14
07/17/2017 23:00;27.77;4.08;167.57;0.49;860.41;75.79;13.94
07/18/2017 00:00;26.63;4.34;164.24;0.4;860.39;69.14;13.42
07/18/2017 01:00;25.73;4.36;163.01;0.46;860.29;53.14;12.22
07/18/2017 02:00;25.07;4.28;165.77;0.41;860.11;48;11.88
07/18/2017 03:00;24.7;4.82;166.17;0.89;859.88;48.16;11.72
07/18/2017 04:00;24.4;4.92;169.13;0.98;859.91;61.38;13.55
07/18/2017 05:00;23.67;4.84;164.89;1.05;859.85;47.51;12.23
07/18/2017 06:00;23.35;4.81;162.17;1.43;859.89;46.28;12.49
07/18/2017 07:00;22.98;5.03;157.19;0.75;860.31;50.54;13.51
07/18/2017 08:00;23.12;4.93;161.53;0.47;860.48;57.02;13.82
07/18/2017 09:00;24.51;4.96;167.6;0.41;860.61;58.03;13.84
07/18/2017 10:00;26.66;5.32;164.77;0.84;860.65;66.53;14.42
07/18/2017 11:00;29.6;5.28;163.07;1.03;860.43;60.35;13.6
07/18/2017 12:00;31.99;4.72;162.89;0.91;860.13;53.29;11.99
07/18/2017 13:00;34.2;3.08;168.98;0.78;859.6;57.66;11.78
07/18/2017 14:00;35.83;1.49;220.49;0.45;858.91;60.97;11.65
07/18/2017 15:00;36.8;0.65;168.92;0.53;858.28;56.91;10.43
07/18/2017 16:00;37.55;0.46;180.85;0.35;857.84;51.74;10.92
07/18/2017 17:00;37.2;0.45;200.35;0.22;857.26;55.17;11.39
07/18/2017 18:00;36.72;0.04;183.02;0.44;856.82;62.27;11.59
07/18/2017 19:00;35.3;-0.33;167.81;0.69;856.69;58.01;10.18
07/18/2017 20:00;33.83;0.34;167.12;0.9;856.88;91.71;12
07/18/2017 21:00;31.7;1.22;162.54;1.06;857.34;83.12;12
07/18/2017 22:00;30.43;2.22;170.28;0.59;857.76;60.79;11.79
07/18/2017 23:00;29.21;3.8;171.59;0.89;858.15;72.61;13.86
07/19/2017 00:00;28.32;5;166.19;1.07;858.13;60.05;13.5
07/19/2017 01:00;27.54;5.87;165.65;1.25;858.05;55.67;13.08
07/19/2017 02:00;26.88;6.65;164.08;1.31;857.73;55.75;12.61
07/19/2017 03:00;26.37;6.86;164.03;1.17;857.63;39.79;11.54
07/19/2017 04:00;25.84;6.41;163.66;1.08;857.52;34.86;11
07/19/2017 05:00;25.88;5.37;166.76;0.81;857.43;34.37;10.58
07/19/2017 06:00;25.51;4.87;163.58;1.04;857.61;34.99;10.63
07/19/2017 07:00;25.13;4.59;162.11;1.11;857.79;35.49;10.72
07/19/2017 08:00;25.33;4.41;163.76;0.94;858.08;38.47;11.07
07/19/2017 09:00;25.92;4.06;158.86;1.12;858.3;47.06;11.37
07/19/2017 10:00;26.59;4;163.51;1.13;858.43;52.03;12.91
07/19/2017 11:00;30.54;3.28;159.15;1.08;858.24;50;12.1
07/19/2017 12:00;31.72;2.55;166.2;0.85;858.03;52.8;12.02
07/19/2017 13:00;33.71;2.37;200.09;0.45;857.4;59.47;12
07/19/2017 14:00;35.13;2.15;205.96;0.42;856.67;53.67;11.53
07/19/2017 15:00;36.16;1.78;238.31;0.19;856.02;56.89;11.03
07/19/2017 16:00;36.72;1.41;208.1;0.18;855.42;60.65;11
07/19/2017 17:00;37.16;1.34;185.13;0.3;854.75;53.99;10.65
07/19/2017 18:00;36.21;1.85;175.98;0.5;854.21;54.15;11.18
07/19/2017 19:00;34.57;2.41;164.75;0.66;853.89;49.16;11.1
07/19/2017 20:00;33.71;2.49;168.04;0.67;853.95;57.12;10.98
07/19/2017 21:00;32.15;3.01;166.02;0.67;854.32;59.89;12.5
07/19/2017 22:00;30.46;4.3;164.15;0.52;854.7;65.08;13.15
07/19/2017 23:00;29.12;4.77;159.5;0.42;855.17;60.64;13.02
07/20/2017 00:00;28.17;4.2;168.16;0.49;855.12;59.63;12.42
07/20/2017 01:00;27.55;3.56;170.24;0.56;854.8;55.26;11.34
07/20/2017 02:00;27.03;3.7;163.46;1.22;854.29;64.05;12.81
07/20/2017 03:00;26.58;3.99;159.56;1.24;853.99;57.65;11.87
07/20/2017 04:00;26.1;4.11;158.21;1.25;853.77;59.29;11.7
07/20/2017 05:00;25.45;3.77;163.15;1.35;853.53;46.6;10.51
07/20/2017 06:00;25.19;3.37;163.99;1.16;853.65;42.74;10.16
07/20/2017 07:00;25.07;2.81;163.91;1.09;854.11;34.16;9.52
07/20/2017 08:00;25.16;2.77;160.85;1.1;854.41;42.54;10.33
07/20/2017 09:00;26.02;2.89;161.65;0.91;854.91;44.21;10.83
07/20/2017 10:00;27.94;3.09;163.13;0.91;855.17;61.21;12.84
07/20/2017 11:00;30.5;3.35;165.71;0.74;855.1;56.75;12.15
07/20/2017 12:00;32.6;3.45;179.62;0.54;854.98;54.34;11.23
07/20/2017 13:00;34.29;3.12;199.27;0.35;854.64;48.34;10.39
07/20/2017 14:00;35.45;2.43;203.77;0.17;854.13;51.27;10.26
07/20/2017 15:00;36.53;2.08;311.74;0.22;853.42;54.44;10.85
07/20/2017 16:00;37.42;2.65;299.22;0.15;852.9;77.53;13.71
07/20/2017 17:00;37.66;3.13;318.6;0.32;852.56;69.56;14.02
07/20/2017 18:00;37.32;1.75;325.44;0.35;852.19;73.59;14.96
07/20/2017 19:00;36.86;-1.1;306;0.32;851.89;76.09;14.49
07/20/2017 20:00;35.09;-0.23;139.94;0.22;852.26;68.09;12.85
07/20/2017 21:00;31.92;4.27;165.4;0.69;852.87;70.05;12.21
07/20/2017 22:00;29.76;4.98;172.15;0.51;853.77;71.06;12.85
07/20/2017 23:00;28.45;5.53;161.05;0.45;854.4;59.22;11.94
07/21/2017 00:00;27.39;5.12;157.14;0.5;854.6;55.38;11.6
07/21/2017 01:00;26.74;4.33;168.26;0.54;854.75;56.48;11.29
07/21/2017 02:00;26.11;3.81;169.41;0.73;854.69;58.92;11.38
07/21/2017 03:00;25.33;3.55;170.11;0.59;854.47;48.24;10.27
07/21/2017 04:00;24.86;3.29;172.66;0.5;854.55;42.81;9.81
07/21/2017 05:00;24.51;2.77;151.12;0.55;854.86;41.31;10.15
07/21/2017 06:00;24.29;3.09;166.87;0.82;854.83;52.16;11.52
07/21/2017 07:00;24.1;3.57;162.71;0.76;855.21;46.55;11.34
07/21/2017 08:00;23.47;2.73;129.31;0.5;855.98;40.15;10.27
07/21/2017 09:00;24.83;1.85;162.9;0.53;856.53;51.44;11.25
07/21/2017 10:00;27.23;0.76;162.54;0.46;856.84;46.68;10.44
07/21/2017 11:00;30.65;1.92;165.59;0.47;856.92;48.14;10.1
07/21/2017 12:00;32.72;2.07;137.66;0.47;856.95;43.41;9.25
07/21/2017 13:00;34.66;1.7;173.87;0.11;856.6;44.34;8.97
07/21/2017 14:00;36.29;1.66;293.48;0.18;856.04;52.65;10.37
07/21/2017 15:00;37.64;1.57;321.25;0.26;855.53;63.06;11.96
07/21/2017 16:00;38.21;1.5;325.62;0.35;855.13;71.29;13.71
07/21/2017 17:00;38.46;1.96;337.39;0.3;854.86;79.47;14.83
07/21/2017 18:00;38;2.15;312.29;0.36;854.53;69.08;13.46
07/21/2017 19:00;37.3;0.42;330.39;0.31;854.36;67.1;13.06
07/21/2017 20:00;35.63;0.34;149.56;0.17;854.89;63.33;12.36
07/21/2017 21:00;32.84;2.06;161.62;0.49;855.56;74.19;13.05
07/21/2017 22:00;30.7;3.23;164.19;0.3;856.38;72.37;13.57
07/21/2017 23:00;29.35;3.81;157.96;0.58;856.96;88.42;15.32
07/22/2017 00:00;28.2;4.14;166.71;0.46;857.09;69.55;15.29
07/22/2017 01:00;27.38;4.06;156.66;0.52;857.05;71.2;15.57
07/22/2017 02:00;26.83;3.93;166.79;0.51;857.01;65.75;15.07
07/22/2017 03:00;26.35;3.78;167.2;0.61;856.76;62.08;14.65
07/22/2017 04:00;25.7;3.72;173.36;0.94;856.61;75.81;16.74
07/22/2017 05:00;25.07;3.69;169.99;1.18;856.64;75.69;15.71
07/22/2017 06:00;24.59;3.7;163.38;1.4;857.07;64.61;14.76
07/22/2017 07:00;24.63;3.27;164.93;1.03;857.59;50.64;13.7
07/22/2017 08:00;25.1;2.5;164.88;0.84;858.13;56.55;13.56
07/22/2017 09:00;25.67;2.01;167.82;0.59;858.51;67.95;14.97
07/22/2017 10:00;27.09;1.94;165.38;0.39;858.99;65.49;13.62
07/22/2017 11:00;29.82;1.69;164.23;0.59;859.3;57.91;12.65
07/22/2017 12:00;32.61;1.62;166.24;0.47;859.33;60.27;12.74
07/22/2017 13:00;34.74;1.19;133.76;0.09;859.18;66.18;12.83
07/22/2017 14:00;35.71;1.71;325.55;0.15;858.79;76.63;13.87
07/22/2017 15:00;36.24;2.34;317.43;0.22;858.28;82.88;15.74
07/22/2017 16:00;36.79;0.85;347.97;0.28;857.73;75.27;13.83
07/22/2017 17:00;37.54;-3.03;309.82;0.37;857.41;68.45;12.51
07/22/2017 18:00;37.72;-2.73;327.3;0.24;857.01;63.89;12.28
07/22/2017 19:00;37.24;-4.11;85.53;0.17;856.53;57.16;11.64
07/22/2017 20:00;35.64;-1.52;146.93;0.59;856.51;63.52;11.57
07/22/2017 21:00;33.65;0.96;165.88;0.48;856.72;60.7;11.92
07/22/2017 22:00;32;1.39;161.31;0.35;857.3;69.75;13.33
07/22/2017 23:00;30.81;1.65;160.91;0.39;857.66;61.05;13.02
07/23/2017 00:00;29.66;1.81;170.03;0.52;857.64;61.44;13.16
07/23/2017 01:00;28.89;1.68;172.05;0.37;857.39;57.42;12.46
07/23/2017 02:00;28.38;1.96;163.61;0.94;857;56.83;12.02
07/23/2017 03:00;27.85;2.05;161.52;1;856.56;54.28;12.07
07/23/2017 04:00;27.43;2.35;166.87;0.39;856.4;51.24;11.83
07/23/2017 05:00;27.25;2.15;160.83;0.35;856.67;45.84;11.79
07/23/2017 06:00;26.82;1.7;150.03;0.39;856.69;42.69;11.38
07/23/2017 07:00;26.53;1.46;155.6;0.37;856.64;47.86;12.55
07/23/2017 08:00;26.81;1.74;164.54;0.31;856.71;64.51;14.7
07/23/2017 09:00;27.91;1.41;158.55;0.38;856.85;67.06;14.77
07/23/2017 10:00;30.05;0.8;155.61;0.36;856.8;75.9;15.15
07/23/2017 11:00;32.49;0.38;162.08;0.42;856.71;70.71;14.46
07/23/2017 12:00;35.21;-1;139.49;0.3;856.32;66.28;13.79
07/23/2017 13:00;35.77;-0.9;324.89;0.16;855.75;67.71;12.36
07/23/2017 14:00;37.06;0.13;333.24;0.22;855.18;80.98;15.62
07/23/2017 15:00;37.39;0.89;328.4;0.33;854.72;97.71;16.92
07/23/2017 16:00;38;-0.82;341.72;0.52;854.26;151.41;26.38
07/23/2017 17:00;38.08;-1.69;338.89;0.31;853.86;88.53;18.38
07/23/2017 18:00;38.55;-2.59;338.54;0.34;853.47;77.03;18.2
07/23/2017 19:00;37.98;-3.21;353.88;0.4;853.06;93.85;23.11
07/23/2017 20:00;37.09;-3.27;4.19;0.47;852.95;94.68;24.49
07/23/2017 21:00;35.29;-2.59;61.37;0.22;852.89;99.76;26.01
07/23/2017 22:00;33.4;-1.8;108.6;0.41;853.04;106.81;26.91
07/23/2017 23:00;31.91;2.48;165.63;0.24;853.53;96.96;19.37
07/24/2017 00:00;30.51;5.26;158.54;0.43;853.96;83.16;16.64
07/24/2017 01:00;28.98;7.48;169.56;0.53;854.05;74.62;16.7
07/24/2017 02:00;27.36;9.19;165.39;1.03;853.83;86.69;17.46
07/24/2017 03:00;26.32;9.68;163.1;1.27;853.65;86.58;17.89
07/24/2017 04:00;25.45;9.57;163.9;1.33;853.41;69.98;17.45
07/24/2017 05:00;24.92;8.73;162.23;1.33;853.3;51.26;15.48
07/24/2017 06:00;24.6;7.78;163.43;1.19;853.41;51.44;15.06
07/24/2017 07:00;24.81;4.75;164.66;1.16;853.48;61.33;14.14
07/24/2017 08:00;25.42;2.48;167.12;1.08;853.5;65.46;13.26
07/24/2017 09:00;25.68;2.39;164.36;1.29;853.66;77;13.57
07/24/2017 10:00;26.74;4.05;171.27;1.22;853.66;91.1;15.63
07/24/2017 11:00;28.49;4.76;171.1;1.26;853.48;92.23;14.7
07/24/2017 12:00;30.96;2.58;168.31;1.14;853.37;72.62;12.18
07/24/2017 13:00;32.84;2.35;180.25;0.9;853.14;74.16;11.67
07/24/2017 14:00;34.71;1.93;169.87;0.55;852.84;66.53;11.54
07/24/2017 15:00;35.29;2.48;176.36;0.53;852.28;72.52;14.07
07/24/2017 16:00;35.48;2.52;226.94;0.24;851.83;73.76;14.39
07/24/2017 17:00;36.14;4.05;221.88;0.14;851.51;89.83;16.01
07/24/2017 18:00;34.83;6.6;182.36;0.52;851.37;83.19;15.11
07/24/2017 19:00;32.88;8.23;168.42;0.69;851.49;74.82;14.66
07/24/2017 20:00;30.67;9.63;172.37;0.9;851.76;66.54;15.08
07/24/2017 21:00;28.69;10.43;168.65;0.74;852.03;75.82;16.18
07/24/2017 22:00;27.01;11.07;167.67;0.83;852.66;61.64;16.37
07/24/2017 23:00;25.68;11.43;165.36;0.64;853.28;52.79;16.66
07/25/2017 00:00;24.5;11.85;162.82;0.78;853.65;44.56;15.66
07/25/2017 01:00;23.5;11.88;172.92;0.68;853.87;35.55;13.25
07/25/2017 02:00;22.75;11.86;167.49;1.03;853.76;31.15;13.5
07/25/2017 03:00;21.95;11.75;167.31;1.06;853.58;36.08;12.34
07/25/2017 04:00;21.3;11.77;169.09;0.58;853.5;32.53;11.63
07/25/2017 05:00;20.93;11.61;168.17;0.74;853.59;28.04;11.08
07/25/2017 06:00;20.51;11.49;174.02;0.54;853.91;28.38;11.28
07/25/2017 07:00;20.05;11.33;174.06;0.35;854.26;31.72;12.44
07/25/2017 08:00;20.47;11.5;161.93;0.42;854.42;35.92;13.76
07/25/2017 09:00;21.61;11.51;165.92;0.56;854.74;43.3;14.87
07/25/2017 10:00;23.74;11.46;169.01;0.62;854.84;53.94;16.37
07/25/2017 11:00;26.28;10.91;165.39;0.77;854.67;54.22;14.43
07/25/2017 12:00;28.75;9.44;181.57;0.39;854.35;64.26;14.22
07/25/2017 13:00;30.54;7.33;154.92;0.23;853.79;74.99;14.7
07/25/2017 14:00;32.1;4.57;80.4;0.13;853.24;81.99;15.01
07/25/2017 15:00;32.86;4.21;320.07;0.34;852.74;93.02;15.74
07/25/2017 16:00;33.65;1.24;351.71;0.3;852.38;87.7;14.69
07/25/2017 17:00;34.43;-3.29;351.14;0.39;851.96;81;12.35
07/25/2017 18:00;34.74;-6.46;3.3;0.46;851.66;69.27;10.31
07/25/2017 19:00;34.02;-4.91;348.47;0.45;851.34;102.1;14.27
07/25/2017 20:00;33.03;-4.75;337.72;0.31;851.46;83.3;12.52
07/25/2017 21:00;31.51;-4.77;354.53;0.15;851.65;101.5;14.98
07/25/2017 22:00;29.34;2.71;169.91;0.35;852.27;84.04;14.45
07/25/2017 23:00;27.48;8.04;159.02;0.41;852.89;64.06;15.02
07/26/2017 00:00;26.4;8.49;144.63;0.41;853.41;53.11;13.58
07/26/2017 01:00;25.75;8.4;161.17;0.3;853.63;46.39;13.31
07/26/2017 02:00;24.72;8.97;155.47;0.4;853.73;42.76;14.42
07/26/2017 03:00;23.37;10.08;153.74;0.45;853.73;32.5;16.08
07/26/2017 04:00;22.87;10.34;148.09;0.54;853.71;43.2;16.88
07/26/2017 05:00;22.27;10.43;153.64;0.41;853.71;34.79;17
07/26/2017 06:00;21.76;10.37;147.21;0.39;853.87;30.06;16.76
07/26/2017 07:00;21.4;10.26;146.94;0.36;854.17;31.72;17.79
07/26/2017 08:00;21.78;10.31;150.54;0.23;854.71;34.96;17.97
07/26/2017 09:00;23.25;10.4;162.86;0.33;855.03;46.06;18.91
07/26/2017 10:00;24.75;10.31;172.1;0.55;855.13;48.74;17.8
07/26/2017 11:00;27.19;9.98;170.25;0.69;855.02;56.73;16.21
07/26/2017 12:00;28.97;9.08;166.28;0.57;854.79;63.67;16.23
07/26/2017 13:00;31.12;7.52;139.79;0.34;854.51;80.57;16.98
07/26/2017 14:00;32.48;4.81;357.87;0.3;853.9;95.66;18.03
07/26/2017 15:00;33.14;2.87;327.14;0.21;853.65;108.44;18.92
07/26/2017 16:00;33.55;1.53;309.13;0.25;853.41;90.21;17.04
07/26/2017 17:00;34.64;-0.63;86.28;0.07;853.23;74.79;14.26
07/26/2017 18:00;34.7;-1.75;326.65;0.17;853.16;69.75;13.67
07/26/2017 19:00;33.79;-0.55;11.32;0.19;853.09;77.82;15.22
07/26/2017 20:00;31.63;6.45;187.6;0.36;853.51;79.96;16.17
07/26/2017 21:00;29.28;10.21;172.42;0.55;854.23;58.65;16.21
07/26/2017 22:00;28.05;10.76;162.2;0.44;854.8;67.57;18.9
07/26/2017 23:00;26.84;10.81;162.57;0.42;855.52;58.4;19.34
07/27/2017 00:00;26.09;10.6;164.47;0.37;855.66;47.34;17.48
07/27/2017 01:00;25.49;10.61;155.53;0.37;855.89;42.16;17.22
07/27/2017 02:00;24.61;9.78;172.27;0.47;855.98;48.28;16.98
07/27/2017 03:00;24.01;9.26;164.12;0.52;856.01;48.25;17.38
07/27/2017 04:00;23.43;9.05;160.65;0.43;855.96;38.49;15.58
07/27/2017 06:00;22.4;8.77;172.92;0.66;856.36;37.31;15.03
07/27/2017 07:00;22.3;8.67;167.75;0.41;856.67;38.31;16.19
07/27/2017 08:00;22.38;8.71;172.86;0.5;857.11;38.17;16.3
07/27/2017 09:00;24.42;8.73;178.63;0.65;857.31;48.68;16.11
07/27/2017 10:00;25.5;8.51;176.01;0.87;857.29;66.23;17
07/27/2017 11:00;27.94;8.47;170.73;1.03;857.13;75.26;16.55
07/27/2017 12:00;30.04;7.94;166.18;1.13;857.05;64.33;14.94
07/27/2017 13:00;32.47;6.6;172.5;0.78;856.96;59.87;13.53
07/27/2017 14:00;33.84;4.74;180.61;0.57;856.58;59.68;11.91
07/27/2017 15:00;34.86;3.21;208.13;0.32;856.17;46.47;9.87
07/27/2017 16:00;35.67;2.16;187.24;0.22;855.74;61.27;11.56
07/27/2017 17:00;35.83;2.4;185.81;0.24;855.22;53.07;10.45
07/27/2017 18:00;35.81;1.84;219.57;0.23;855.04;44.1;9.54
07/27/2017 19:00;34.62;1.47;162.86;0.44;855.02;44.23;9.89
07/27/2017 20:00;33.62;2.2;194.67;0.35;855.29;47.4;9.58
07/27/2017 21:00;31.95;4.06;165.08;0.57;855.86;48.94;10.62
07/27/2017 22:00;30.1;6.48;168.63;0.55;856.63;75.06;12.8
07/27/2017 23:00;28.92;7.14;168.87;0.45;857.29;58.41;12.36
07/28/2017 00:00;28.06;6.13;172.76;0.55;857.43;60.12;13.09
07/28/2017 01:00;27.07;4.25;165.58;0.48;857.49;58.63;13.53
07/28/2017 02:00;26.13;4.31;169.9;0.46;857.43;56.36;12.92
07/28/2017 03:00;25.7;4.87;170.29;0.8;857.35;58.25;13.95
07/28/2017 04:00;25.07;5.3;168.14;0.9;857.26;48.23;12.23
07/28/2017 05:00;24.5;5.98;163.66;0.84;857.36;42.5;11.32
07/28/2017 06:00;24.27;5.8;164.59;1.04;857.37;42.53;12.08
07/28/2017 07:00;23.81;5.47;158.08;0.45;857.43;38.92;11.35
07/28/2017 08:00;24.18;4.92;131.36;0.33;857.98;48.29;12.34
07/28/2017 09:00;24.69;3.41;121.97;0.84;858.24;52.16;12.79
07/28/2017 10:00;27.23;4.06;132.56;0.7;858.25;62.45;13.27
07/28/2017 11:00;30.72;4.33;164;0.56;858.01;56.94;11.88
07/28/2017 12:00;33.07;3.76;179.02;0.63;857.8;57.61;11.67
07/28/2017 13:00;35.46;3.44;204.98;0.35;857.53;58.85;11.46
07/28/2017 14:00;36.54;2.93;159.73;0.23;857.04;57.18;11.33
07/28/2017 15:00;37.31;2.8;328.38;0.22;856.61;68;12.52
07/28/2017 16:00;37.34;3.22;348.74;0.32;856.21;127.16;18.68
07/28/2017 17:00;37.46;2.62;305.36;0.4;855.98;65.34;12.6
07/28/2017 18:00;37.48;2.13;349.13;0.31;855.8;61.5;11.67
07/28/2017 19:00;36.56;-0.36;334.98;0.38;855.69;56.65;11.43
07/28/2017 20:00;35.64;-2.13;350.39;0.2;855.78;50.33;10.51
07/28/2017 21:00;33.49;-2.36;0.38;0.04;855.88;64.04;12.83
07/28/2017 22:00;30.88;-1.25;131.42;0.09;856.22;92.64;17.4
07/28/2017 23:00;29.93;-2.16;152.03;0.13;856.66;99.17;19.38
07/29/2017 00:00;29.93;-2.03;159.56;0.17;856.97;96.49;18.49
07/29/2017 01:00;29.25;2.54;164.68;0.3;856.81;77.75;16.33
07/29/2017 02:00;28.28;3.02;148;0.3;856.85;64.1;14.89
07/29/2017 03:00;26.94;3.5;174.29;0.06;857.16;66.64;15.81
07/29/2017 04:00;26.38;3.36;142.62;0.11;857.09;57.64;14.72
07/29/2017 05:00;25.68;3.35;139.2;0.08;857.09;64.78;15.39
07/29/2017 06:00;25.01;2.86;189.94;0.07;857.24;59.78;14.93
07/29/2017 07:00;24.91;2.34;141.36;0.11;857.51;69.09;16.71
07/29/2017 09:00;26.7;1.34;206.26;0.05;858.04;100.17;19.89
07/29/2017 10:00;29.23;1.99;311.17;0.13;858.19;96.41;19.01
07/29/2017 11:00;32.04;2.19;352.77;0.24;858.21;92.79;18.43
07/29/2017 12:00;33.37;3.04;346.19;0.29;858.08;105.91;20.61
07/29/2017 13:00;34.81;3.08;348.49;0.32;857.73;114.31;21.48
07/29/2017 14:00;36.02;-0.96;359.39;0.29;857.4;88.62;15.27
07/29/2017 15:00;36.86;-4.09;8.6;0.62;857.02;209.51;28.56
07/29/2017 16:00;37.23;-5.05;18.04;0.54;856.57;121.84;19.69
07/29/2017 17:00;37.64;-4.45;23.39;0.4;856.42;85.31;18.01
07/29/2017 18:00;37.24;-4.61;65.06;0.34;856.2;72.57;17.35
07/29/2017 19:00;36.58;-4.11;37.49;0.3;856;94.13;19.4
07/29/2017 20:00;35.36;-4.17;101.74;0.49;855.93;70.57;18.34
07/29/2017 21:00;33.98;-3.5;105.64;0.46;856.04;72.17;19.21
07/29/2017 22:00;31.46;-1.39;115.13;0.18;856.34;159.26;32.7
07/29/2017 23:00;29.71;-0.66;132.04;0.06;856.73;132.88;30.28
07/30/2017 00:00;29.66;-1.26;162.37;0.25;857.07;116.93;27.74
07/30/2017 01:00;29.2;2.42;125.61;0.34;857.19;77.73;19.06
07/30/2017 02:00;28.42;4.93;134.71;0.38;857.37;74.14;17.27
07/30/2017 03:00;27.76;7.21;146.73;0.34;857.24;60.34;15.81
07/30/2017 04:00;26.86;7.76;169.88;0.19;857.19;57.7;16.19
07/30/2017 05:00;26.25;7.31;177.83;0.21;857.28;50.59;15.28
07/30/2017 06:00;25.58;7.19;164.19;0.31;857.29;49.64;15.16
07/30/2017 07:00;25.4;9.67;160.34;0.42;857.57;59.44;15.94
07/30/2017 08:00;25.34;9.95;160.75;0.33;857.97;52.53;16.37
07/30/2017 09:00;25.91;10;172.56;0.63;858.25;111.56;23.04
07/30/2017 10:00;27.8;8.04;181.54;0.95;858.24;139.32;22.73
07/30/2017 11:00;29.65;8.3;174.72;1.16;858.14;115.95;19.26
07/30/2017 12:00;31.46;5.86;177.02;1.16;857.77;98.76;16.79
07/30/2017 13:00;33.42;5.61;186.24;0.94;857.36;103.74;17.08
07/30/2017 14:00;35.2;5.19;173.2;0.86;856.87;93.42;14.88
07/30/2017 15:00;36.23;4.91;200.28;0.61;856.44;97.59;14.84
07/30/2017 16:00;36.52;5.17;210.95;0.66;855.92;104.78;15.39
07/30/2017 17:00;36.59;6.4;169.02;0.81;855.63;99.1;17.42
07/30/2017 18:00;35.98;8.54;176.15;0.75;855.57;113.16;19.51
07/30/2017 19:00;34.21;10.61;185.72;0.73;855.67;110.34;20.47
07/30/2017 20:00;32.62;11.52;175.35;1.1;855.95;113.81;23.12
07/30/2017 21:00;30.76;12.47;164.04;1.18;856.63;103.02;22.34
07/30/2017 22:00;29.43;12.85;174.22;0.8;857.42;82.28;21.72
07/30/2017 23:00;28.29;12.8;175.43;0.87;858.02;82.02;21.98
07/31/2017 00:00;27.48;11.91;168.85;0.89;858.16;75.32;20.97
07/31/2017 01:00;26.79;11.35;171.95;0.92;858.29;64.29;19.42
07/31/2017 02:00;26.3;10.44;178.51;0.71;858.09;71.22;18.97
07/31/2017 03:00;25.81;10.5;168.78;1.08;858;71.06;18.84
07/31/2017 04:00;25.44;10.66;169.22;1.25;857.96;65.41;18.34
07/31/2017 05:00;24.83;10.68;168.13;0.89;858.11;52.74;17.67
07/31/2017 06:00;24.67;10.45;167.12;0.52;858.79;46.47;16.5
07/31/2017 07:00;24.61;10.29;177.04;0.59;859.03;51.61;16.65
07/31/2017 08:00;24.68;10.54;162.91;0.69;859.59;49.92;17.11
07/31/2017 09:00;25.02;10.26;168.69;1.12;859.29;66.97;18.37
07/31/2017 10:00;26.23;10;166.69;1.45;859.55;71.94;17.71
07/31/2017 11:00;28.91;8.37;166.79;1.15;859.45;86.1;17.41
07/31/2017 12:00;30.95;6.72;162.94;1.23;859.25;91.43;15.76
07/31/2017 13:00;32.57;5.48;165.27;0.94;858.99;91.35;16.15
07/31/2017 14:00;33.76;4.96;170.53;1.02;858.73;79.82;14.25
07/31/2017 15:00;34.96;5.87;177.5;0.86;858.25;85.48;15.26
07/31/2017 16:00;35.83;5.95;167.38;0.69;857.78;86.92;15.64
07/31/2017 17:00;35.94;3.49;150.71;0.56;857.48;93.27;15.81
07/31/2017 18:00;34.76;1.25;124.65;1.05;857.5;653.17;74.56
07/31/2017 19:00;33.24;1.44;112.03;2.73;857.51;749.47;70.6
07/31/2017 20:00;32.99;4.97;147;0.9;857.68;82.37;16.18
07/31/2017 21:00;31.18;7.83;169.51;0.82;858.3;72.69;14.49
07/31/2017 22:00;29.78;8.49;168.72;0.97;858.93;70.16;14.21
07/31/2017 23:00;28.75;8.95;165.44;1.04;859.47;72.38;14.93
08/01/2017 00:00;27.89;8.82;167.8;0.87;859.93;58.89;13.39
08/01/2017 01:00;27.14;8.35;171.65;0.62;860.62;48.53;12.32
08/01/2017 02:00;26.6;7.45;167.19;0.82;860.99;43.98;11.09
08/01/2017 03:00;25.67;7.26;200.52;0.3;861.54;38.48;10.79
08/01/2017 04:00;25.23;7.68;166.4;0.44;861.9;37.55;10.84
08/01/2017 05:00;24.68;8.4;180.73;0.38;861.9;38.93;12.18
08/01/2017 06:00;24.19;8.79;173.41;0.52;861.87;36.06;12.25
08/01/2017 07:00;23.76;7.98;169.12;0.36;861.7;36.92;12.53
08/01/2017 08:00;24.16;7.61;174.53;0.47;861.8;48.13;13.56
08/01/2017 09:00;24.61;6.72;165.81;0.84;861.8;82.13;20.82
08/01/2017 10:00;25.56;5.93;166.19;1;862.13;57.94;13.65
08/01/2017 11:00;28.39;4.59;180.34;0.72;862.48;67.91;13.2
08/01/2017 12:00;30.11;4.78;175.5;0.78;862.56;61.44;12.53
08/01/2017 13:00;31.97;3.4;183.38;0.54;862.56;62.95;11.8
08/01/2017 14:00;33.84;2.56;172.42;0.7;862.18;52.24;10.75
08/01/2017 15:00;34.86;2.03;196.11;0.46;861.61;54.24;10.86
08/01/2017 16:00;35.65;1.81;184.08;0.46;860.9;50.7;10.56
08/01/2017 17:00;36.09;1.62;214.99;0.41;860.46;51.71;10.74
08/01/2017 18:00;35.39;2.09;213.59;0.43;860.31;51.66;10.72
08/01/2017 19:00;34.1;2.48;197.96;0.38;860.41;53;10.85
08/01/2017 20:00;32.56;3.73;219.04;0.41;860.74;52.39;11.06
08/01/2017 21:00;30.69;5.72;188.14;0.4;861.33;60.47;12.33
08/01/2017 22:00;29.33;7.19;170.68;0.34;862.24;59.74;13.06
08/01/2017 23:00;28.16;7.81;159.26;0.33;863.2;51.4;11.72
08/02/2017 00:00;27.04;8.02;170.87;0.47;862.83;55.08;12.37
08/02/2017 01:00;26.07;8.23;157.22;0.5;862.76;47.8;11.11
08/02/2017 02:00;25.17;8.23;168.21;0.59;862.57;46.02;10.94
08/02/2017 03:00;24.58;7.56;167.7;1.16;862.37;59.79;11.41
08/02/2017 04:00;23.86;6.73;168.28;1.2;862.24;58.43;12
08/02/2017 05:00;23.21;6.67;176.41;0.65;862.27;38.55;9.51
08/02/2017 06:00;22.52;6.09;170.63;0.76;862.48;38.59;10.35
08/02/2017 07:00;21.88;6.76;173.16;0.9;862.68;34.12;10.05
08/02/2017 08:00;21.73;6.21;173.06;0.55;863.16;41.13;11.34
08/02/2017 09:00;22.31;6.69;171.68;0.95;863.56;44.75;11.55
08/02/2017 10:00;24.02;6.88;169.49;1.05;863.6;55.41;12.16
08/02/2017 11:00;26.98;6.16;175.6;0.85;863.61;48.98;10.55
08/02/2017 12:00;28.98;5.82;169.03;0.79;863.47;44.89;9.99
08/02/2017 13:00;31.03;5.47;196.45;0.49;863.03;52.89;10.59
08/02/2017 14:00;32.65;4.9;185.38;0.46;862.34;48.64;9.89
08/02/2017 15:00;33.35;3.68;187.47;0.6;861.75;47.12;9.99
08/02/2017 16:00;34.12;2.57;188.25;0.46;861.28;38.59;9.27
08/02/2017 17:00;34.51;3.24;176.73;0.56;860.83;43.23;9.34
08/02/2017 18:00;34.16;3.65;196.2;0.5;860.62;43.56;9.2
08/02/2017 19:00;32.62;4.98;184.39;0.58;860.48;45.16;9.78
08/02/2017 20:00;31.46;5.78;178.91;0.62;860.62;43.85;9.7
08/02/2017 21:00;29.88;6.18;166.11;0.59;861.06;50.35;10.09
08/02/2017 22:00;28.12;7.04;166.45;0.44;861.69;69.42;11.91
08/02/2017 23:00;26.63;7.97;171.5;0.64;862.07;64.25;12.6
08/03/2017 00:00;25.7;8.23;169.26;0.42;862.2;42.12;10.86
08/03/2017 01:00;24.89;8.16;164.76;1.22;862.24;56.47;11.89
08/03/2017 02:00;24.09;7.92;171.96;0.97;862.06;38.33;11.66
08/03/2017 03:00;23.39;7.64;178.13;0.6;861.87;37.77;11.48
08/03/2017 04:00;22.78;7.58;172.81;0.7;861.69;32.14;12.37
08/03/2017 05:00;22.22;7.49;172.26;0.77;861.5;25.52;10.47
08/03/2017 06:00;21.77;7.63;169.9;0.52;861.5;23.73;10.94
08/03/2017 07:00;21.39;7.76;166.19;0.45;861.7;28.01;12.37
08/03/2017 08:00;21.75;7.22;162.18;0.46;861.93;30.17;12.61
08/03/2017 09:00;22.42;6.73;163.08;0.66;862.06;38.62;12.85
08/03/2017 10:00;24.42;5.99;165.52;0.82;861.9;41.99;12.32
08/03/2017 11:00;27.38;5.45;172.37;0.67;861.77;48.81;11.62
08/03/2017 12:00;29.53;4.08;173.58;0.56;861.66;41.45;9.93
08/03/2017 13:00;31.31;3.95;169.4;0.4;861.17;43.85;9.88
08/03/2017 14:00;32.89;1.88;189.17;0.32;860.49;35.85;8.17
08/03/2017 15:00;34.18;0.83;171.24;0.22;859.8;33.43;7.8
08/03/2017 16:00;34.65;1.65;144;0.4;859.16;34.96;8.75
08/03/2017 17:00;35.11;1.92;171.19;0.38;858.63;39.73;8.59
08/03/2017 18:00;34.97;1.05;169.82;0.48;858.15;38.23;8
08/03/2017 19:00;33.33;2.24;168.14;0.6;857.97;39.77;8.23
08/03/2017 20:00;32.06;2.1;169.27;0.68;858.05;37.27;7.77
08/03/2017 21:00;30.5;2.73;159.77;0.49;858.31;45.83;9.22
08/03/2017 22:00;28.92;4.46;164.86;0.36;858.81;46.82;10.02
08/03/2017 23:00;27.7;4.79;167.17;0.43;859.17;42.9;10.41
08/04/2017 00:00;26.77;5.6;170.38;0.63;859.08;39.61;10.9
08/04/2017 01:00;25.85;6.05;174.59;0.69;858.92;38.79;10.52
08/04/2017 02:00;25.44;5.57;165.47;0.98;858.42;36.2;9.63
08/04/2017 03:00;24.96;5.27;165.4;1.12;858.08;36.8;9.32
08/04/2017 04:00;24.27;4.36;163.25;1.23;858.05;39.89;9.51
08/04/2017 05:00;23.98;5.13;166.09;1.02;857.92;32.28;8.85
08/04/2017 06:00;23.64;6.07;163.34;1.07;857.93;28.4;8.99
08/04/2017 07:00;23.02;6.63;149.08;0.73;858.13;28.75;9.32
08/04/2017 08:00;22.61;6.37;141.67;0.45;858.55;29.67;9.66
08/04/2017 09:00;23.7;6.27;160.39;0.45;858.79;46.77;11.27
08/04/2017 10:00;25.54;5.98;161.41;0.63;858.91;52.87;10.63
08/04/2017 11:00;28.87;4.35;164.81;0.58;858.99;44.61;9.66
08/04/2017 12:00;31.25;3.53;173.38;0.48;858.84;41.29;8.69
08/04/2017 13:00;33.26;2.29;159.57;0.17;858.39;40.76;7.84
08/04/2017 14:00;34.73;1.35;105.06;0.08;857.79;61.62;9.49
08/04/2017 15:00;34.9;0.75;144.79;0.05;857.12;40.09;8.49
08/04/2017 16:00;36.08;2.17;300.94;0.12;856.57;41.85;9.2
08/04/2017 17:00;36.6;1.86;342.82;0.18;856.08;42.96;9.85
08/04/2017 18:00;36.45;2.02;319.59;0.3;855.66;52.54;10.98
08/04/2017 19:00;35.26;2.12;314.17;0.03;855.35;52.51;11.84
08/04/2017 20:00;33.96;2.44;164.77;0.59;855.48;41.02;8.29
08/04/2017 21:00;32.66;2.6;164.31;0.49;855.71;49.19;9.66
08/04/2017 22:00;31.09;3.53;162.45;0.35;856.24;50.76;10.29
08/04/2017 23:00;29.69;4.98;164.23;0.53;856.73;50.04;10.89
08/05/2017 00:00;28.62;6.81;169;0.79;856.68;46.48;10.87
08/05/2017 01:00;27.81;7.6;168.16;0.84;856.62;48.46;12.08
08/05/2017 02:00;26.96;6.68;170.8;0.95;856.59;46.79;11.83
08/05/2017 03:00;26.28;7.04;164.21;1.12;856.33;44.83;11.57
08/05/2017 04:00;25.66;8.23;165.29;1.22;856.09;45.41;12.39
08/05/2017 05:00;25.32;8.28;162.7;1.18;855.92;38.73;11.41
08/05/2017 06:00;24.99;6.71;165.76;1.19;856.01;36.52;10.94
08/05/2017 07:00;24.72;5.47;164.88;1.25;856.35;39.35;10.92
08/05/2017 08:00;24.77;4.61;167.95;0.76;856.67;52.41;12.09
08/05/2017 09:00;24.98;8.41;173.33;0.36;857.13;49.7;14.02
08/05/2017 10:00;26.05;7.7;168.03;0.65;857.43;46.53;13.42
08/05/2017 11:00;29.74;6.33;168.33;0.58;857.55;53.56;12.12
08/05/2017 12:00;32.69;4.01;163.77;0.65;857.51;52.05;10.32
08/05/2017 13:00;34.51;3.99;197.04;0.21;857.16;50.14;9.72
08/05/2017 14:00;35.8;2.52;151.98;0.14;856.64;50.73;9.83
08/05/2017 15:00;36.94;1.33;123.36;0.06;856.05;56.06;10.65
08/05/2017 16:00;37.45;0.52;159.76;0.13;855.57;54.81;11.38
08/05/2017 17:00;36.72;0.7;297.47;0.1;855.2;57.85;10.95
08/05/2017 18:00;36.53;0.56;171.47;0.3;854.99;50.74;10.06
08/05/2017 19:00;35.45;2.18;193.22;0.3;854.87;50.99;10.49
08/05/2017 20:00;34.11;2.66;170.75;0.72;855.1;61.23;11.23
08/05/2017 21:00;32.3;4.7;170.03;0.42;855.62;68.58;12.93
08/05/2017 22:00;30.83;7.32;166.88;0.4;856.46;69.04;15.51
08/05/2017 23:00;29.36;9.62;173.4;0.64;857.08;66.05;14.31
08/06/2017 00:00;28.09;10.49;176.06;0.67;857.12;52.79;13.71
08/06/2017 01:00;27.18;10.54;179.88;0.57;857.17;40.25;12.89
08/06/2017 02:00;26.6;10.72;169.29;0.7;857.21;37.87;12.62
08/06/2017 03:00;26.27;10.96;176.64;0.69;856.99;34.47;12.02
08/06/2017 04:00;25.84;10.62;177.66;0.59;857.21;29.46;11.43
08/06/2017 05:00;25.63;9.69;163.5;0.89;857.04;27.03;10.78
08/06/2017 06:00;25.13;9.14;168.24;0.99;857.08;32.55;11.07
08/06/2017 07:00;24.81;8.06;163.48;0.96;857.38;35.95;11.27
08/06/2017 08:00;25;5.23;165.78;1.23;857.97;51.82;11.01
08/06/2017 09:00;26.01;3.4;166.32;1.2;858.54;66.34;12.34
08/06/2017 10:00;27.63;3.53;166.62;1.15;858.88;59.71;12.04
08/06/2017 11:00;30.35;3.73;170.24;0.9;858.99;57.15;11.01
08/06/2017 12:00;32.24;2.33;165.93;1.15;858.7;59.97;10.74
08/06/2017 13:00;34.46;1.32;180.61;0.68;858.45;57.45;9.99
08/06/2017 14:00;35.98;-0.02;200.35;0.48;858.18;55.99;9.22
08/06/2017 15:00;36.98;-0.48;218.28;0.45;857.64;56.42;9.72
08/06/2017 16:00;37.58;-1.17;239.6;0.51;857.04;51.51;9.5
08/06/2017 17:00;37.87;-1.08;261.75;0.53;856.65;56.16;9.69
08/06/2017 18:00;37.17;-1.09;262.46;0.5;856.6;62.33;10.18
08/06/2017 19:00;35.53;-0.9;222.5;0.37;856.7;56.87;10.15
08/06/2017 20:00;33.98;0.91;199.29;0.34;857.16;59.5;9.97
08/06/2017 21:00;31.95;3.46;177.39;0.47;857.8;61.38;10.69
08/06/2017 22:00;30.32;6.57;172.8;0.47;858.45;65.87;12.06
08/06/2017 23:00;29.08;8.18;178.56;0.63;858.84;65.51;12.92
08/07/2017 00:00;28.03;8.6;174.38;0.63;858.97;53.55;12.15
08/07/2017 01:00;27.19;8.69;173.52;0.86;859.02;50.11;11.57
08/07/2017 02:00;26.46;8.84;173.64;0.58;858.95;39.18;10.07
08/07/2017 03:00;25.82;8.42;169.21;1.12;858.86;40.95;10.17
08/07/2017 04:00;25.51;7.09;170.48;0.89;858.78;29.91;8.33
08/07/2017 05:00;25.1;5.8;166.39;1.09;858.68;26.95;8.02
08/07/2017 06:00;24.82;4.46;164.89;0.85;858.87;27.04;7.6
08/07/2017 07:00;24.41;3.76;171.6;0.97;859.18;27.95;7.68
08/07/2017 08:00;24.46;3.68;168.96;0.71;859.54;40.04;9.27
08/07/2017 09:00;25.21;3.13;163.31;0.52;860;55.88;10.99
08/07/2017 10:00;27.28;2.46;167.89;0.92;860.19;61.53;11.71
08/07/2017 11:00;30.52;1.02;168.26;0.92;860.27;54.99;10.11
08/07/2017 12:00;33.14;0;175.19;0.74;860.12;53.41;10.57
08/07/2017 13:00;35.3;-2.15;186.48;0.61;859.67;48.87;10.31
08/07/2017 14:00;36.35;-3.98;172.23;0.65;859.25;41.51;8.53
08/07/2017 15:00;36.82;-4.46;178.17;0.66;858.93;40;8.26
08/07/2017 16:00;37.25;-4.19;187.85;0.5;858.55;36.83;8
08/07/2017 17:00;37.43;-4.23;167.58;0.56;858.18;34.43;7.91
08/07/2017 18:00;36.83;-4.21;200.82;0.42;858.16;40.81;8.73
08/07/2017 19:00;35.24;-4.42;183.08;0.51;858.25;40.76;8.22
08/07/2017 20:00;34.07;-3.69;169.18;0.68;858.47;38.99;7.42
08/07/2017 21:00;32.45;-0.14;163.74;0.77;858.94;47.71;8.69
08/07/2017 22:00;30.81;2.65;165.86;0.4;859.7;61.06;10.77
08/07/2017 23:00;29.53;3.77;171.61;0.71;859.99;64;11.35
08/08/2017 00:00;28.58;3.89;174.36;0.63;860.05;51.27;9.85
08/08/2017 01:00;27.66;3.36;173.34;0.54;860.04;44.97;9.65
08/08/2017 02:00;27.03;1.77;175.19;0.54;860.03;39.1;8.4
08/08/2017 03:00;26.39;-0.65;165.59;0.47;859.91;33.41;7.42
08/08/2017 04:00;25.9;-1.64;162.62;0.41;859.74;29.97;6.67
08/08/2017 05:00;25.37;-1.78;155.9;0.4;859.82;29.71;6.65
08/08/2017 06:00;24.23;-2.37;121.48;0.84;860.05;31.61;7.27
08/08/2017 07:00;23.8;-1.92;135.5;0.41;860.4;170.96;18.93
08/08/2017 08:00;23.84;-1.06;151.75;0.33;860.71;47.01;10.69
08/08/2017 09:00;25.04;-0.1;175.48;0.44;860.95;60.8;12.61
08/08/2017 10:00;27.63;0.92;163.28;0.32;861.1;71.46;13.51
08/08/2017 11:00;31.14;-0.06;147.99;0.34;861.12;61.84;11.57
08/08/2017 12:00;33.7;-1.63;177.56;0.36;860.97;49.2;10.87
08/08/2017 13:00;35.17;-3.52;226.87;0.26;860.63;42.26;8.51
08/08/2017 14:00;36.55;-2.38;172.81;0.42;860.29;38.19;8.6
08/08/2017 15:00;36.91;-3.79;160.02;0.32;859.81;34.74;7.92
08/08/2017 16:00;37.03;-2.84;150.08;0.39;859.29;43.09;8.73
08/08/2017 17:00;37.69;-4.22;165.39;0.48;858.86;46.46;8.56
08/08/2017 18:00;37.05;-5.94;162.32;0.58;858.71;38.53;7.4
08/08/2017 19:00;35.52;-5.37;176.65;0.65;858.67;41.15;7.24
08/08/2017 20:00;34.57;-4.98;173.11;0.71;858.88;43.41;7.13
08/08/2017 21:00;32.95;-4.47;170.75;0.41;859.28;42.72;7.8
08/08/2017 22:00;31.43;-2.75;163.7;0.36;859.91;47.35;8.81
08/08/2017 23:00;30.24;-2.11;148.82;0.58;860.45;60.56;10.01
08/09/2017 00:00;29.3;-1.32;173.06;0.5;860.52;57.06;9.69
08/09/2017 01:00;28.09;-1.38;162.31;0.46;860.54;45.89;8.85
08/09/2017 02:00;27.12;-1.36;166.1;0.29;860.4;47.17;9.25
08/09/2017 03:00;26.21;-2.52;154.53;0.47;860.43;40.71;8.1
08/09/2017 04:00;25.68;-2.7;171.57;0.28;860.57;36.05;7.78
08/09/2017 05:00;25.24;-2.68;175.48;0.27;860.53;34.19;7.62
08/09/2017 06:00;24.71;-2.73;169.42;0.3;860.54;36.2;8.35
08/09/2017 07:00;23.58;-2.9;155.44;0.42;860.82;44.91;10.18
08/09/2017 08:00;23.77;-2.79;163.66;0.39;861.15;49.66;11
08/09/2017 09:00;24.79;-2.32;167.32;0.79;861.52;89.95;14.14
08/09/2017 10:00;27.15;-0.98;169.06;1.09;861.59;58.75;10.4
08/09/2017 11:00;30.36;-3.03;173.7;0.79;861.52;50.06;9.48
08/09/2017 12:00;32.68;-5.47;175.39;0.82;861.25;47.31;8.1
08/09/2017 13:00;34.75;-7.08;173.77;0.65;860.75;42.46;7.64
08/09/2017 14:00;36.15;-6.63;172.91;0.63;860.28;43.54;7.25
08/09/2017 15:00;36.81;-6.62;176.28;0.44;859.73;43.11;7.85
08/09/2017 16:00;37.15;-6.84;181.52;0.4;859.16;35.25;6.92
08/09/2017 17:00;37.2;-6.97;186.8;0.37;858.75;36.16;7.04
08/09/2017 18:00;36.81;-7.12;213.94;0.35;858.42;33.81;6.67
08/09/2017 19:00;35.35;-5.31;261.89;0.4;858.2;42.08;8
08/09/2017 20:00;33.89;-1.68;179.35;0.61;858.23;58.19;9.73
08/09/2017 21:00;31.91;2.78;169.83;0.66;858.65;61.11;10.73
08/09/2017 22:00;30.53;3.17;168.08;0.39;859.32;59.3;10.99
08/09/2017 23:00;29.4;3.26;171.77;0.41;859.71;60.85;11.48
08/10/2017 00:00;28.34;3.52;173.83;0.79;859.62;57.29;11.28
08/10/2017 01:00;27.67;1.31;175.7;0.67;859.59;54.85;10.26
08/10/2017 02:00;26.7;-1.39;171.42;0.78;859.67;47.25;8.75
08/10/2017 03:00;25.79;-2.62;169.29;0.93;859.62;42.27;8.2
08/10/2017 04:00;25.14;-2.66;167.2;0.86;859.55;35.02;7.75
08/10/2017 05:00;24.34;-0.82;173.49;0.42;859.58;34.87;8.51
08/10/2017 06:00;23.67;-1.19;173.2;0.77;859.96;35.92;8.64
08/10/2017 07:00;23.31;-2.27;166.64;1.06;860.16;36.55;8.33
08/10/2017 08:00;23.16;-2.34;190.01;0.42;860.79;42.85;9.68
08/10/2017 09:00;24.27;-0.91;195.06;0.36;861.24;58.82;11.8
08/10/2017 10:00;26.09;1.33;192.96;0.63;861.2;83.84;14.26
08/10/2017 11:00;27.96;0.55;177.71;0.98;861.25;85.97;13.14
08/10/2017 12:00;29.66;0.28;183.14;0.85;861.35;83.7;11.97
08/10/2017 13:00;30.93;-1.05;192.58;0.76;861.14;54.45;9.53
08/10/2017 14:00;32.59;-0.23;186.44;0.65;860.39;69.67;11
08/10/2017 15:00;33.73;-0.27;172.68;0.58;859.89;77.06;11.38
08/10/2017 16:00;34.04;-1.37;175.64;0.67;859.56;53.98;9.18
08/10/2017 17:00;34.26;-0.89;200.86;0.5;859.26;75.1;10.58
08/10/2017 18:00;33.29;1.33;186.89;0.68;859.21;62.73;10.14
08/10/2017 19:00;31.48;4.42;187.64;0.64;859.36;110.88;16.62
08/10/2017 20:00;30.14;6.12;174.51;0.81;859.83;116.76;18.37
08/10/2017 21:00;28.43;7.07;175.8;0.58;860.57;122.39;19.16
08/10/2017 22:00;27.03;7.36;174.89;0.7;860.96;95.91;18.12
08/10/2017 23:00;25.69;7.75;182.47;0.66;861.42;121.78;20.71
08/11/2017 00:00;24.5;8.44;174.2;0.96;861.62;103.92;19.75
08/11/2017 01:00;23.5;8.2;173.91;0.78;861.81;66.69;16.94
08/11/2017 02:00;22.64;7.56;169.23;1.16;861.64;44.17;14.28
08/11/2017 03:00;22.13;7.35;171.15;1.07;861.34;41.79;13.9
08/11/2017 04:00;21.72;6.88;171.22;1.27;861.18;47.54;14.62
08/11/2017 05:00;21.52;6.68;170.05;1.01;861.45;37.09;14.71
08/11/2017 06:00;20.88;6.69;167.2;1.11;861.63;32.94;16.06
08/11/2017 07:00;19.95;7.24;168.11;1.12;861.89;34.85;17.58
08/11/2017 08:00;19.77;8.14;172.53;0.87;862.18;34.06;18.82
08/11/2017 09:00;20.73;8.95;168.09;0.77;862.5;34.11;20.64
08/11/2017 10:00;22.53;8.99;168.33;0.89;862.21;39.65;20.28
08/11/2017 11:00;25.71;8.64;171.78;0.63;862.12;45.99;16.75
08/11/2017 12:00;27.6;7.84;178.84;0.61;861.78;47.3;14.11
08/11/2017 13:00;29.02;7.72;206.89;0.54;861.26;45.83;13.59
08/11/2017 14:00;30.42;7.45;213.84;0.36;860.76;44.81;12.47
08/11/2017 15:00;31.69;6.71;212.27;0.4;860.2;40.18;11.22
08/11/2017 16:00;32.55;5.77;206.93;0.34;859.68;35.72;10.17
08/11/2017 17:00;32.88;3.83;220.89;0.25;859.3;30.45;8.46
08/11/2017 18:00;32.77;2.5;174.49;0.45;859.08;30.77;7.84
08/11/2017 19:00;31.31;4.35;177.76;0.61;858.84;50.01;15.71
08/11/2017 20:00;29.87;5.76;171.89;0.79;859.12;41.13;10.98
08/11/2017 21:00;28.4;7.42;168.29;0.83;859.43;41.98;11.86
08/11/2017 22:00;27.23;8.63;170.75;0.5;860.04;42.42;12.12
08/11/2017 23:00;25.92;10.05;177.64;0.58;860.47;35.91;12.07
08/12/2017 00:00;24.96;9.54;178.87;0.46;860.43;29.06;11.34
08/12/2017 01:00;24.32;8.03;168.39;0.78;860.23;27.5;10.32
08/12/2017 02:00;23.77;5.8;167.91;0.79;859.89;27.77;9.33
08/12/2017 03:00;23.37;3.6;167.68;0.54;859.56;30.23;9.07
08/12/2017 04:00;22.96;2.88;165.96;0.61;859.39;30.59;9
08/12/2017 05:00;22.33;3.14;166.18;0.42;859.13;28.22;8.92
08/12/2017 06:00;21.55;3.15;154.78;0.51;859.06;27.37;9.28
08/12/2017 07:00;21.28;3.56;162.22;0.5;859.05;29.52;10.29
08/12/2017 08:00;21.54;4.06;159.77;0.44;859.09;44.81;12.51
08/12/2017 09:00;22.29;4.27;145.33;0.43;859.39;49.25;13.41
08/12/2017 10:00;24.44;3.96;149.87;0.42;859.55;53.31;12.93
08/12/2017 11:00;27.28;3.97;167.72;0.51;859.47;53.26;12.15
08/12/2017 12:00;29.95;5.18;187.32;0.25;859.26;60.73;13.41
08/12/2017 13:00;31.61;5.94;93.91;0.14;858.9;56.37;13.66
08/12/2017 14:00;33.22;5.77;320.96;0.23;858.48;69.98;15
08/12/2017 15:00;33.71;5.43;309.56;0.13;857.94;73.32;16.02
08/12/2017 16:00;34.3;5.64;64.36;0.17;857.22;82.39;16.56
08/12/2017 17:00;34.8;4.38;336.97;0.35;856.59;66.18;14.39
08/12/2017 18:00;35.11;3.43;345.03;0.21;856.29;78.63;15.24
08/12/2017 19:00;33.9;2.5;349.47;0.15;855.78;72.94;14.88
08/12/2017 20:00;33.08;1.88;148.08;0.03;855.66;64.99;13.89
08/12/2017 21:00;31.34;3.75;173.58;0.49;856.07;61.86;11.97
08/12/2017 22:00;29.84;4.49;165.06;0.44;856.68;76.61;14.53
08/12/2017 23:00;28.43;5.76;163.96;0.45;857.05;64.07;13.58
08/13/2017 00:00;27.51;6.59;168.05;0.46;856.96;56.64;13.48
08/13/2017 01:00;27.15;7.72;186.67;0.51;857.03;76.14;15.4
08/13/2017 02:00;26;9.61;172.02;0.45;856.73;65.14;16.05
08/13/2017 03:00;25.86;8.82;171;0.46;856.36;43.5;13.51
08/13/2017 04:00;25.49;8.67;204.38;0.37;856.72;38.94;13.04
08/13/2017 05:00;24.9;8.54;173.61;0.51;856.4;37.96;13.19
08/13/2017 06:00;24.17;8.27;170.77;0.52;855.95;39.08;13.35
08/13/2017 07:00;24.04;8.46;172.03;0.46;856.05;38.94;14.13
08/13/2017 08:00;24.08;8.54;138.95;0.49;856.69;44.71;15.92
08/13/2017 09:00;25.08;8.21;158.98;0.43;857.12;50.33;15.79
08/13/2017 10:00;26.84;8.09;169.54;0.41;857.25;63.17;16.52
08/13/2017 11:00;29.68;7.79;169.92;0.55;857.39;62.73;15.02
08/13/2017 12:00;32.15;6.89;159.8;0.32;857.3;65.79;14.51
08/13/2017 13:00;33.59;5.04;110.56;0.07;856.96;58.72;13.13
08/13/2017 14:00;34.63;4.69;14.74;0.08;856.54;76.36;15.45
08/13/2017 15:00;36.18;1.72;51.99;0.3;855.98;98.71;17.91
08/13/2017 16:00;37.13;-1.14;27.74;0.31;855.58;75.77;16.62
08/13/2017 17:00;37.19;0.18;356.67;0.4;855.19;89.15;16.69
08/13/2017 18:00;36.91;0.23;17;0.27;854.73;78.79;16.5
08/13/2017 19:00;36;0.2;29.51;0.28;854.34;85.68;17.84
08/13/2017 20:00;35.14;0.82;353.17;0.17;854.17;85.45;19.11
08/13/2017 21:00;33.61;2.21;110.72;0.13;854.34;91.75;20.54
08/13/2017 22:00;31.63;5.92;164.8;0.55;854.93;70.99;15.94
08/13/2017 23:00;30.17;7.27;175.47;0.47;855.44;63.71;15.88
08/14/2017 00:00;28.77;9.1;187.17;0.43;855.61;56.76;16.24
08/14/2017 01:00;27.92;8.42;171.09;0.34;855.9;52.14;15.03
08/14/2017 02:00;26.9;8.85;137.93;0.46;855.98;45.35;14.67
08/14/2017 03:00;26.08;10.15;149.91;0.49;855.83;37.61;14.62
08/14/2017 04:00;25.44;10.39;160.1;0.5;855.74;33.44;14.91
08/14/2017 05:00;24.81;10.5;158.56;0.46;855.59;32.61;14.71
08/14/2017 06:00;24.28;10.3;153.88;0.47;855.41;36.64;15.62
08/14/2017 07:00;23.84;10.01;154.79;0.49;855.5;38.98;16.31
08/14/2017 08:00;24.12;9.64;164.63;0.47;855.54;40.41;16.88
08/14/2017 09:00;25.03;9.12;161.71;0.41;855.64;60.7;19
08/14/2017 10:00;27.19;9.08;159.07;0.34;855.54;66.9;18.65
08/14/2017 11:00;30.32;7.41;167.08;0.54;855.47;83.22;18.39
08/14/2017 12:00;33.04;5.77;160.57;0.42;855.28;86.55;18.91
08/14/2017 13:00;34.57;4.06;338.57;0.2;854.99;94.47;20.99
08/14/2017 14:00;35.6;2.93;331.63;0.3;854.47;111.11;22.66
08/14/2017 15:00;36.67;0.75;19.89;0.29;853.85;119.94;20.75
08/14/2017 16:00;38.42;-4.99;58.72;0.46;853.34;103.71;14.27
08/14/2017 17:00;38.53;-6.84;87.42;0.63;853.07;136.71;15.06
08/14/2017 18:00;37.78;-6.52;23.62;0.58;852.92;173.81;20.4
08/14/2017 19:00;36.26;-4.8;32.79;0.43;852.71;92.13;12.46
08/14/2017 20:00;35.02;-3.5;61.16;0.51;852.89;89.49;12.87
08/14/2017 21:00;33.21;-1.49;101.59;0.6;853.57;79.93;13.04
08/14/2017 22:00;29.86;9.66;162.96;0.44;854.78;85.39;17.52
08/14/2017 23:00;28.04;12.05;154.3;0.43;855.49;56.22;18.56
08/15/2017 00:00;26.63;13.12;152.04;0.38;856.05;50.53;21.3
08/15/2017 01:00;25.58;13.42;166.05;0.49;856.25;49.77;20.57
08/15/2017 02:00;24.72;13.51;172.13;0.59;856.36;53.69;20.63
08/15/2017 03:00;23.91;13.22;176.04;0.49;856.22;39.66;19.78
08/15/2017 04:00;23.34;13.04;157.83;0.43;856.12;41.36;18.25
08/15/2017 05:00;22.85;13.22;166.9;0.44;856.22;39.68;18.08
08/15/2017 06:00;22.37;13.19;172.54;0.6;856.52;40;18.53
08/15/2017 07:00;22.23;13;174.33;0.42;857.09;41.58;19.12
08/15/2017 08:00;22.26;12.8;168.01;0.47;857.28;44.44;19.39
08/15/2017 09:00;22.88;12.85;170;0.82;857.62;48.1;19.55
08/15/2017 10:00;24.46;12.4;174.87;0.84;857.54;51.64;19.53
08/15/2017 11:00;26.47;12.12;178.59;0.71;857.51;57.79;19.95
08/15/2017 12:00;28.19;11.67;176.1;0.67;857.28;58.3;17.93
08/15/2017 13:00;29.78;10.92;169.25;0.6;856.9;60.15;17.18
08/15/2017 14:00;31.37;9.71;155.88;0.42;856.32;67.36;16.53
08/15/2017 15:00;32.54;8.83;151.45;0.41;855.78;75.12;16.63
08/15/2017 16:00;33.55;9.1;152.98;0.39;855.18;68.25;15.61
08/15/2017 17:00;33.62;8.79;153.88;0.29;854.74;67.82;15.17
08/15/2017 18:00;32.79;7.93;172.02;0.52;854.54;62.71;14.7
08/15/2017 19:00;31.88;6.85;172.66;0.47;854.39;73.38;15.18
08/15/2017 20:00;30.4;6.5;172.4;0.91;854.77;73.02;14.21
08/15/2017 21:00;28.39;9.13;179.66;0.75;855.21;75.54;16.09
08/15/2017 22:00;27.08;10.16;167.94;0.55;855.81;64.92;16.71
08/15/2017 23:00;25.7;10.21;178.71;0.54;856.15;73.14;17.83
08/16/2017 00:00;24.83;9.82;180.7;0.63;856.21;61.65;16.75
08/16/2017 01:00;23.89;10.43;178.24;0.64;856.27;74.7;17.5
08/16/2017 02:00;23.02;10.53;174.22;0.95;856.3;65.33;15.74
08/16/2017 03:00;22.44;9.97;171.26;1.05;856.3;75.03;18.05
08/16/2017 04:00;21.96;8.42;172.05;1.15;856.23;44.37;13.35
08/16/2017 05:00;21.08;7.05;167.19;1.04;856.32;46.19;13.71
08/16/2017 06:00;20.36;6.34;170.53;0.84;856.73;39.39;13.23
08/16/2017 07:00;20.38;5.83;167.78;0.79;856.96;41.95;13.39
08/16/2017 08:00;20.43;5.12;168.3;0.87;857.25;40.8;13.15
08/16/2017 09:00;21.24;4.48;164.53;1.02;857.69;50.01;13.8
08/16/2017 10:00;22.53;4.45;165.12;1.16;858.02;57.91;12.99
08/16/2017 11:00;25.44;5.92;168.48;0.72;858.29;58.37;13.33
08/16/2017 12:00;27.2;7.64;177.37;0.7;858.2;62.08;14.66
08/16/2017 13:00;29.05;7.79;192.95;0.37;857.88;60.89;14.28
08/16/2017 14:00;30.35;7.77;179.05;0.41;857.4;62.27;14.05
08/16/2017 15:00;31.27;7.71;168.63;0.4;856.91;59.65;13.44
08/16/2017 16:00;31.77;7.32;185.95;0.4;856.61;58.89;12.95
08/16/2017 17:00;32.06;6.81;181.74;0.56;856.54;60.7;12.83
08/16/2017 18:00;30.66;6.77;168.8;0.43;856.41;115.44;19.67
08/16/2017 19:00;22.22;14.27;327.58;0.19;857.67;161.11;40.43
08/16/2017 20:00;23.81;10.27;191.01;0.41;857.55;31.14;12.49
08/16/2017 21:00;22.68;9.75;158.8;0.38;858.92;35.14;13.88
08/16/2017 22:00;22.2;11.04;110.6;0.25;860.71;42.86;15.82
08/16/2017 23:00;21.09;13.01;192.31;0.07;860.39;30.39;15.18
08/17/2017 00:00;20.94;12.62;154.75;0.39;860.29;27.33;14.47
08/17/2017 01:00;20.99;11.53;163.69;0.5;859.7;21.37;12.01
08/17/2017 02:00;20.49;11.71;166.7;0.77;859.57;21.15;12.21
08/17/2017 03:00;20.04;11.2;166.97;0.73;859.33;20.05;13.09
08/17/2017 04:00;19.54;11.26;165.42;0.74;858.64;19.61;13.39
08/17/2017 05:00;19.3;11.27;131.37;0.41;859.4;17.91;13.57
08/17/2017 06:00;19.44;11.29;132.24;0.47;859.51;20.12;14.07
08/17/2017 07:00;19;11.42;127.23;0.28;860.37;28.77;16.93
08/17/2017 08:00;19.03;12.18;103.4;0.59;862.37;36.27;22.66
08/17/2017 09:00;17.89;13.71;144.15;0.45;860.62;38.22;27.64
08/17/2017 10:00;19.56;12.97;159.06;0.59;860.08;54.93;26.25
08/17/2017 11:00;22.18;12.74;163.5;0.72;860.13;49.66;21.52
08/17/2017 12:00;23.73;12.13;166.8;0.79;859.89;44.08;19.71
08/17/2017 13:00;26.19;12.14;167.55;0.71;859.57;45.75;18.48
08/17/2017 14:00;27.85;11.88;181.64;0.54;858.94;51.92;18.7
08/17/2017 15:00;29.58;11.04;196.91;0.34;858.05;56.84;19.28
08/17/2017 16:00;30.89;9.86;197.33;0.42;857.16;62.37;21.8
08/17/2017 17:00;31.66;9.16;206.58;0.47;856.49;68.49;22.91
08/17/2017 18:00;31.24;8.87;195.18;0.41;856.14;65.23;22.37
08/17/2017 19:00;29.93;9.61;171.62;0.61;855.96;65.34;21.21
08/17/2017 20:00;28.07;10.34;169.5;0.93;856.16;59.57;19.94
08/17/2017 21:00;26.3;10.89;171.32;0.79;856.64;52.64;18.01
08/17/2017 22:00;25.08;10.72;174.52;0.55;857.06;50.49;18.2
08/17/2017 23:00;24.36;10.75;174.07;0.54;857.44;48.02;17.72
08/18/2017 00:00;23.85;10.21;164.05;0.94;857.37;53.73;17.11
08/18/2017 01:00;23.24;10.21;165.3;1.27;857.29;42.7;15.86
08/18/2017 02:00;22.69;10.12;169.27;1.07;857.18;34.32;15.36
08/18/2017 03:00;22.48;9.97;167.66;0.79;857.17;29.31;15.05
08/18/2017 04:00;22.16;10.13;167.44;0.34;857.29;28.36;16.11
08/18/2017 05:00;21.73;10.19;164.12;0.36;857.32;27.26;16.47
08/18/2017 06:00;21.51;10.11;152.39;0.4;857.56;27.58;16.77
08/18/2017 07:00;20.85;9.99;130.65;0.48;858.05;29.13;17.68
08/18/2017 08:00;20.52;9.99;131.47;0.35;858.62;30.95;18.99
08/18/2017 09:00;21.47;10.06;151.25;0.21;858.87;45.27;21.99
08/18/2017 10:00;23.7;10.22;170.41;0.22;859.23;42.57;18.96
08/18/2017 11:00;26.52;10.34;134.93;0.33;859.6;56.36;19.27
08/18/2017 12:00;27.53;10.12;67.08;0.21;859.49;71.57;21.16
08/18/2017 13:00;28.87;10.27;326.58;0.37;859.23;80.66;24.14
08/18/2017 14:00;30.39;7.55;299.23;0.39;859.05;105.31;23.18
08/18/2017 15:00;31.92;3.62;347.49;0.35;858.69;111.62;21.66
08/18/2017 16:00;32.19;1.08;314.75;0.33;858.38;86.94;17.31
08/18/2017 17:00;33.07;1.84;9.63;0.24;858.01;81.22;15.79
08/18/2017 18:00;32.33;1.87;328.37;0.09;857.78;73.66;15.09
08/18/2017 19:00;31.24;2.46;316.02;0.05;857.49;85.84;17.1
08/18/2017 20:00;30.77;2.61;122.74;0.06;857.57;82.03;17.42
08/18/2017 21:00;28.7;3.54;174.41;0.01;857.72;96.45;20.1
08/18/2017 22:00;28.31;6.55;168.71;0.42;858.38;76.29;17.71
08/18/2017 23:00;27.24;8.16;168.81;0.35;858.81;61.75;15.57
08/19/2017 00:00;25.79;9.17;161.37;0.34;859.11;57.61;16.63
08/19/2017 01:00;24.67;9.99;174.38;0.52;859.26;48.55;17.43
08/19/2017 02:00;23.98;10.33;178.64;0.39;859.26;46.42;18.1
08/19/2017 03:00;23.24;10.56;174.58;0.56;859.31;46.9;18.74
08/19/2017 04:00;22.6;10.75;171.41;0.79;859.13;46.56;19.52
08/19/2017 05:00;21.99;10.8;169.26;0.98;858.98;42.37;18.8
08/19/2017 06:00;21.47;10.81;165.04;1.23;859.11;32.27;17.95
08/19/2017 07:00;21.05;10.81;169.32;1.03;859.4;45.23;19.7
08/19/2017 08:00;21.17;10.76;167.44;0.86;859.79;46.61;18.92
08/19/2017 09:00;22.42;10.49;168.98;1.05;860.25;53.32;19.57
08/19/2017 10:00;24.05;10.71;174.13;0.93;860.62;53.61;20.63
08/19/2017 11:00;26.83;10.71;174.86;0.67;860.79;61.29;19.8
08/19/2017 12:00;29.19;10.07;180.08;0.57;860.8;62.49;18.51
08/19/2017 13:00;31.34;7.83;184.79;0.38;860.39;65.83;16.7
08/19/2017 14:00;32.78;5.19;234.12;0.12;859.95;71.15;16.06
08/19/2017 15:00;33.59;5.16;281.51;0.27;859.51;72.01;15.99
08/19/2017 16:00;34.38;4.79;308.73;0.23;859.04;66.58;14.54
08/19/2017 17:00;34.85;3.91;145.48;0.2;858.76;59.12;12.98
08/19/2017 18:00;34.33;4.52;243.58;0.12;858.56;88.71;16.22
08/19/2017 19:00;33.34;5.75;164.89;0.33;858.65;61.17;14.66
08/19/2017 20:00;31.08;7.9;164.27;0.71;858.89;58.06;14.6
08/19/2017 21:00;28.84;9.16;168.42;0.61;859.41;59.49;15.5
08/19/2017 22:00;27.27;8.59;169.27;0.48;860.19;60.71;14.96
08/19/2017 23:00;26.04;7.66;179.1;0.6;860.53;60.16;13.4
08/20/2017 00:00;25.19;7.46;177.03;0.77;860.44;61.83;13.86
08/20/2017 01:00;24.22;7.81;174.54;0.77;860.42;53.31;12.43
08/20/2017 02:00;23.48;8.56;170.19;1.19;860.3;71.04;13.91
08/20/2017 03:00;22.84;8.77;173.37;0.78;860.1;46.16;12.96
08/20/2017 04:00;22.33;9.04;169.86;1.33;860.03;53.95;15.59
08/20/2017 05:00;21.63;8.98;174.5;1.06;859.92;39.4;12.85
08/20/2017 06:00;21.23;8.58;169.6;1.29;859.76;40.38;13.49
08/20/2017 07:00;20.95;7.81;164.29;1.37;859.8;46.45;14.37
08/20/2017 08:00;20.89;7.79;165.7;1.56;859.94;46.99;15.12
08/20/2017 09:00;21.83;7.92;169.1;1.25;860.23;45.35;15.38
08/20/2017 10:00;23.87;7.5;170;1.39;860.24;55.98;15.65
08/20/2017 11:00;26.94;6.21;176.25;1.26;860.06;67.68;15.74
08/20/2017 12:00;29.54;5.26;174.81;0.98;859.76;72.14;15.36
08/20/2017 13:00;32.26;4.85;167.33;0.71;859.33;103.91;18.49
08/20/2017 14:00;33.61;5.76;172.65;0.7;858.69;91.6;18.79
08/20/2017 15:00;34.78;6.02;165.03;0.49;858.22;84.39;17.96
08/20/2017 16:00;35.47;5.68;25.94;0.27;857.83;104.2;19.87
08/20/2017 17:00;36.09;5.3;32.66;0.27;857.52;95.55;19.22
08/20/2017 18:00;34.71;5.52;183.09;0.04;857.16;82.82;17.79
08/20/2017 19:00;32.3;5.87;178.96;0.75;857.17;64.84;15.31
08/20/2017 20:00;30.66;6.43;170.94;0.83;857.51;44.14;12.78
08/20/2017 21:00;29.08;7.93;175.12;0.73;858.08;43.7;13.79
08/20/2017 22:00;27.54;8.78;167.91;0.59;858.88;39.56;12.5
08/20/2017 23:00;26.28;10.02;167.43;0.47;859.11;34.37;11.84
08/21/2017 00:00;25.62;11.59;173.8;0.34;858.95;31.67;12.94
08/21/2017 01:00;24.99;11.79;172.61;0.41;858.47;30.58;13.27
08/21/2017 02:00;24.03;12.74;188.46;0.44;858.33;33.07;14.17
08/21/2017 03:00;23.36;12.69;187.81;0.5;858.05;28.87;14
08/21/2017 04:00;22.92;12.66;173.7;0.5;858.27;32.16;13.81
08/21/2017 05:00;22.72;12.45;176.1;0.54;858.09;31.87;14.01
08/21/2017 06:00;22.63;12.06;185.29;0.27;858.1;35.25;15.04
08/21/2017 07:00;22.3;11.82;179.36;0.27;858.33;38.48;16.15
08/21/2017 08:00;22.79;11.06;184.02;0.25;858.64;43.14;17.27
08/21/2017 09:00;24.02;10.28;172.49;0.44;858.84;43.81;18.29
08/21/2017 10:00;25.73;9.66;171.29;0.53;858.87;52.52;18.12
08/21/2017 11:00;28.67;9.69;165.54;0.31;858.84;67.06;17.48
08/21/2017 12:00;31.12;8.53;163.03;0.29;858.64;57;15.2
08/21/2017 13:00;32.36;7.75;130.62;0.09;858.32;62.6;15.12
08/21/2017 14:00;33.6;7.61;312.88;0.24;857.87;77.61;17.74
08/21/2017 15:00;33.76;8.29;317.74;0.41;857.36;120.25;22.87
08/21/2017 16:00;34.13;7.2;340.92;0.42;856.76;85.93;17.41
08/21/2017 17:00;35.14;4.74;4.84;0.25;856.34;86.1;16.86
08/21/2017 18:00;34.31;2.19;346.19;0.17;856.07;81.63;16.41
08/21/2017 19:00;33.97;-2.99;61.12;0.27;855.81;52.22;10.84
08/21/2017 20:00;32.81;-5.85;39.28;0.11;855.64;49.01;11.69
08/21/2017 21:00;30.64;-0.3;173.36;0.17;856.02;67.03;15.39
08/21/2017 22:00;29.11;7.84;162.74;0.36;856.75;58.35;14.41
08/21/2017 23:00;27.73;8.52;161.09;0.28;857.17;60.7;15.63
08/22/2017 00:00;26.83;8.2;167.55;0.3;857.29;56.08;15.49
08/22/2017 01:00;26;8.91;169.84;0.37;857.29;46.33;13.7
08/22/2017 02:00;25.36;9.36;166.74;0.28;857.16;38.54;13.48
08/22/2017 03:00;24.77;9.38;163.2;0.35;856.77;34.6;12.6
08/22/2017 04:00;24.07;9.54;154.82;0.22;856.91;30.5;12.49
08/22/2017 05:00;23.48;9.62;154.63;0.48;857.02;29.88;12.68
08/22/2017 06:00;22.79;8.96;149.2;0.5;857.01;32.1;13.79
08/22/2017 07:00;22.12;8.63;141.1;0.52;857.19;37.32;14.56
08/22/2017 08:00;22.22;9.26;158.77;0.45;857.45;42.9;16.28
08/22/2017 09:00;23.45;10.1;161.67;0.46;857.71;58.03;19.28
08/22/2017 10:00;25.59;9.83;158.13;0.33;857.85;56.07;17.35
08/22/2017 11:00;28.49;9.55;169.01;0.37;857.79;63.08;16.07
08/22/2017 12:00;31.04;8.59;169.08;0.43;857.55;61.82;14.68
08/22/2017 13:00;33.66;5.91;168.95;0.22;856.96;63.51;13.76
08/22/2017 14:00;35.3;2.55;22.42;0.14;856.37;65.51;12.67
08/22/2017 15:00;35.7;1.76;53.74;0.14;855.92;78.58;15.34
08/22/2017 16:00;36.13;0.23;343.67;0.23;855.39;64.14;13.3
08/22/2017 17:00;36.26;-0.46;3.77;0.4;854.91;77.15;13.98
08/22/2017 18:00;35.49;0;0.73;0.28;854.55;72.06;14.35
08/22/2017 19:00;35.02;-1.3;356.96;0.22;854.26;63.34;12.73
08/22/2017 20:00;34.28;-2.28;20.68;0.15;854.19;68.23;13.34
08/22/2017 21:00;31.96;0.18;179;0.13;854.49;72.96;13.95
08/22/2017 22:00;30.3;6.98;177.39;0.43;855.26;92.65;16.08
08/22/2017 23:00;28.74;8.95;167.35;0.47;855.57;56.64;14.1
08/23/2017 00:00;27.97;8.89;165.22;0.69;855.52;71.4;15.35
08/23/2017 01:00;27.41;8.15;167.45;0.82;855.52;61.53;13.6
08/23/2017 02:00;27.03;7.38;169.77;0.81;855.38;56.9;13.17
08/23/2017 03:00;26.35;7.73;166.86;1.12;855.3;48.32;13.01
08/23/2017 04:00;25.78;7.56;164.32;1.15;855.32;43.3;12.35
08/23/2017 05:00;25.15;8.21;165.78;1.05;855.29;37.97;12.58
08/23/2017 06:00;24.65;8.19;168.89;0.98;855.33;39.16;12.94
08/23/2017 07:00;24.11;8.68;171.52;0.64;855.57;42.14;14.84
08/23/2017 08:00;24.6;8.42;170.48;0.87;855.96;48.73;15.74
08/23/2017 09:00;26.14;7.06;163.69;0.78;856.46;61.37;16.24
08/23/2017 10:00;28.16;7.05;169.99;0.44;856.67;72.4;16.68
08/23/2017 11:00;31.98;5.95;164.58;0.64;856.76;67.53;15.75
08/23/2017 12:00;33.66;4.71;181.63;0.49;856.68;67.04;13.92
08/23/2017 13:00;35.4;3.33;258.16;0.06;856.31;67.67;13.34
08/23/2017 14:00;36.49;2.03;310.91;0.11;855.99;71.27;13.38
08/23/2017 15:00;36.84;2.71;319.33;0.32;855.82;88.95;16.33
08/23/2017 16:00;37.35;1.76;330.22;0.33;855.22;91.47;18.81
08/23/2017 17:00;38.54;-3.14;34.15;0.43;854.93;85.91;14.98
08/23/2017 18:00;37.64;-3.29;8.3;0.58;854.67;101.69;15.82
08/23/2017 20:00;35.4;-0.71;22.81;0.16;854.4;90.56;16.63
08/23/2017 21:00;33.55;1.11;138.38;0.26;855.12;78.79;15.37
08/23/2017 22:00;31.22;5.78;164.49;0.4;855.98;66.3;14.99
08/23/2017 23:00;29.79;6.74;143.85;0.27;856.43;68.26;16.73
08/24/2017 00:00;28.72;7.59;163.5;0.36;856.89;62.52;15.42
08/24/2017 01:00;27.56;8.7;160.01;0.43;857.21;59.98;14.82
08/24/2017 02:00;26.84;8.62;173.53;0.32;857.18;47.75;14.15
08/24/2017 03:00;26.09;8.68;163.34;0.42;857.27;49.59;13.94
08/24/2017 04:00;25.22;8.74;160.37;0.49;857.5;53.94;16.81
08/24/2017 05:00;24.6;8.68;167.18;0.47;857.67;65.78;20.23
08/24/2017 06:00;23.9;8.66;163.49;0.41;857.95;78.32;25.39
08/24/2017 07:00;23.41;8.72;165.19;0.53;858.34;90.75;29.15
08/24/2017 08:00;23.2;9.14;172.04;0.7;858.75;89.27;30.04
08/24/2017 09:00;23.65;9.55;177.03;0.62;859.12;93.04;32.43
08/24/2017 10:00;25.38;9.39;175.28;1.01;859.37;118.9;33.72
08/24/2017 11:00;28;8.88;169.92;1.07;859.69;127.12;32.08
08/24/2017 12:00;30;7.28;173.68;1.09;859.76;112.33;26.19
08/24/2017 13:00;31.66;6.61;180.03;0.83;859.36;111.46;25.17
08/24/2017 14:00;33.56;6.39;181.43;0.68;858.8;117.09;24.63
08/24/2017 15:00;34.97;6.24;190.88;0.52;858.36;93.18;21.97
08/24/2017 16:00;35.75;5.42;171.6;0.7;858.1;78.69;19.52
08/24/2017 17:00;36.39;5.12;178.95;0.48;857.73;83;20.1
08/24/2017 18:00;35.01;4.93;170.26;0.57;857.45;87.56;22.09
08/24/2017 19:00;33.88;4.99;168.34;0.77;857.43;90.07;21.84
08/24/2017 20:00;32.23;6.27;168.63;0.8;857.78;90.34;23.92
08/24/2017 21:00;30.11;7.96;174.91;0.47;858.32;106.59;27.62
08/24/2017 22:00;28.59;8.65;160.16;0.47;858.94;108.08;28.35
08/24/2017 23:00;27.43;9.47;166.05;0.51;859.33;98.87;29.26
08/25/2017 00:00;26.58;9.77;167.81;0.64;859.53;96.71;28.84
08/25/2017 01:00;25.9;9.99;175.16;0.59;859.33;87.11;26.35
08/25/2017 02:00;24.97;10.48;173.77;0.5;859.28;74.85;25.55
08/25/2017 03:00;24.48;10.66;172.99;0.7;859.13;80.74;25.36
08/25/2017 04:00;24.09;10.54;169.73;0.9;858.99;71.15;23.97
08/25/2017 05:00;23.77;9.96;168.74;1.07;859.15;77.43;24.53
08/25/2017 06:00;23.24;9.91;173.25;0.82;859.44;61.81;22.64
08/25/2017 07:00;22.87;9.42;173.16;0.62;859.9;63.67;23.45
08/25/2017 08:00;22.67;8.9;173.58;0.64;860.2;63.94;23.26
08/25/2017 09:00;23.31;8.23;166.3;1.07;860.44;84.33;24.44
08/25/2017 10:00;24.79;7;169.38;1.26;860.51;105.67;24.1
08/25/2017 11:00;27.59;6.27;167.61;1.24;860.5;81.03;19.83
08/25/2017 12:00;29.56;5.6;165.92;1.27;860.55;65.59;16.26
08/25/2017 13:00;31.46;5.78;177.03;0.8;860.21;71.62;16.58
08/25/2017 14:00;33.48;5.76;187.94;0.52;859.71;61.01;15.92
08/25/2017 15:00;34.69;5.15;203.51;0.37;859.2;62.3;14.71
08/25/2017 16:00;35.19;4.56;221.47;0.36;858.51;59.01;14.25
08/25/2017 17:00;35.31;4.24;214.84;0.24;858.16;61.14;14.13
08/25/2017 18:00;34.15;4.34;164.86;0.67;857.97;62.58;14.27
08/25/2017 19:00;32.36;4.95;167.52;0.89;857.78;69.87;14.72
08/25/2017 20:00;30.53;6.56;171.73;0.73;858;77.46;15.91
08/25/2017 21:00;28.56;7.91;175.58;0.64;858.43;78.06;17.03
08/25/2017 22:00;27.28;8.91;171.84;0.45;858.84;69.81;17.37
08/25/2017 23:00;26.45;9.03;175.46;0.48;858.98;66.64;17.12
08/26/2017 00:00;25.51;8.98;169.35;0.76;859.08;69.31;17.13
08/26/2017 01:00;24.72;8.6;166.66;1.27;858.99;83.02;18.03
08/26/2017 02:00;24.22;8.34;166.96;1.6;858.79;100.6;19.55
08/26/2017 03:00;23.65;8.13;170.89;1.16;858.6;63.43;17.26
08/26/2017 04:00;23.3;7.67;167.53;0.93;859.01;43.43;15.41
08/26/2017 05:00;22.96;6.78;168.95;1.28;858.81;60.37;17.2
08/26/2017 06:00;22.12;6.11;170.93;1.18;858.93;50.6;15.56
08/26/2017 07:00;21.79;4.89;175.42;0.97;859.21;47.56;14.56
08/26/2017 08:00;21.68;3.97;175.61;0.87;859.63;63.89;15.82
08/26/2017 09:00;21.55;5.37;175.51;0.63;859.88;81.01;18.73
08/26/2017 10:00;22.95;3.65;169.03;1.48;859.84;112.24;19.31
08/26/2017 11:00;25.17;4.1;171.04;1.5;859.77;129.61;19.89
08/26/2017 12:00;26.8;6.13;178.8;1.23;859.39;123.26;20.36
08/26/2017 13:00;28.7;6.72;177.74;1.06;858.92;98.89;17.54
08/26/2017 14:00;30.44;6.73;175.4;1.09;858.36;89.86;16.17
08/26/2017 15:00;32.02;6.93;188.98;0.67;857.74;77.5;14.48
08/26/2017 16:00;32.85;6.76;170.04;0.81;857.06;70.05;13.67
08/26/2017 17:00;33.39;6.13;179.34;0.66;856.51;60.74;12.25
08/26/2017 18:00;32.72;5.32;177.75;0.89;856.18;66.25;12.09
08/26/2017 19:00;31.15;6.92;174.35;0.85;856.21;63.65;13.28
08/26/2017 20:00;28.98;8;169.91;1.2;856.41;73.84;14.14
08/26/2017 21:00;27.1;8.66;169.39;1.23;856.81;69.31;15.38
08/26/2017 22:00;25.56;9.2;172.39;1.4;857.29;75.22;16.98
08/26/2017 23:00;24.39;8.93;175.33;1.17;857.6;57.5;16.36
08/27/2017 00:00;23.17;8.43;170.16;1.55;857.64;66.29;16.4
08/27/2017 01:00;22.24;8.27;170.93;1.5;857.74;66.11;16.9
08/27/2017 02:00;21.5;8.34;170.02;1.48;858.09;55.86;17.11
08/27/2017 03:00;21.03;8.19;174.29;0.95;858.28;41.98;14.79
08/27/2017 04:00;20.58;8.36;164.47;0.66;858.46;39.05;15.23
08/27/2017 05:00;20.05;8.37;178.24;0.72;858.47;52.84;16.51
08/27/2017 06:00;19.51;7.78;167.86;0.5;858.65;56.87;15.16
08/27/2017 07:00;19.01;7.43;173.41;0.52;859.01;31.35;14.4
08/27/2017 08:00;18.95;7.23;180.08;0.77;859.32;36.87;15.2
08/27/2017 09:00;19.68;7;179.79;0.74;859.58;45.98;16.39
08/27/2017 10:00;21.29;7.76;171.51;1.23;859.98;50.52;17.01
08/27/2017 11:00;23.4;7.52;175.31;1.08;860.22;54.78;14.74
08/27/2017 12:00;25.29;7.16;171.95;1.13;860.03;45.04;13.26
08/27/2017 13:00;27.82;6.69;190.51;0.58;859.45;50.84;12.69
08/27/2017 14:00;30.41;4.66;226.39;0.39;858.55;66.36;13.81
08/27/2017 15:00;31.83;0.21;170.39;0.75;857.8;74.61;13.41
08/27/2017 16:00;32.36;-0.16;167.22;0.63;857.3;67.95;12.19
08/27/2017 17:00;32.56;-1.57;169.12;0.56;856.94;63.75;11.35
08/27/2017 18:00;31.95;-3.23;169.78;0.52;856.76;58.37;10.7
08/27/2017 19:00;30.94;-0.35;173.55;0.41;856.64;58.28;11.84
08/27/2017 20:00;29.26;2.23;169.08;0.83;856.91;57.78;12.08
08/27/2017 21:00;26.99;3.87;172.74;1.02;857.29;66.49;14.11
08/27/2017 22:00;25.46;4.68;174.06;0.78;857.8;62.24;14.46
08/27/2017 23:00;24.26;5.94;177.05;0.74;858.17;66.99;15.91
08/28/2017 00:00;23.46;5.96;166.51;1.23;858.19;69.21;16.3
08/28/2017 01:00;22.76;6.13;166.57;1.42;858.18;54.29;15.08
08/28/2017 02:00;22.06;6.48;163.26;1.16;858.12;48.69;14.71
08/28/2017 03:00;21.52;6.47;168.13;1.17;857.89;43.71;14.79
08/28/2017 04:00;21.2;6.38;167.9;1.09;858.04;37.97;13.63
08/28/2017 05:00;20.91;6.16;169.31;0.71;857.99;34.72;13.72
08/28/2017 06:00;20.62;6.08;168.83;0.54;858.16;32.77;13.53
08/28/2017 07:00;20.11;6.08;167.17;0.38;858.51;35;14.94
08/28/2017 08:00;20.28;6.03;168.13;0.32;858.77;37.29;15.37
08/28/2017 09:00;21.6;5.91;160.68;0.35;859.17;57.95;18.48
08/28/2017 10:00;23.89;5.63;162.67;0.46;859.26;63.16;17.65
08/28/2017 11:00;26.55;5.47;165.57;0.52;859.23;64.9;17.17
08/28/2017 12:00;29.12;4.79;161.28;0.31;858.89;64.51;15.56
08/28/2017 13:00;30.75;3.55;233.63;0.21;858.35;63.01;13.21
08/28/2017 14:00;31.33;2.47;341.39;0.32;857.71;60.75;12.38
08/28/2017 15:00;32.4;2.24;345.3;0.25;857.13;72.07;13.36
08/28/2017 16:00;33.63;1.92;33.29;0.25;856.36;77.04;14.82
08/28/2017 17:00;33.38;1.13;327.32;0.29;856.08;78.26;15.07
08/28/2017 18:00;32.7;-0.8;1.4;0.26;855.7;67;13.34
08/28/2017 19:00;32.27;-3.63;356.58;0.21;855.45;62.92;12.05
08/28/2017 20:00;31.12;-3.03;126.76;0.09;855.2;71.25;13.06
08/28/2017 21:00;28.91;-1.34;108.21;0.2;855.32;88.93;18.71
08/28/2017 22:00;27.56;-1.41;129.65;0.11;855.67;149.79;30.25
08/28/2017 23:00;27.47;-0.26;177.99;0.18;855.94;106.65;22.7
08/29/2017 00:00;27.35;-1.3;170.17;0.33;855.76;78.58;14.58
08/29/2017 01:00;27.12;-2.69;171.37;0.62;855.72;49.38;10.52
08/29/2017 02:00;26.49;-2.85;173.5;0.43;856.13;44.58;10.28
08/29/2017 03:00;25.66;-2.18;174.72;0.21;856.16;46.99;11.01
08/29/2017 04:00;24.9;-1.27;183.82;0.24;855.95;48.45;11.46
08/29/2017 05:00;24.92;-1.73;174.51;0.57;855.98;51;11.31
08/29/2017 06:00;24.3;-1.68;172.03;0.44;856.22;49.94;11.32
08/29/2017 07:00;23.54;-1.41;165.75;0.31;856.45;52.75;12.09
08/29/2017 08:00;23.49;-1.2;169.3;0.21;856.82;62.46;13.86
08/29/2017 09:00;24.25;-0.88;174.3;0.27;857.33;98.86;18.24
08/29/2017 10:00;26.35;-0.9;169.38;0.35;857.41;87;17.31
08/29/2017 11:00;29.23;-0.98;170.33;0.47;857.52;82.09;15.39
08/29/2017 12:00;31.24;-1.19;208.3;0.19;857.41;88.86;15.54
08/29/2017 13:00;32.51;-1.56;98.15;0.22;857.01;102.21;18.44
08/29/2017 14:00;33.67;-1.9;322.35;0.25;856.54;106.04;19
08/29/2017 15:00;34.13;-4.55;350;0.26;856.03;108.45;18.79
08/29/2017 16:00;33.98;-2.46;3.05;0.28;855.51;105.1;17.27
08/29/2017 17:00;34.82;-4.25;58.9;0.53;855.26;97.94;18.48
08/29/2017 18:00;33.89;-3.22;22.66;0.33;855.15;83.88;17.72
08/29/2017 19:00;33.32;-3.08;37.47;0.35;855.02;81.55;18.22
08/29/2017 20:00;32.26;-2.43;357.27;0.22;854.99;84.46;20.29
08/29/2017 21:00;30.56;-1.3;67.33;0.09;855.34;116.72;26.03
08/29/2017 22:00;28.58;-2.41;107.85;0.19;855.95;106.6;25.09
08/29/2017 23:00;27.76;-2.43;108.36;0.11;856.36;107.78;25.61
08/30/2017 00:00;26.74;-1.53;94.32;0.02;856.45;96.53;23.8
08/30/2017 01:00;26.22;-1.83;103.51;0.13;856.48;81.61;20.24
08/30/2017 02:00;26.17;-2.41;132.16;0.06;856.62;68.54;17.75
08/30/2017 03:00;24.78;-0.79;-9999;0;856.75;67.88;19.08
08/30/2017 04:00;24.4;-0.77;148.97;0.05;856.83;68.66;19.73
08/30/2017 05:00;23.44;-0.36;151.77;0.07;857.03;60.97;19.32
08/30/2017 06:00;23.37;-1.78;170.97;0.13;857.3;66.49;19.71
08/30/2017 07:00;22.9;-3.15;173.16;0.23;857.77;81.06;22.16
08/30/2017 08:00;23.13;-2.71;188.83;0.14;858.22;86.39;24.32
08/30/2017 09:00;24.28;-2.18;176.31;0.17;858.59;110.1;26.45
08/30/2017 10:00;26.61;-2.27;172.92;0.6;858.72;107.56;24.25
08/30/2017 11:00;29.03;-1.87;172.86;0.43;858.82;104.46;23.72
08/30/2017 12:00;32;-1.34;163.16;0.53;858.66;96.32;22.7
08/30/2017 13:00;33.71;-0.87;320.49;0.08;858.32;94.16;22.21
08/30/2017 14:00;34.84;-0.94;57.76;0.41;857.77;125.4;25.11
08/30/2017 15:00;35.34;-2.59;58.59;0.51;857.35;182.55;24.9
08/30/2017 16:00;35.79;-3.26;80.34;0.71;856.84;119.24;21.43
08/30/2017 17:00;36.03;-3.83;95.82;0.87;856.47;129.23;21.32
08/30/2017 18:00;35.32;-4.78;82.72;0.67;856.27;88.64;17.66
08/30/2017 19:00;34.3;-3.18;17.82;0.51;856.25;93.24;18.22
08/30/2017 20:00;32.85;-2.52;13.29;0.3;856.39;104.72;20.6
08/30/2017 21:00;31.46;-3.84;105.29;0.62;857;81.86;15.58
08/30/2017 22:00;29.54;-4.2;108.5;0.72;857.62;78.68;16.25
08/30/2017 23:00;28.11;-4.89;106.65;0.91;857.78;106.03;19.2
08/31/2017 00:00;27.39;-3.92;107.01;0.96;857.89;129.97;28.5
08/31/2017 01:00;26.71;-3.68;106.77;0.55;858.07;57.7;15.45
08/31/2017 02:00;26.57;-3.46;110.37;0.32;858.09;59.23;14.87
08/31/2017 03:00;24.97;-2.46;165.14;0.01;858.08;71.41;17.64
08/31/2017 04:00;24.39;-2.98;135.19;0.1;858.16;51.22;13.92
08/31/2017 05:00;23.36;-2.66;137.37;0.07;858.35;43.49;13.08
08/31/2017 06:00;23.37;-2.61;178.5;0.08;858.59;52.07;14.57
08/31/2017 07:00;22.86;-0.11;181.66;0.14;858.94;73.9;20.48
08/31/2017 08:00;22.7;-1.01;174.86;0.14;859.33;89.69;23.65
08/31/2017 09:00;23.53;-0.88;166.72;0.17;859.7;105.6;24.87
08/31/2017 10:00;25.95;-0.65;156.37;0.25;860.16;91.18;21.26
08/31/2017 11:00;29.18;-0.66;157.82;0.19;860.34;78.06;18.8
08/31/2017 12:00;31.54;-1.18;98.33;0.31;860.37;64.34;16.24
08/31/2017 13:00;32.5;-0.26;336.46;0.26;859.96;74.03;18.52
08/31/2017 14:00;33.38;-0.63;9.35;0.34;859.56;73.5;18.1
08/31/2017 15:00;34.14;-0.7;337.61;0.29;859.03;94.08;19.43
08/31/2017 16:00;34.44;-5.96;330.45;0.47;858.67;69.16;12.79
08/31/2017 17:00;34.58;-6.23;332.49;0.32;858.39;42.03;10.25
08/31/2017 18:00;33.95;-5.1;336.68;0.11;858.12;42.8;10.85
08/31/2017 19:00;33.2;-3.16;342.22;0.15;857.9;46.41;13.19
08/31/2017 20:00;31.91;-1.56;353.22;0;857.77;61.03;16.43
08/31/2017 21:00;29.81;1.32;160.12;0.02;858;91.66;22.86
08/31/2017 22:00;28.29;-0.56;165.18;0.05;858.21;177.18;37.51
08/31/2017 23:00;28.16;-0.13;175.91;0.25;858.52;114.05;26.54
09/01/2017 00:00;27.72;-0.55;176.99;0.22;858.54;89.37;22.13
09/01/2017 01:00;27.25;-0.15;178.76;0.19;858.47;68.68;19.34
09/01/2017 02:00;26.64;1.5;153.26;0.29;858.42;54.96;15.73
09/01/2017 03:00;25.63;2.12;130.76;0.34;858.43;54.79;16.13
09/01/2017 04:00;25.03;2.19;157.71;0.39;858.29;56.39;15.45
09/01/2017 05:00;24.4;0.94;146.44;0.38;858.23;53.65;15.78
09/01/2017 06:00;24.04;1.05;155.78;0.4;858.33;51.41;15.55
09/01/2017 07:00;23.57;1.53;159.22;0.39;858.69;58.36;16.44
09/01/2017 08:00;23.33;2.31;155.29;0.3;858.9;62.46;17.72
09/01/2017 09:00;24.01;2.33;151.38;0.38;859.13;99.25;25.94
09/01/2017 10:00;26.85;2.37;158.79;0.29;859.23;65.02;16.03
09/01/2017 11:00;30.19;2.64;147.32;0.29;859.38;61.87;14.87
09/01/2017 12:00;32.7;1.96;121.23;0.33;859.03;65.4;14.69
09/01/2017 13:00;34.46;0.52;157.01;0.26;858.38;61.17;13.99
09/01/2017 14:00;34.82;1.31;316.04;0.35;857.84;72.45;15.3
09/01/2017 15:00;35.39;0.84;347.08;0.43;857.41;73.02;16.98
09/01/2017 16:00;35.51;0.55;330.5;0.32;856.79;68.74;15.97
09/01/2017 17:00;35.73;-0.03;319.68;0.35;856.26;63.07;15.41
09/01/2017 18:00;34.83;-1.43;313.78;0.25;855.91;58.56;14.02
09/01/2017 19:00;34.32;-3.16;323.9;0.2;855.64;56.54;13.52
09/01/2017 20:00;33.12;-3.19;159.42;0.07;855.63;63.21;13.97
09/01/2017 21:00;32.02;1.26;171.19;0.54;856.12;77.33;15.53
09/01/2017 22:00;30.4;4.28;170.95;0.52;856.79;95.06;17.33
09/01/2017 23:00;29.55;4.7;169.14;0.85;856.91;77.15;16.83
09/02/2017 00:00;29.18;4.31;166.49;0.94;856.7;74.21;16.89
09/02/2017 01:00;28.33;4.13;163.68;0.95;856.58;71.69;16.52
09/02/2017 02:00;27.5;4.26;168.44;0.91;856.57;62.86;15.76
09/02/2017 03:00;27.07;3.71;166.44;0.55;856.54;55.53;14.89
09/02/2017 04:00;26.43;3.16;171.05;0.69;856.54;51.3;14.28
09/02/2017 05:00;25.88;2.78;167.28;0.63;856.54;47.84;14.08
09/02/2017 06:00;25.18;2.54;181.09;0.39;856.69;48.77;14.17
09/02/2017 07:00;24.41;2.03;162.76;0.31;857.21;53.06;14.91
09/02/2017 08:00;24.15;1.78;160.36;0.37;857.59;55.93;16.11
09/02/2017 09:00;24.9;1.12;161.02;0.3;857.83;71.56;17.68
09/02/2017 10:00;26.92;0.64;165.32;0.45;858.02;77.77;18.01
09/02/2017 11:00;29.32;-0.16;166.53;0.73;858.01;68.81;15.77
09/02/2017 12:00;31.83;-0.54;170.03;0.67;857.75;63.35;13.94
09/02/2017 13:00;34.16;-0.98;184.89;0.1;857.31;69.17;15.92
09/02/2017 14:00;34.86;-0.45;345.33;0.18;856.9;81.18;16.89
09/02/2017 15:00;35.47;-0.63;315.33;0.41;856.35;113;19.26
09/02/2017 16:00;35.11;-1.11;13.62;0.38;855.9;106.6;20.16
09/02/2017 17:00;35.94;-1.82;68.62;0.6;855.71;153.71;22.53
09/02/2017 18:00;35.44;-1.67;44.57;0.52;855.48;89.77;17.42
09/02/2017 19:00;34.78;-2.23;33.52;0.49;855.43;88.46;17.98
09/02/2017 20:00;33.45;-2.14;31.96;0.4;855.56;87.65;16.95
09/02/2017 21:00;31.68;-0.36;53.48;0.18;856.01;113.65;21.6
09/02/2017 22:00;29.67;-0.61;118.69;0.28;856.64;101.48;21.69
09/02/2017 23:00;27.98;-0.2;136.55;0.02;856.86;86.01;19.84
09/03/2017 00:00;27.84;-1.03;109.09;0.15;857.02;91.8;20.82
09/03/2017 01:00;27.04;4.21;128.32;0.31;857.21;77.91;19.05
09/03/2017 02:00;26.32;6.85;129.03;0.32;857.17;76.58;22.77
09/03/2017 03:00;25.37;7.67;125.9;0.52;857.05;53.79;17.76
09/03/2017 04:00;24.44;7.85;117.38;0.67;857.03;50.25;17.54
09/03/2017 05:00;24;8.1;141.83;0.4;856.95;44.2;16.66
09/03/2017 06:00;23.31;9.29;159.03;0.39;857.02;40.48;17.16
09/03/2017 07:00;22.65;10.64;156.6;0.36;857.14;63.67;23.27
09/03/2017 08:00;22.56;10.84;170.68;0.58;857.33;48.38;18.92
09/03/2017 09:00;23.26;10.54;167.69;0.46;857.54;43.7;19.52
09/03/2017 10:00;25.48;10.04;169.18;0.68;857.75;50.61;19.13
09/03/2017 11:00;28.16;8.65;174.67;0.66;857.7;64.81;17.15
09/03/2017 12:00;30.07;7.05;234.26;0.45;857.34;69.87;16.15
09/03/2017 14:00;33.84;3.77;252.44;0.53;855.98;63.12;13.52
09/03/2017 15:00;34.09;2.83;277.26;0.32;855.7;68.89;14.22
09/03/2017 16:00;34.14;2.03;344.86;0.18;855.31;67.78;13.98
09/03/2017 17:00;34.45;1.13;343.62;0.3;855.07;86.12;15.2
09/03/2017 18:00;33.46;2.83;356.75;0.3;855.06;90.03;16.19
09/03/2017 19:00;31.93;7.12;280.99;0.11;855.5;76.55;16.32
09/03/2017 20:00;29.5;9.04;174.9;0.53;856.38;76.05;17.49
09/03/2017 21:00;27.78;9.76;164.15;0.35;857.14;64.49;16.9
09/03/2017 22:00;26.34;10.34;172.91;0.34;858;66.26;19.52
09/03/2017 23:00;25.28;10.26;168.06;0.28;858.57;55.81;18.26
09/04/2017 00:00;24.51;10.05;167.43;0.41;858.72;46.5;17.49
09/04/2017 01:00;23.75;10.35;157;0.34;858.66;45.67;17.46
09/04/2017 02:00;23;11.21;169.32;0.41;858.67;33.28;15.99
09/04/2017 03:00;22.62;10.93;160.98;0.22;858.63;32.57;16.33
09/04/2017 04:00;22.13;10.78;161.04;0.3;858.65;35.14;17.1
09/04/2017 05:00;21.4;10.44;168.86;0.35;858.93;31.64;16.98
09/04/2017 06:00;20.82;10.53;146.95;0.37;859.28;40.79;16.27
09/04/2017 07:00;20.4;10.35;177.42;0.32;859.72;44.1;16.66
09/04/2017 08:00;20.36;10.49;137.53;0.41;860.16;47.24;17.64
09/04/2017 09:00;21.1;9.95;157.07;0.4;860.46;67.74;20.49
09/04/2017 10:00;23.27;9.96;166.8;0.47;860.9;52.67;18.87
09/04/2017 11:00;25.14;10.2;169.21;0.74;861.08;56.47;16.76
09/04/2017 12:00;27.4;9.07;173;0.66;861.05;50.15;15.62
09/04/2017 13:00;29.93;7.92;172.52;0.31;860.61;57.9;14.39
09/04/2017 14:00;31.35;6.18;152.25;0.3;860.08;48.14;12.07
09/04/2017 15:00;32.67;3.83;113.16;0.33;859.7;59.22;12.69
09/04/2017 16:00;33.35;-0.02;26.48;0.11;859.41;43.93;9.96
09/04/2017 17:00;33.69;-4.33;340.71;0.2;859.27;49.89;8.71
09/04/2017 18:00;32.39;-1.9;88.05;0.11;859.19;48.7;9.58
09/04/2017 19:00;31.71;-0.99;130.03;0.23;859.24;42.33;10.08
09/04/2017 20:00;30.88;1.73;192.42;0.2;859.56;54.12;12.11
09/04/2017 21:00;29.53;2.78;169.07;0.33;860.2;56.92;13.05
09/04/2017 22:00;28.38;1.41;169.46;0.24;860.98;62.81;18.99
09/04/2017 23:00;27.5;0.2;170.95;0.29;861.26;61.76;20.7
09/05/2017 00:00;26.48;0.78;151.66;0.39;861.41;67.98;28.09
09/05/2017 01:00;25.49;0.99;170.54;0.28;861.36;56.25;16.03
09/05/2017 02:00;24.66;1.93;167.74;0.19;861.35;48.44;13.95
09/05/2017 03:00;24.3;2.24;155.64;0.3;861.34;41.36;11.87
09/05/2017 04:00;23.83;1.78;157;0.34;861.3;37.02;10.05
09/05/2017 05:00;23.35;0.87;161.99;0.41;861.24;32.06;9.26
09/05/2017 06:00;22.08;1.01;121.9;0.74;861.51;41.62;11.25
09/05/2017 07:00;21.78;0.72;147.9;0.43;861.65;69.64;16.22
09/05/2017 08:00;21.76;1.12;161.44;0.43;862.09;48.3;13.37
09/05/2017 09:00;22.67;1.36;154.65;0.43;862.35;65.39;14.65
09/05/2017 10:00;25.55;1.35;157.86;0.33;862.55;64.78;14.24
09/05/2017 11:00;28.01;0.56;169.1;0.4;862.65;64.34;12.43
09/05/2017 12:00;30.04;-0.13;168.85;0.5;862.4;56.62;11.42
09/05/2017 13:00;32.46;-0.04;145.64;0.28;861.85;62.61;11.08
09/05/2017 14:00;33.12;-3.1;177.31;0.06;861.22;41.81;8.21
09/05/2017 15:00;33.62;-2.77;30.84;0.12;860.73;69.45;11.36
09/05/2017 16:00;33.95;-2.56;339.37;0.19;860.13;58.9;10.71
09/05/2017 17:00;33.8;-2.6;55.12;0.2;859.69;81.53;14.47
09/05/2017 18:00;32.99;-1.93;344.23;0.19;859.51;71.52;13.06
09/05/2017 19:00;31.96;-1.55;312.43;0.16;859.33;69.66;13.19
09/05/2017 20:00;31.16;-2.28;354.05;0.06;859.26;73.73;13.23
09/05/2017 21:00;29.02;-0.23;119.81;0.1;859.24;77.94;16.7
09/05/2017 22:00;28.82;-0.55;152.34;0.28;859.78;96.13;18.56
09/05/2017 23:00;28.12;1.16;161.28;0.18;860.15;55.12;12.44
09/06/2017 00:00;27.01;2.08;168.49;0.31;860.2;53.38;13.29
09/06/2017 01:00;26.18;2.97;163.73;0.34;860.12;53.19;12.88
09/06/2017 02:00;25.76;1.68;166.88;0.39;859.75;51.06;11.92
09/06/2017 03:00;25.78;0.6;156.72;0.37;859.48;49.81;11.63
09/06/2017 04:00;25.16;1.24;157.4;0.33;859.36;40.33;10.93
09/06/2017 05:00;24.53;0.8;166.8;0.32;859.19;40.71;10.87
09/06/2017 06:00;23.67;1.03;157.33;0.38;859.22;39.57;11.49
09/06/2017 07:00;22.81;2.81;130.7;0.44;859.44;47.94;14.08
09/06/2017 08:00;22.6;3.62;145.52;0.46;859.6;91.59;20.46
09/06/2017 09:00;23.37;3.06;124.21;0.47;860.03;82.32;19.3
09/06/2017 10:00;26.6;3.97;141.84;0.24;860.2;83.44;18.64
09/06/2017 11:00;28.89;2.63;143.6;0.23;860.28;74.34;15.65
09/06/2017 12:00;30.36;0.77;313.69;0.17;859.98;80.46;15.53
09/06/2017 13:00;31.71;0.21;43.58;0.11;859.37;85.35;16.99
09/06/2017 14:00;32.9;-0.27;344.85;0.22;858.63;78.69;15.78
09/06/2017 15:00;34.15;-4.74;58.81;0.35;857.92;101.8;17.64
09/06/2017 16:00;34.55;-4.11;19.99;0.41;857.36;109.12;17.63
09/06/2017 17:00;34.48;-3.77;46.27;0.35;856.72;112.33;19.49
09/06/2017 18:00;34.16;-3.88;25.94;0.34;856.18;96.83;19.97
09/06/2017 19:00;33.16;-4.04;97.89;0.66;855.89;105.92;20.9
09/06/2017 20:00;32.07;-4.11;104.39;0.76;855.83;81.64;20
09/06/2017 21:00;31;-3.92;104.72;0.63;856;79.89;20.76
09/06/2017 22:00;29.56;-2.48;107.63;0.63;856.51;90.42;25.72
09/06/2017 23:00;29.72;-3.01;108.5;1.1;856.73;103.89;25.17
09/07/2017 00:00;29.45;-2.68;105.42;0.69;856.7;106.4;26.61
09/07/2017 01:00;27.49;-0.19;346.37;0.01;856.84;135.72;33.57
09/07/2017 02:00;26.17;1.05;25.78;0.01;856.74;142.25;36.69
09/07/2017 03:00;26.66;0.57;33.03;0.02;856.44;136.58;35.48
09/07/2017 04:00;25.71;1.54;142.55;0.03;856.22;140.93;36.6
09/07/2017 05:00;24.45;2.03;231.62;0;856.4;139.04;36.33
09/07/2017 06:00;23.39;2.77;129.77;0.04;856.36;143.72;40.11
09/07/2017 07:00;23;2.72;131.41;0.07;856.46;177.26;47.19
09/07/2017 08:00;23.13;3.54;159.93;0.01;856.82;885.43;127.52
09/07/2017 09:00;25.26;3.43;313.25;0.01;856.92;216.59;52.11
09/07/2017 10:00;27.39;2.81;303.12;0.16;857.17;199.49;44.8
09/07/2017 11:00;29.17;2.59;316.65;0.24;857.44;203.1;41.2
09/07/2017 12:00;30.8;2.94;337.41;0.29;857.21;195.9;41
09/07/2017 13:00;32.77;0.49;48.68;0.38;856.55;246.9;37.66
09/07/2017 14:00;33.56;-1.2;57.33;0.58;856.24;394.53;46.46
09/07/2017 15:00;33.62;-1.46;89.2;0.89;855.92;454.01;46.39
09/07/2017 16:00;33.85;-2.91;99.06;1;855.64;412.71;44.67
09/07/2017 17:00;33.7;-3.17;72.03;0.68;855.4;615.57;69.74
09/07/2017 18:00;32.7;-4.89;103.69;1.42;855.35;427.55;44.22
09/07/2017 19:00;31.82;-4.4;89.65;0.68;855.58;205.78;29.06
09/07/2017 20:00;30.51;-5.91;107.53;1.34;855.67;212.39;26.98
09/07/2017 21:00;29.29;-6.11;108.91;1.14;856.14;95.96;17.64
09/07/2017 22:00;28.16;-4.97;107.83;0.89;856.99;69.74;16.32
09/07/2017 23:00;27.56;-5.32;109.8;0.87;857.73;62.76;14.93
09/08/2017 00:00;25.19;-3.01;323.66;0.29;858.49;317.82;53.11
09/08/2017 01:00;23.03;1.97;305.66;0.3;859.03;498.31;83.34
09/08/2017 02:00;21.61;3.54;305.51;0.25;859.45;354.19;60.99
09/08/2017 03:00;20.87;2.35;308.5;0.32;859.82;262.58;44.06
09/08/2017 04:00;20.13;2.07;54.99;0.07;860.02;228.42;38.75
09/08/2017 05:00;19.08;2.32;112.99;0.42;860.31;248.15;47.12
09/08/2017 06:00;18.61;2.55;110.9;0.1;860.64;251.7;49.35
09/08/2017 07:00;18.79;5.13;187.92;0.1;861.06;188.37;41.18
09/08/2017 08:00;19.04;9.69;172.16;0.23;861.57;109.03;27.55
09/08/2017 09:00;19.16;9.85;167.15;0.44;861.96;98.57;23.26
09/08/2017 10:00;21.09;9.56;166.88;0.56;862.31;92.83;21.84
09/08/2017 11:00;23.02;9.3;203.96;0.37;862.63;89.08;20.89
09/08/2017 12:00;25.06;8.21;182.86;0.46;862.39;81.72;19.33
09/08/2017 13:00;26.91;7.1;194.94;0.29;861.93;80.11;18
09/08/2017 14:00;27.65;4.86;28.69;0.08;861.62;91.25;18.83
09/08/2017 15:00;28.56;5.33;325.29;0.24;861.18;104.05;20.86
09/08/2017 16:00;29.06;5.29;314.78;0.32;860.89;114.52;21.68
09/08/2017 17:00;28.99;3.91;310.7;0.37;860.67;126.97;21.96
09/08/2017 18:00;28.55;2.27;315.69;0.31;860.69;116.44;20.88
09/08/2017 19:00;27.89;-0.43;314.44;0.24;860.85;114.14;20.12
09/08/2017 20:00;27.08;-1.29;330.72;0.15;861.05;112.06;20.23
09/08/2017 21:00;25.79;3.08;339.85;0.08;861.47;113.56;21.39
09/08/2017 22:00;24.56;6.63;149.5;0.2;862.38;66.64;14.16
09/08/2017 23:00;23.21;7.73;151.48;0.23;862.84;45.69;12.27
09/09/2017 00:00;22.23;8.02;170.41;0.4;863.2;44.64;11.94
09/09/2017 01:00;21.18;8.67;164.75;0.48;863.31;36.35;12.35
09/09/2017 02:00;20.35;8.89;168.23;0.23;863.23;28.32;11.35
09/09/2017 03:00;19.7;9.04;182.8;0.38;863.14;24.79;11.21
09/09/2017 04:00;19.08;9.06;181.77;0.33;863.17;31.88;10.57
09/09/2017 05:00;18.63;9.08;172.55;0.2;863.29;29.88;10.27
09/09/2017 06:00;18.45;8.97;156.14;0.35;863.44;29.67;10.42
09/09/2017 07:00;17.77;8.86;147;0.44;863.59;43.19;12.61
09/09/2017 08:00;17.61;8.99;143.44;0.26;863.65;36.25;11.97
09/09/2017 09:00;18.58;8.99;164.22;0.24;863.68;53.69;14.17
09/09/2017 10:00;21.17;9.08;162.46;0.24;863.58;51.96;13.71
09/09/2017 11:00;23.92;8.69;146.25;0.35;863.72;57.98;14.04
09/09/2017 12:00;26.26;7.94;130.46;0.41;863.73;61.62;12.97
09/09/2017 13:00;27.76;6.9;277.69;0.14;863.23;69.7;13.66
09/09/2017 14:00;28.75;5.7;317.95;0.17;862.69;91.57;16.62
09/09/2017 15:00;30.02;3.92;317.01;0.14;862.02;101.55;19.11
09/09/2017 16:00;30.64;2.08;318.37;0.22;861.35;100.59;17.83
09/09/2017 17:00;30.37;2.29;306.01;0.3;860.88;107.98;18.09
09/09/2017 18:00;29.96;3.08;319.63;0.25;860.61;88.87;15.74
09/09/2017 19:00;29.41;1.16;326.93;0.16;860.44;75.02;14.49
09/09/2017 20:00;28.65;-1.2;34.26;0.08;860.39;78.46;15.77
09/09/2017 21:00;27.04;-0.67;150.72;0.01;860.51;118.1;23.7
09/09/2017 22:00;25.13;0.29;125.08;0.06;860.87;166.56;41
09/09/2017 23:00;24.85;1.89;124.81;0.17;861.05;112.33;24.76
09/10/2017 00:00;24.62;4.55;152.82;0.25;861.11;63.22;15.54
09/10/2017 01:00;23.75;4.01;169.09;0.18;861.16;74.92;17.79
09/10/2017 02:00;23.3;4.03;168;0.26;861.18;58.48;13.53
09/10/2017 03:00;22.74;5.67;167.67;0.31;860.97;68.04;11.73
09/10/2017 04:00;21.81;6.07;135.36;0.32;860.97;40.18;11.86
09/10/2017 05:00;20.78;4.73;133.04;0.54;860.95;48.19;12.75
09/10/2017 06:00;20.36;5.7;161.94;0.33;860.91;38.14;12.78
09/10/2017 07:00;20.05;6.66;161.58;0.35;861.13;47.86;14.83
09/10/2017 08:00;20.03;6.37;131.2;0.61;861.57;43.39;14.99
09/10/2017 09:00;20.75;6.13;129.8;0.59;861.85;53.78;16.08
09/10/2017 10:00;23.93;5.5;146.36;0.4;861.89;74.41;15.81
09/10/2017 11:00;26.21;4.7;150.89;0.37;862.2;76.56;14.56
09/10/2017 12:00;28.38;4.02;152.23;0.34;862.04;79.72;14.64
09/10/2017 13:00;30.09;1.63;223.31;0.05;861.54;91.58;15.89
09/10/2017 14:00;31.42;-0.07;297.7;0.19;860.9;97.35;17.23
09/10/2017 15:00;32.11;1.42;294.71;0.32;860.36;120.45;20.73
09/10/2017 16:00;32.53;1.21;349.45;0.27;859.86;97.94;17.81
09/10/2017 17:00;32.55;0.48;331.23;0.24;859.25;105.98;18.41
09/10/2017 18:00;32.47;-1.58;332.17;0.23;858.93;85.5;16.72
09/10/2017 19:00;31.76;-2.77;325.18;0.25;858.74;82.94;16.43
09/10/2017 20:00;30.48;-2.81;12.22;0.05;858.61;95.55;18.75
09/10/2017 21:00;28.17;-1.19;110.43;0.21;858.8;131.52;26.91
09/10/2017 22:00;27.13;-1.99;155.54;0.18;859.29;156.93;30.88
09/10/2017 23:00;26.62;1.41;154.73;0.31;859.49;91.46;17.81
09/11/2017 00:00;25.93;4.76;173.16;0.37;859.65;83.47;16.84
09/11/2017 01:00;24.91;5.87;169.23;0.46;859.73;73.16;14.81
09/11/2017 02:00;24.15;7.47;170.62;0.32;859.71;51.01;13.64
09/11/2017 03:00;23.43;8.49;163.78;0.32;859.55;47.78;15.1
09/11/2017 04:00;22.61;9.16;156.6;0.44;859.56;34.88;13.16
09/11/2017 05:00;21.77;9.99;161.82;0.38;859.54;28.62;13.26
09/11/2017 06:00;21.22;10.29;163.52;0.42;859.66;26.34;13.79
09/11/2017 07:00;20.71;10.5;163.68;0.5;859.99;38.39;15.3
09/11/2017 08:00;20.59;10.91;162.58;0.39;860.42;64.25;18.42
09/11/2017 09:00;21.18;11.36;173.17;0.47;861.01;78.47;18.02
09/11/2017 10:00;23.29;11.54;167.86;0.69;861.46;55.99;16.32
09/11/2017 11:00;25.27;11.07;172.51;0.65;861.6;57.97;16.63
09/11/2017 12:00;27.26;10;177.52;0.65;861.64;61.27;15.26
09/11/2017 13:00;29.3;8.83;171.99;0.44;861.35;58.59;14.01
09/11/2017 14:00;30.95;7.15;156.09;0.26;861;58.19;13.54
09/11/2017 15:00;31.56;5.18;322.74;0.09;860.48;75.38;15.78
09/11/2017 16:00;31.9;5.26;341.76;0.21;859.91;80.64;16.76
09/11/2017 17:00;31.52;4.74;333.93;0.24;859.7;95.24;18.86
09/11/2017 18:00;31.16;2.69;3.05;0.13;859.71;97.66;19.14
09/11/2017 19:00;30.62;-2.01;353.74;0.18;859.87;82.53;16.73
09/11/2017 20:00;29.03;3.75;164.63;0.29;860.2;68.5;14.79
09/11/2017 21:00;26.79;10.47;160.43;0.37;860.89;46.42;13.98
09/11/2017 22:00;25.17;11.28;167.53;0.34;861.52;49.78;15.13
09/11/2017 23:00;23.85;11.84;172.3;0.45;861.82;48.94;15.12
09/12/2017 00:00;22.8;12.18;163.08;0.34;861.93;34.09;13.28
09/12/2017 01:00;21.96;12.26;176.84;0.52;861.97;50.02;13.52
09/12/2017 02:00;21.34;12.13;171;0.42;861.78;50.58;12.59
09/12/2017 03:00;20.73;11.8;171.59;0.47;861.84;43.07;11.87
09/12/2017 04:00;20.26;11.43;173.59;0.78;862.14;38.11;12.36
09/12/2017 05:00;19.91;11.29;170.07;0.58;862.5;34.36;11.42
09/12/2017 06:00;19.58;11.41;168.42;0.95;862.67;26.34;10.07
09/12/2017 07:00;19.37;11.49;168.57;0.9;863.06;21.52;9.94
09/12/2017 08:00;19.27;11.69;176.64;0.7;863.47;26.5;10.57
09/12/2017 09:00;20.02;11.87;170.28;0.74;863.61;34.63;11.65
09/12/2017 10:00;21.91;12.03;172.47;0.77;863.74;37.18;10.98
09/12/2017 11:00;23.66;11.99;172.96;0.71;863.96;31.46;11.06
09/12/2017 12:00;26;11.55;174.23;0.4;863.94;37.78;11.19
09/12/2017 13:00;28.16;9.08;128.19;0.16;863.49;58.49;13.27
09/12/2017 14:00;29.18;8.32;113.57;0.04;863.09;70.83;14.87
09/12/2017 15:00;29.96;7.64;299.5;0.12;862.67;80.75;17.21
09/12/2017 16:00;30.4;5.74;344.67;0.27;862.23;86.98;18.68
09/12/2017 17:00;30.64;4.28;332.04;0.27;862;95.77;18.94
09/12/2017 18:00;30.67;1.52;343.41;0.19;861.93;96.25;17.93
09/12/2017 19:00;29.89;0.61;358.5;0.2;861.98;73.54;15.43
09/12/2017 20:00;28.71;3.2;30.14;0.11;861.96;81.34;17.79
09/12/2017 21:00;27.11;4.49;138.88;0.11;862.18;96.09;22.84
09/12/2017 22:00;26.09;9.32;156.74;0.22;862.64;45.43;13.52
09/12/2017 23:00;25.15;9.81;162.78;0.26;862.9;34.75;13.24
09/13/2017 00:00;24.16;10.58;172.22;0.36;862.98;30.3;12.22
09/13/2017 01:00;23.14;10.77;166.62;0.27;862.86;27.76;11.76
09/13/2017 02:00;22.23;10.76;165.12;0.28;862.92;22.77;12.05
09/13/2017 03:00;21.61;11.11;154.61;0.32;862.93;23.92;11.71
09/13/2017 04:00;21.03;11.3;154.02;0.4;862.95;28.4;11.76
09/13/2017 05:00;20.45;11.21;153.09;0.47;862.91;26.11;11.82
09/13/2017 06:00;19.97;11.11;143.07;0.44;862.87;26.57;12.3
09/13/2017 07:00;19.37;10.9;147.12;0.49;863.04;34.83;14.46
09/13/2017 08:00;19.33;10.72;144.27;0.53;863.25;46.02;16.47
09/13/2017 09:00;19.94;11.13;142.99;0.45;863.45;47.44;16.81
09/13/2017 10:00;22.68;11.41;148.86;0.36;863.55;55.08;16.48
09/13/2017 11:00;25.34;9.94;161.86;0.23;863.7;56.55;14.98
09/13/2017 12:00;27.89;7.7;181.41;0.23;863.32;65.3;15.53
09/13/2017 13:00;29.5;4.26;310.66;0.16;862.86;77.62;16.13
09/13/2017 14:00;30.79;4.2;327.84;0.21;862.23;94.46;18.78
09/13/2017 15:00;31.78;1.78;303.71;0.25;861.6;89.82;17.26
09/13/2017 16:00;31.98;-1.08;349.33;0.22;861.11;85.29;15.51
09/13/2017 17:00;31.63;-0.88;350.81;0.22;860.7;81.82;15.15
09/13/2017 18:00;31.17;0.27;342.63;0.19;860.47;88.43;17.35
09/13/2017 19:00;30.51;0.24;355.19;0.21;860.39;92.9;18.17
09/13/2017 20:00;29.34;0.43;73.09;0.09;860.27;98.27;20
09/13/2017 21:00;27.63;0.49;131.24;0.05;860.54;115;25.2
09/13/2017 22:00;25.9;-0.75;120.13;0.03;860.92;139.48;31.3
09/13/2017 23:00;25.15;-0.31;136.73;0.05;861.04;118.87;26.81
09/14/2017 00:00;25.28;1.45;179.61;0.18;861.12;75.67;17.8
09/14/2017 01:00;24.86;3.95;175.71;0.38;861.15;55.59;12.57
09/14/2017 02:00;24.21;4.39;177.3;0.39;861.2;61.67;13.22
09/14/2017 03:00;22.98;3.53;167.76;0.33;861.29;42.32;12.57
09/14/2017 04:00;22.94;5.73;176.49;0.47;861.23;50.29;12.27
09/14/2017 05:00;22.71;6.32;174.17;0.81;861.16;58.48;12.54
09/14/2017 06:00;22.05;6;175.92;0.64;861.33;32.35;11.35
09/14/2017 07:00;21.84;4.96;177.83;0.4;861.61;49.27;14.09
09/14/2017 08:00;21.33;4.23;165.41;0.42;861.92;50.94;14.73
09/14/2017 09:00;22.23;4.7;169.64;0.38;862.31;55.2;15.13
09/14/2017 10:00;24.41;5.86;172.06;0.73;862.48;65.17;14.26
09/14/2017 11:00;26.46;4.69;172.94;0.85;862.73;67.48;13.5
09/14/2017 12:00;28.97;3.34;188.13;0.53;862.6;75.91;14.63
09/14/2017 13:00;30.62;1.79;215.89;0.41;862.28;57.51;12.49
09/14/2017 14:00;31.83;0.44;202.51;0.32;861.83;53.13;12.18
09/14/2017 15:00;32.79;-1.14;146.36;0.2;861.35;115.58;20.34
09/14/2017 16:00;32.53;-0.37;289.03;0.17;860.93;54.98;12.27
09/14/2017 17:00;31.77;-0.13;222.12;0.05;860.51;52.51;11.57
09/14/2017 18:00;31.34;-0.39;358.62;0.14;860.18;61.89;12.72
09/14/2017 19:00;30.56;0.93;188.29;0.25;860.19;63.34;12.42
09/14/2017 20:00;29.16;2.93;179.44;0.49;860.4;70.88;12.91
09/14/2017 21:00;27.55;5.39;172.2;0.28;861.21;73.89;14.42
09/14/2017 22:00;26.31;7.02;173.57;0.36;861.98;60.12;14.1
09/14/2017 23:00;25.03;9.26;174.89;0.87;862.31;90.63;17.57
09/15/2017 00:00;24.06;9.77;169.46;1.04;862.43;51.91;15.02
09/15/2017 01:00;23.28;8.83;175.67;0.85;862.34;46.32;15.31
09/15/2017 02:00;22.66;7.14;180.4;0.75;862.19;48;15.58
09/15/2017 03:00;22.03;6.51;173.03;0.93;862.08;46.88;15.82
09/15/2017 04:00;21.43;5.95;177.48;0.52;861.98;38.61;14.61
09/15/2017 05:00;20.76;5.47;172.87;0.97;861.96;32.45;13.43
09/15/2017 06:00;20.33;4.98;181.36;0.48;862.26;28.29;13.28
09/15/2017 07:00;20.17;5.23;178.33;0.7;862.87;28.21;13.43
09/15/2017 08:00;19.85;5.63;169.87;0.3;863.41;33;16
09/15/2017 09:00;20.5;5.51;177.1;0.25;863.63;45.93;16.75
09/15/2017 10:00;22.74;5.37;169.33;0.55;863.87;45.98;15.48
09/15/2017 11:00;24.65;4.63;172.45;0.87;863.9;50.4;14.63
09/15/2017 12:00;27.09;4.08;173.17;0.72;863.63;40.58;13.17
09/15/2017 13:00;29;3.06;172.47;0.71;863.18;41.84;12.63
09/15/2017 14:00;31.13;1.39;196.17;0.29;862.7;39.78;11.7
09/15/2017 15:00;31.68;-0.34;196.63;0.11;862.05;38.26;10.94
09/15/2017 16:00;31.36;-0.23;303.45;0.23;861.47;45.37;11.68
09/15/2017 17:00;31.11;-0.8;289.26;0.26;860.86;49.91;12.62
09/15/2017 18:00;30.52;-1.2;352.43;0.16;860.55;47.72;12.78
09/15/2017 19:00;29.72;-2.2;7.58;0.13;860.41;61.95;13.23
09/15/2017 20:00;28.78;-0.95;173.73;0.37;860.52;50.41;12.93
09/15/2017 21:00;27.88;0.17;169.78;0.27;860.9;51.15;13.85
09/15/2017 22:00;26.62;-0.17;171.96;0.24;861.45;53.06;13.77
09/15/2017 23:00;25.74;0.46;174.55;0.25;861.52;46.2;13.61
09/16/2017 00:00;24.8;0.79;176.65;0.26;861.49;54.53;14.74
09/16/2017 01:00;23.99;1.22;173.69;0.36;861.57;52.94;13.75
09/16/2017 02:00;23.55;1.49;173.55;0.73;861.57;53.78;13.53
09/16/2017 03:00;22.93;1.36;169.49;0.72;861.5;48.89;13.52
09/16/2017 04:00;22.46;1.59;173.58;0.53;861.44;38.39;13.33
09/16/2017 05:00;22;3.95;164.17;0.34;861.63;34.08;13.13
09/16/2017 06:00;20.95;4.66;146.73;0.36;861.84;35.85;14.39
09/16/2017 07:00;20.48;2.87;166.02;0.46;862.15;36.68;14.91
09/16/2017 08:00;20.51;2.15;165.89;0.46;862.48;57.84;18.37
09/16/2017 09:00;21.25;2.59;167.41;0.42;862.92;59.53;17.7
09/16/2017 10:00;22.97;2.7;175.32;0.45;863.28;75.76;18.96
09/16/2017 11:00;25.47;2.41;179.01;0.35;863.51;72.86;16.95
09/16/2017 12:00;28.76;2.36;153.97;0.27;863.56;88.31;17.23
09/16/2017 13:00;30.54;1.38;180.66;0.3;863.16;59.15;13.03
09/16/2017 14:00;31.07;0.74;218.08;0.15;862.73;54.47;12.59
09/16/2017 15:00;32.62;-0.9;155.48;0.33;862.32;56.66;12.25
09/16/2017 16:00;32.83;-0.99;163.22;0.2;861.8;49.69;12.04
09/16/2017 17:00;31.97;-1.02;305.71;0.06;861.44;129.85;17.34
09/16/2017 18:00;30.61;0.05;345.95;0.06;861.56;198.73;21.77
09/16/2017 19:00;29.01;2.85;182.12;0.86;861.91;166.72;20.21
09/16/2017 20:00;27.69;2.39;177.06;0.55;862.15;46.2;12.38
09/16/2017 21:00;26.83;3.15;169.95;0.34;862.72;46.56;13.22
09/16/2017 22:00;25.33;8.85;172.67;0.31;863.3;56.21;16.89
09/16/2017 23:00;24.37;9;173.25;0.37;863.5;43.99;15.88
09/17/2017 00:00;23.64;9.32;187.36;0.47;863.81;35.71;15.86
09/17/2017 01:00;23.01;9.71;178.85;0.78;863.91;46.75;17.88
09/17/2017 02:00;22.52;8.13;176.03;0.74;863.92;40.74;16.92
09/17/2017 03:00;21.58;10.71;171.89;0.82;863.57;37.31;18.82
09/17/2017 04:00;20.94;10.08;173.82;0.36;863.47;37.79;18.24
09/17/2017 05:00;20.35;10.58;172.15;0.28;863.48;37.88;18.96
09/17/2017 06:00;19.72;10.18;168.11;0.34;863.54;35.01;18.36
09/17/2017 07:00;19.19;10.41;176.28;0.2;864.08;39.6;19.8
09/17/2017 08:00;19.17;10;185.25;0.36;864.32;43.23;20.41
09/17/2017 09:00;19.78;8.98;185.15;0.43;864.6;62;21.73
09/17/2017 10:00;21.4;9.7;194.84;0.5;864.91;53.42;20.22
09/17/2017 11:00;23.21;7.22;190.99;0.59;865.14;54.93;17.5
09/17/2017 12:00;25.13;2;179.75;0.82;864.98;60.13;15.33
09/17/2017 13:00;26.8;1.08;185.86;0.73;864.68;51.08;12.61
09/17/2017 14:00;28.29;-0.02;184.32;0.54;864.16;52.11;13.33
09/17/2017 15:00;29.33;-4.67;191.68;0.52;863.47;43.24;9.33
09/17/2017 16:00;29.56;-6.81;182.48;0.51;862.9;32.92;7.71
09/17/2017 17:00;29.13;-8.16;212.08;0.41;862.51;33.72;7.42
09/17/2017 18:00;28.49;-8.96;190.71;0.43;862.33;30.97;7.26
09/17/2017 19:00;27.51;-7.31;199.98;0.27;862.61;36.65;7.58
09/17/2017 20:00;26.22;-3.05;211.84;0.31;862.92;46.11;9.93
09/17/2017 21:00;24.78;1.03;177.4;0.44;863.2;58.95;13.41
09/17/2017 22:00;23.41;3.02;184.79;0.33;863.67;66.74;14.8
09/17/2017 23:00;22.34;3.57;183.01;0.35;863.66;49.89;13.89
09/18/2017 00:00;21.44;3.67;168.16;0.35;863.79;48.17;13.45
09/18/2017 01:00;20.87;3.18;178.25;0.63;863.68;43.2;12.63
09/18/2017 02:00;20.44;0.49;178.26;0.34;863.51;47.32;11.73
09/18/2017 03:00;19.86;-0.93;177.94;0.79;863.38;61.96;11.92
09/18/2017 04:00;19.44;-0.79;171.51;0.8;863.26;43.58;11.84
09/18/2017 05:00;18.75;-1.28;175.86;0.43;863.46;28.77;10.72
09/18/2017 06:00;17.9;-2.37;173.75;0.54;863.59;27.83;10
09/18/2017 07:00;17.14;-2.82;152.91;0.28;863.81;35.61;10.88
09/18/2017 08:00;16.56;-2.45;141.61;0.39;864.22;46.62;13.21
09/18/2017 09:00;17.51;-1.96;159.12;0.54;864.43;70.87;16.31
09/18/2017 10:00;19.78;-1.69;168.14;0.43;864.87;74.41;15.31
09/18/2017 11:00;22.28;-2.1;177.12;0.38;865.09;56.29;11.78
09/18/2017 12:00;24.94;-1.89;164.04;0.35;864.9;66.23;11.94
09/18/2017 13:00;26.51;-2.27;192.38;0.26;864.41;61.4;10.92
09/18/2017 14:00;28.05;-3.13;187.39;0.12;863.9;56.33;9.63
09/18/2017 15:00;29.02;-6.41;108.7;0.06;863.35;47.37;8.15
09/18/2017 16:00;29.65;-8.27;177.06;0.13;862.84;42.49;7.62
09/18/2017 17:00;28.81;-8.51;298.35;0.12;862.35;41.27;7.32
09/18/2017 18:00;28.42;-9.83;249.84;0.01;862.06;44.21;8.18
09/18/2017 19:00;27.86;-13.83;161.82;0.27;862.05;25.01;5.15
09/18/2017 20:00;27.08;-13.95;171.54;0.39;862.13;33.5;5.58
09/18/2017 21:00;25.75;-11.25;170.95;0.32;862.6;50.67;8.66
09/18/2017 22:00;24.44;-12.26;163.62;0.32;862.99;43.36;7.86
09/18/2017 23:00;23.24;-11.93;166.45;0.36;863.16;52.22;10.71
09/19/2017 00:00;22.47;-10.92;167;0.18;863.21;41.78;8.64
09/19/2017 01:00;21.88;-10.1;164.45;0.26;863.19;49.81;9.21
09/19/2017 02:00;20.89;-9.2;160.22;0.3;863.21;46.05;10.15
09/19/2017 03:00;19.88;-8.07;147.75;0.29;863.23;48.49;9.67
09/19/2017 04:00;19.25;-8.14;145.11;0.44;863.09;41.43;9.31
09/19/2017 05:00;18.71;-7.68;157.28;0.4;863.13;36.84;8.91
09/19/2017 06:00;17.99;-7.44;139.19;0.48;863.09;42.88;10.16
09/19/2017 07:00;17.99;-7.1;168.81;0.39;863.22;43.51;11.06
09/19/2017 08:00;18.1;-7;164;0.54;863.52;56.97;12.9
09/19/2017 09:00;18.55;-7.05;161.15;0.55;863.76;112.29;16.54
09/19/2017 10:00;20.83;-6.92;155.19;0.44;864.11;74.12;12.83
09/19/2017 11:00;23.42;-6.73;164.72;0.37;864.31;65.65;12.62
09/19/2017 12:00;25.84;-7.4;167.55;0.37;864.02;55.3;10.1
09/19/2017 13:00;28.43;-7.15;160.59;0.28;863.39;57.95;9.89
09/19/2017 14:00;30.2;-6.14;161.25;0.06;862.87;55.96;10.15
09/19/2017 15:00;30.64;-5.36;315.31;0.18;862.21;72;12.76
09/19/2017 16:00;31.07;-4.65;32.99;0.14;861.66;64.43;12.88
09/19/2017 17:00;30.49;-3.38;291.47;0.16;861.26;83.84;18.96
09/19/2017 18:00;30.14;-3.02;335.87;0.13;861.01;84.99;18
09/19/2017 19:00;29.36;-2.88;13.85;0.13;860.91;78.62;18.17
09/19/2017 20:00;27.86;-2.37;120.64;0.01;860.81;75.43;19.09
09/19/2017 21:00;26.47;-2.42;143.49;0.13;861.24;102.26;26.15
09/19/2017 22:00;26.24;-5.48;163.1;0.25;861.79;61.47;14.72
09/19/2017 23:00;25.41;-5.84;169.69;0.49;861.91;77.93;14.93
09/20/2017 00:00;24.69;-3.66;166.89;0.57;861.87;71.7;14.63
09/20/2017 01:00;23.88;-3.04;164.6;0.87;861.87;82.09;15.08
09/20/2017 02:00;23.28;-3.75;166.98;0.72;861.85;58.81;12.65
09/20/2017 03:00;22.76;-4.15;171.77;0.4;861.93;38.73;10.86
09/20/2017 04:00;22.27;-4.41;163.69;0.29;862;34.73;10.53
09/20/2017 05:00;21.18;-4.33;151.19;0.28;862.09;33.58;11.11
09/20/2017 06:00;20.79;-4.6;140.12;0.47;862.2;39.84;11.94
09/20/2017 07:00;19.84;-4.47;149.88;0.37;862.61;44.2;13.91
09/20/2017 08:00;19.79;-4.13;145.28;0.41;862.84;62.3;16.81
09/20/2017 09:00;20.61;-3.61;150.06;0.37;863.05;90.78;21.36
09/20/2017 10:00;23.07;-3.66;155.78;0.23;863.32;76.44;16.88
09/20/2017 11:00;25.41;-3.35;157.26;0.14;863.65;69.86;14.43
09/20/2017 12:00;27.92;-3.4;144.17;0.38;863.74;61.15;13.19
09/20/2017 13:00;28.97;-3;313.28;0.04;863.37;95.02;18.1
09/20/2017 14:00;30.18;-2.39;334.25;0.19;862.7;96.48;18.17
09/20/2017 15:00;31;-2.23;331;0.13;862.14;85.11;17.66
09/20/2017 16:00;31.37;-2.08;52.7;0.09;861.55;88.65;16.92
09/20/2017 17:00;31.24;-3.32;32.7;0.2;861.07;103.35;18.94
09/20/2017 18:00;30.87;-2.96;14.53;0.24;861.05;100.99;19.32
09/20/2017 19:00;30.14;-2.1;9.92;0.31;861.26;146.75;22.48
09/20/2017 20:00;28.23;-1.04;346.59;0.31;861.75;112.89;20.76
09/20/2017 21:00;26.87;-1.45;88.88;0.14;861.96;98.54;20.93
09/20/2017 22:00;25.78;-1.26;129.31;0.05;862.09;102.44;23.47
09/20/2017 23:00;24.29;-1.21;137.51;0.01;862.13;107.64;24.89
09/21/2017 00:00;23.39;-0.64;184.73;0.03;862.01;112.39;29.1
09/21/2017 01:00;22.58;-0.48;198.45;0.03;862.28;107.38;29.23
09/21/2017 02:00;22.32;-0.95;175.3;0.08;862.46;90.86;26.11
09/21/2017 03:00;21.84;-0.95;235.3;0.06;862.15;78.39;23.93
09/21/2017 04:00;21.65;-0.98;187.06;0.11;861.81;72.3;21.55
09/21/2017 05:00;21.16;-0.74;162.21;0.16;861.93;75.61;22.29
09/21/2017 06:00;20.69;-0.2;161.16;0.25;862.11;73.56;21.57
09/21/2017 07:00;20.08;-0.01;169.11;0.39;862.25;98.59;24.91
09/21/2017 08:00;20.11;-0.55;159.38;0.3;862.46;104.27;30.62
09/21/2017 09:00;21.16;-0.18;162.63;0.2;862.43;104.9;27.81
09/21/2017 10:00;23.23;-0.11;166.38;0.19;862.47;108.67;23.91
09/21/2017 11:00;25.27;-0.28;151.94;0.25;862.46;100.41;21.85
09/21/2017 12:00;27.45;-0.47;171.22;0.26;862.33;97.82;21.46
09/21/2017 13:00;29.67;1.42;75.12;0.13;861.94;150.95;32.72
09/21/2017 14:00;30.38;2.05;357.92;0.18;861.33;153.02;35.6
09/21/2017 15:00;31.2;1.44;358.3;0.16;860.69;141.57;34.68
09/21/2017 16:00;31.45;0.94;348.71;0.14;860.14;143.03;33.25
09/21/2017 17:00;30.82;0.01;317.47;0.17;859.83;140.25;31.98
09/21/2017 18:00;30.13;-0.69;309.37;0.27;859.76;197.24;35.54
09/21/2017 19:00;28.68;-0.43;31.73;0.22;860.16;390.42;46.33
09/21/2017 20:00;27.37;0.57;350;0.34;860.63;104.9;26.63
09/21/2017 21:00;26.54;1.18;166.42;0.1;861.09;107.79;28.01
09/21/2017 22:00;25.48;1.93;184.4;0.12;861.26;71;19.36
09/21/2017 23:00;24.53;1.72;147.57;0.16;861.09;84.04;22.29
09/22/2017 00:00;23.31;0.92;166.63;0.11;860.75;96.19;28.14
09/22/2017 01:00;22.97;0.67;180.25;0.06;860.65;103.13;29.53
09/22/2017 02:00;22.83;0.62;142.95;0.2;860.57;92.36;27.12
09/22/2017 03:00;22.51;0.85;180.25;0.23;860.22;73.68;21.98
09/22/2017 04:00;21.68;0.85;159.85;0.24;860.16;62.49;20.53
09/22/2017 05:00;21.05;0.89;164.63;0.33;860.13;62.52;21.02
09/22/2017 06:00;20.58;1.22;160.69;0.38;860.21;63.27;21.37
09/22/2017 07:00;20.16;1.62;142.81;0.45;860.46;69.66;22.39
09/22/2017 08:00;20.56;2.29;142.38;0.31;860.67;74.82;23.13
09/22/2017 09:00;22.76;2.89;157.27;0.17;860.73;92.84;24.16
09/22/2017 10:00;25.19;2.56;157.09;0.19;860.81;78.32;21.04
09/22/2017 11:00;27.63;2.04;153.07;0.24;860.46;82.95;21.11
09/22/2017 12:00;29.04;1.2;101.23;0.14;859.97;92.2;23.18
09/22/2017 13:00;30.17;1.02;124.4;0.13;859.38;94.76;24.65
09/22/2017 14:00;30.54;1.3;325.19;0.26;858.84;114.48;27.77
09/22/2017 15:00;30.77;1.11;327.39;0.26;858.45;120.72;26.98
09/22/2017 16:00;30.33;0.4;93.38;0.12;858.17;113.22;26.28
09/22/2017 17:00;29.63;-0.5;137.19;0.2;857.88;167.58;31.34
09/22/2017 18:00;29.28;-0.32;161.88;0.12;857.77;104.44;26.28
09/22/2017 19:00;28.57;-1.07;168.8;0.14;857.77;168.87;32.86
09/22/2017 20:00;28.14;-1.23;168.28;0.12;858.09;113.65;26.2
09/22/2017 21:00;27.58;-0.64;186.9;0.08;858.59;101.99;27.18
09/22/2017 22:00;27.16;-1.24;128.32;0.32;858.84;98.16;25.84
09/22/2017 23:00;26.37;-1.08;171.87;0.12;858.81;106.51;28.64
09/23/2017 00:00;25.04;-1.08;197.59;0.16;858.79;106.61;28.2
09/23/2017 01:00;24.26;-1.12;180.98;0.12;858.82;99.33;27.14
09/23/2017 02:00;24.35;-1.32;180.57;0.22;858.86;94.38;25.2
09/23/2017 03:00;23.66;-0.98;161.05;0.25;859.04;89.57;24.03
09/23/2017 04:00;22.85;1.01;162.58;0.31;859.32;71.25;21.29
09/23/2017 05:00;22.34;2.38;162.77;0.31;859.44;64.41;19.83
09/23/2017 06:00;21.74;2.83;137.01;0.39;859.73;60.5;20.03
09/23/2017 07:00;21.39;3.3;173.7;0.13;860.04;69.39;22.69
09/23/2017 08:00;22.26;3.98;152.71;0.26;860.22;94.87;25.09
09/23/2017 09:00;24.18;4.46;158.72;0.32;860.64;85.73;22.08
09/23/2017 10:00;25.71;3.85;167.96;0.59;860.68;84.17;21.33
09/23/2017 11:00;28.57;2.44;140.47;0.15;860.69;85.56;21.64
09/23/2017 12:00;29.56;1.14;5.2;0.13;860.43;89.55;21.95
09/23/2017 13:00;29.89;2.25;309.2;0.44;860.18;118.27;26.73
09/23/2017 14:00;30.07;2.97;303.91;0.4;859.77;144.17;27.54
09/23/2017 15:00;30.68;-0.57;327.17;0.37;859.27;260.97;36.58
09/23/2017 16:00;30.56;-2.34;7.06;0.54;859.17;196.64;27.06
09/23/2017 17:00;29.66;-4.34;359.48;0.55;859.25;112.59;17.82
09/23/2017 18:00;28.7;-2.34;7.07;0.44;859.41;103.66;20.51
09/23/2017 19:00;27.38;0.2;8.31;0.16;859.76;108.88;25.41
09/23/2017 20:00;25.88;-0.04;104.35;0.31;860.07;146.11;33.26
09/23/2017 21:00;24.61;1.3;162.26;0.2;860.37;117.47;27.21
09/23/2017 22:00;23.6;7.86;164.12;0.27;860.64;58.41;19.15
09/23/2017 23:00;22.84;8.03;183.16;0.33;860.68;44.83;17.56
09/24/2017 00:00;21.81;9.11;174.88;0.27;861.07;40.57;18.15
09/24/2017 01:00;20.89;9.76;163.94;0.24;861.18;29.91;17.44
09/24/2017 02:00;20.25;10.15;154.29;0.33;861.24;40.61;16.85
09/24/2017 03:00;19.42;10.25;171.73;0.23;861.11;49.62;18.08
09/24/2017 04:00;18.83;10.03;157.47;0.28;861.17;41.04;18.2
09/24/2017 05:00;18.41;9.89;176.43;0.3;861.37;44.5;18.64
09/24/2017 06:00;18.16;9.8;170.35;0.18;861.67;40.84;19.11
09/24/2017 07:00;17.71;9.59;157.77;0.29;862.04;75.74;26.05
09/24/2017 08:00;18.55;9.43;156.03;0.29;862.57;61.45;23.82
09/24/2017 09:00;20.56;9.62;180.12;0.36;862.79;61.72;20.95
09/24/2017 10:00;22.89;8.95;162.77;0.59;862.9;60.99;20.16
09/24/2017 11:00;25.25;7.84;175.61;0.35;862.86;65.06;19.03
09/24/2017 12:00;27.08;4.29;176.68;0.15;862.57;74.38;17.35
09/24/2017 13:00;27.33;3.75;290.13;0.29;862.18;77.09;17.67
09/24/2017 14:00;28.35;3.42;315;0.24;861.74;85.89;18.92
09/24/2017 15:00;28.53;1.8;349.61;0.21;861.62;108.57;20.4
09/24/2017 16:00;27.89;1.14;335.59;0.23;861.47;103.14;20.45
09/24/2017 17:00;27.5;-1.79;358.18;0.24;861.54;96.72;19.38
09/24/2017 18:00;26.31;-2.51;359.64;0.15;861.72;94.43;18.8
09/24/2017 19:00;25.46;-3.88;26.38;0.07;861.85;103.21;19.97
09/24/2017 20:00;24.02;-1.52;126.43;0.37;862.24;108.05;23.98
09/24/2017 21:00;22.72;9.61;171.65;0.23;862.66;46.38;17.54
09/24/2017 22:00;21.26;10.5;176.06;0.36;862.89;46.95;17.35
09/24/2017 23:00;20.41;10.49;183.54;0.39;863.07;46.64;14.59
09/25/2017 00:00;19.89;10.48;167.43;0.21;863.17;37.31;14.46
09/25/2017 01:00;19.28;10.44;173.48;0.53;863.17;36.45;13.57
09/25/2017 02:00;18.72;10.54;181.51;0.58;862.92;41.04;13.47
09/25/2017 03:00;17.99;10.3;172.95;0.94;862.83;57.62;12
09/25/2017 04:00;17.42;10.61;169.12;0.99;862.92;27.05;9.14
09/25/2017 05:00;17.11;10.62;168.2;1;863.06;16.56;7.57
09/25/2017 06:00;16.94;10.65;177.05;0.6;863.47;18.23;8.67
09/25/2017 07:00;17.2;10.67;181.42;0.6;863.51;22.99;10.34
09/25/2017 08:00;18.21;10.65;172.03;0.43;863.84;32.29;11.32
09/25/2017 09:00;20.15;10.67;174.07;0.45;864.06;38.28;10.81
09/25/2017 10:00;21.54;10.56;178.33;0.63;864.03;39.95;9.7
09/25/2017 11:00;23.79;9.75;179.84;0.51;863.92;35.12;9.52
09/25/2017 12:00;25.76;6.15;162.23;0.18;863.62;44.63;10.76
09/25/2017 13:00;26.71;4.13;136.87;0.14;863.2;47.21;10.17
09/25/2017 14:00;27.38;3.55;344.55;0.15;862.72;74.07;14.16
09/25/2017 15:00;27.97;-2.16;7.64;0.25;862.14;84.11;14.55
09/25/2017 16:00;27.38;-2.41;15.49;0.29;861.81;89.86;15.04
09/25/2017 17:00;26.76;-3.2;84.47;0.33;861.62;73.63;13.56
09/25/2017 18:00;26.08;-3.77;41.63;0.23;861.68;62.88;12.79
09/25/2017 19:00;24.76;-0.74;132.85;0.13;861.91;76.6;15.18
09/25/2017 20:00;22.05;7.69;193.14;0.28;862.67;65.58;18.03
09/25/2017 21:00;20.53;8.44;188.91;0.25;863.51;53.02;18.11
09/25/2017 22:00;19.29;8.41;193.32;0.21;863.59;30.64;13.62
09/25/2017 23:00;18.76;7.73;204.28;0.27;864.19;24.35;11.66
09/26/2017 00:00;17.91;7.6;191.1;0.42;864.17;51.8;14.04
09/26/2017 01:00;17.32;7.92;177.14;0.31;863.76;33.41;10.69
09/26/2017 02:00;16.75;7.84;167.02;0.4;863.53;24.35;9.93
09/26/2017 03:00;16.2;7.41;155.5;0.32;863.35;20.16;9.48
09/26/2017 04:00;15.48;7.29;172.58;0.35;863.26;23.47;10.71
09/26/2017 05:00;15.01;6.8;176.54;0.28;863.42;20.95;9.46
09/26/2017 06:00;14.72;6.52;153.85;0.21;863.47;23.39;10.36
09/26/2017 07:00;14.44;6.44;150.73;0.3;863.7;29.63;12.13
09/26/2017 08:00;15.59;6.41;151.22;0.3;863.57;43.58;15.37
09/26/2017 09:00;17.85;6.36;174.17;0.28;863.69;39.44;13.09
09/26/2017 10:00;19.8;6.29;160.94;0.3;863.83;48.27;13.14
09/26/2017 11:00;22.3;6.01;163.95;0.16;863.63;84.84;18.39
09/26/2017 12:00;23.9;5.31;316.18;0.08;863.04;76.21;16.38
09/26/2017 13:00;25.47;5.29;46.42;0.11;862.44;80.21;17.87
09/26/2017 14:00;26.07;4.58;339.52;0.17;861.84;92.72;19.78
09/26/2017 15:00;26.15;1.94;337.59;0.16;861.34;96.05;20.97
09/26/2017 16:00;26.24;0.52;336.3;0.17;860.97;102.93;22.52
09/26/2017 17:00;25.65;0.4;334.8;0.13;860.77;111.37;25.72
09/26/2017 18:00;25.3;0.32;13.14;0.13;860.78;121.45;28.21
09/26/2017 19:00;25.14;1.6;82.24;0.24;861.07;127.23;28.88
09/26/2017 20:00;23.82;4.56;73.01;0.2;861.18;95.03;25.86
09/26/2017 21:00;21.32;7.15;86.44;0.09;861.97;387.73;55.96
09/26/2017 22:00;20.92;6.46;120.78;0.18;861.5;140.47;39.16
09/26/2017 23:00;20.94;5.76;175.33;0.15;861.21;143.19;37
09/27/2017 00:00;20.7;5.3;170.67;0.56;860.88;64.83;22.53
09/27/2017 01:00;19.85;6.39;172.22;0.44;860.59;47.62;17.94
09/27/2017 02:00;18.93;7.21;170.4;0.24;860.49;41.07;16.65
09/27/2017 03:00;17.97;7.37;165.56;0.28;860.37;30.57;14.49
09/27/2017 04:00;17.37;7.41;158.43;0.34;860.28;29.95;12.51
09/27/2017 05:00;16.82;7.39;154.01;0.37;860.23;27.94;12.12
09/27/2017 06:00;16.78;7.43;160.88;0.41;860.31;31.28;13.81
09/27/2017 07:00;16.43;7.31;162.57;0.35;860.42;35.72;14.64
09/27/2017 08:00;17.04;7.49;166.82;0.34;860.57;47.67;16.85
09/27/2017 09:00;19.33;7.61;162;0.32;860.61;54.04;16.14
09/27/2017 10:00;21.78;7.59;147.78;0.29;860.69;64.74;16.39
09/27/2017 11:00;24.23;6.3;146.23;0.11;860.46;94.38;21.3
09/27/2017 12:00;25.91;4.49;316.77;0.31;860.08;139.07;29.64
09/27/2017 13:00;27.62;3.1;321.83;0.38;859.4;153.71;30.38
09/27/2017 14:00;29.08;-1.74;357.46;0.39;858.72;206.41;26.8
09/27/2017 15:00;29.14;-4.24;354.24;0.48;858.29;154.26;21.29
09/27/2017 16:00;28.56;-4.95;40.25;0.4;857.73;146.96;20.7
09/27/2017 17:00;28.54;-6.38;78.72;0.52;857.16;147.97;19.43
09/27/2017 18:00;27.66;-6.47;101.52;0.77;857.08;169.67;22.35
09/27/2017 19:00;26.49;-6.14;107.02;1.34;857.21;200.11;23.8
09/27/2017 20:00;25.47;-4.8;108.18;1.57;857.48;144.77;19.39
09/27/2017 21:00;24.56;-3.68;106.83;1.57;857.87;132.67;18.91
09/27/2017 22:00;23.81;-3.84;110.29;1.48;858.11;106.36;19.29
09/27/2017 23:00;23.04;-4.11;109.42;1.25;858.33;68.22;15.02
09/28/2017 00:00;21.76;-3.38;101.71;0.29;858.61;60.86;14.69
09/28/2017 01:00;20.98;-3.02;106.31;0.5;858.8;62.51;15.46
09/28/2017 02:00;21.06;-2.24;106.29;0.95;858.86;60.86;15.44
09/28/2017 03:00;19.5;-0.99;10.32;0.1;858.96;80.47;20.64
09/28/2017 04:00;17.77;0.51;167.85;0.01;859.32;66.9;20.42
09/28/2017 05:00;15.94;3.78;170.34;0.14;859.55;29.51;9.07
09/28/2017 06:00;15.01;4.61;168;0.15;859.89;20.7;8.03
09/28/2017 07:00;14.39;5.2;147.59;0.19;860.33;33.78;9.15
09/28/2017 08:00;14.98;5.57;161.91;0.3;860.86;40.47;11.3
09/28/2017 09:00;17.09;5.13;175.16;0.36;861.12;86.02;17.76
09/28/2017 10:00;19.1;4.59;167.04;0.42;861.27;54.51;12.7
09/28/2017 11:00;21.65;3.61;154.1;0.38;860.99;68.49;14.94
09/28/2017 12:00;23.4;2.44;87.91;0.11;860.63;82.58;17.29
09/28/2017 13:00;24.7;2.85;12.63;0.2;860.15;81.79;18.03
09/28/2017 14:00;25.09;2.52;327.5;0.36;859.7;85.17;18.1
09/28/2017 15:00;25.54;0.81;344.54;0.31;859.5;78.21;16.24
09/28/2017 16:00;24.95;-0.75;321.06;0.31;859.25;77.02;16.39
09/28/2017 17:00;24.6;-0.9;316.6;0.2;858.81;71.8;16.53
09/28/2017 18:00;23.81;-0.26;320.39;0.12;858.81;66.59;16.91
09/28/2017 19:00;23.05;0.16;138.49;0.12;858.97;91.35;18.68
09/28/2017 20:00;19.8;3.84;167.71;0.93;859.71;128.72;17.46
09/28/2017 21:00;17.54;4.59;168.48;1.12;860.33;139.51;19.1
09/28/2017 22:00;15.88;4.99;171.39;1.25;860.95;73.89;14.02
09/28/2017 23:00;14.38;5.01;169.75;1.14;861.49;60.18;11.47
09/29/2017 00:00;13.09;4.72;173.59;0.93;861.93;42.72;8
09/29/2017 01:00;12.18;4.33;170.24;1.28;862.3;57.52;8.84
09/29/2017 02:00;11.71;3.83;167.42;1.24;862.53;52.22;7.78
09/29/2017 03:00;11.23;4;166.19;1.07;862.79;31.58;4.71
09/29/2017 04:00;10.83;3.96;169.17;0.97;863.11;16.28;3.34
09/29/2017 05:00;10.48;3.92;164.96;1.11;863.28;12.27;2.64
09/29/2017 06:00;10.43;3.97;168.78;1.04;863.4;18.02;3.17
09/29/2017 07:00;10.43;3.87;173.02;0.87;863.7;19.31;3.43
09/29/2017 08:00;11.17;3.63;171.48;0.98;863.98;31.51;4.6
09/29/2017 09:00;12.39;3.79;170.44;1.14;864.13;55.3;5.59
09/29/2017 10:00;14.13;3.97;172.95;1.08;864.16;41.38;5.88
09/29/2017 11:00;16.47;4.12;170.54;0.98;864.04;36.43;5.95
09/29/2017 12:00;18.17;4.23;177;0.92;863.63;34.86;5.66
09/29/2017 13:00;20.24;4.31;192.89;0.55;862.99;32.05;5.18
09/29/2017 14:00;21.73;4.22;203.81;0.5;862.35;34.2;5.79
09/29/2017 15:00;22.26;3.96;207.41;0.39;861.87;34.18;6.51
09/29/2017 16:00;21.93;3.79;219.88;0.39;861.39;37.18;7.73
09/29/2017 17:00;21.06;3.98;191.49;0.46;861.28;34.43;6.84
09/29/2017 18:00;19.34;4;168.28;0.92;861.16;36.28;6.94
09/29/2017 19:00;17.41;3.91;166.22;1.13;861.33;48.75;9.1
09/29/2017 20:00;15.67;3.81;168.28;1.26;861.59;53.21;10.43
09/29/2017 21:00;14.28;3.75;169.5;1.3;862.03;47.27;10.01
09/29/2017 22:00;13.24;3.78;169.82;1.27;862.23;43.24;9.32
09/29/2017 23:00;12.63;3.72;170.02;1.31;862.24;31.13;7.79
09/30/2017 00:00;12.25;3.58;171.44;1.1;862.21;27.3;7.87
09/30/2017 01:00;12.05;3.49;167.93;1.19;862.09;21.15;6.17
09/30/2017 02:00;11.91;3.49;170.47;0.98;862.03;18.17;5.57
09/30/2017 03:00;11.65;3.49;179.03;0.61;861.85;15.26;5.09
09/30/2017 04:00;11.56;3.53;180.98;0.28;861.97;12.28;4.48
09/30/2017 05:00;11.29;3.47;163.58;0.23;862.16;10.97;4.26
09/30/2017 06:00;10.89;3.44;165.38;0.24;862.39;10.67;4.29
09/30/2017 07:00;10.73;3.48;161.8;0.31;862.72;15.41;5.32
09/30/2017 08:00;11.19;3.58;152.2;0.31;863.16;14.42;5.3
09/30/2017 09:00;13.44;3.91;165.86;0.25;863.32;15.72;5.32
09/30/2017 10:00;15.59;4.15;174.26;0.28;863.04;18.75;5.87
09/30/2017 11:00;17.67;4.41;168.98;0.3;863.11;21.33;6.47
09/30/2017 12:00;18.82;4.66;18.93;0.1;863.12;52.32;13.23
09/30/2017 13:00;20.38;4.52;301.9;0.26;862.41;59.74;14.44
09/30/2017 14:00;20.81;4.06;79.67;0.07;861.48;65.47;14.58
09/30/2017 15:00;21.68;3.96;293.44;0.3;860.72;63.15;14.62
09/30/2017 16:00;21.87;3.66;310.4;0.29;860.21;59;14.94
09/30/2017 17:00;21.7;2.73;321.14;0.19;859.93;61.52;16.53
09/30/2017 18:00;21.14;2.57;40.53;0.04;859.87;61.15;17.12
09/30/2017 19:00;19.95;2.64;139.71;0.02;859.79;70.26;19.89
09/30/2017 20:00;18.53;2.67;118.35;0.09;859.86;85.87;24.75
09/30/2017 21:00;18.22;2.59;143.06;0.05;859.99;93.17;27.22
09/30/2017 22:00;17.94;2.72;205.3;0.04;859.73;81.81;26.33
09/30/2017 23:00;17.99;2.74;182.14;0.02;859.5;70.56;23.86
10/01/2017 00:00;17.56;2.7;206.46;0.03;859.24;58;21.04
10/01/2017 01:00;17.4;2.15;167.4;0.1;858.99;52.94;18.76
10/01/2017 02:00;17.29;1.78;153.81;0.22;858.82;52.26;18.66
10/01/2017 03:00;16.7;1.81;165.72;0.14;858.73;49.2;17.86
10/01/2017 04:00;15.98;1.92;144.83;0.19;858.71;41.06;16.71
10/01/2017 05:00;15.4;1.91;130.8;0.19;858.67;36.17;15.33
10/01/2017 06:00;14.55;2.31;248.92;0.01;858.75;37.61;15.97
10/01/2017 07:00;13.98;2.58;256.52;0.04;858.96;59.57;22.45
10/01/2017 08:00;14.98;2.8;227.28;0.04;859.23;43.04;19.78
10/01/2017 09:00;18.03;3.11;170.68;0.16;859.57;50.96;18.03
10/01/2017 10:00;20.39;3.38;333.68;0.07;859.77;60.58;16.81
10/01/2017 11:00;22.31;3.51;301.67;0.21;859.69;72.12;18.99
10/01/2017 12:00;23.95;2.57;328.83;0.37;859.35;77.68;20.03
10/01/2017 13:00;25.45;-1.42;342.35;0.53;858.97;104.33;16.99
10/01/2017 14:00;26.49;-4.37;352.28;0.48;858.39;104.02;16.31
10/01/2017 15:00;26.78;-5;353.53;0.46;857.97;123.5;20.85
10/01/2017 16:00;26.53;-5.24;10.68;0.52;857.72;135.2;18.09
10/01/2017 17:00;26.27;-4.23;35.8;0.31;857.48;132.47;18.39
10/01/2017 18:00;25.56;-4.27;85.11;0.5;857.48;138.67;20.55
10/01/2017 19:00;24.13;-4.52;90.15;0.43;857.72;123.42;19.61
10/01/2017 20:00;22.74;-6.34;100.09;0.35;858.25;119.16;18.34
10/01/2017 21:00;22.28;-5.76;110.62;0.82;858.72;99.26;16.42
10/01/2017 22:00;21.62;-6.73;111.11;1.29;858.78;104.97;15.94
10/01/2017 23:00;20.74;-5;109.11;0.75;858.97;103.19;18.96
10/02/2017 01:00;19.17;-3.36;99.21;0.4;859.12;84.5;19.77
10/02/2017 02:00;18.5;-2.03;92.94;0.3;859.39;79.06;19.85
10/02/2017 03:00;17.31;-1.2;3.4;0.09;859.38;73.42;20.37
10/02/2017 04:00;16.27;-1;16.71;0.06;859.33;71.1;19.55
10/02/2017 05:00;14.86;-0.18;71.45;0;859.17;63.99;18.89
10/02/2017 06:00;14.21;0.13;252.44;0.01;859.02;67.52;22.94
10/02/2017 07:00;13.98;0.67;207.99;0;859.1;112.62;35.09
10/02/2017 08:00;15.29;0.12;87.99;0.02;859.26;106.7;30.02
10/02/2017 09:00;18.04;0.08;95.96;0.11;859.57;112.37;24.49
10/02/2017 10:00;19.78;1.03;311.42;0.25;859.68;134.24;26.17
10/02/2017 11:00;21.5;1.64;326.29;0.33;859.36;136.2;25.02
10/02/2017 12:00;23.28;0.59;71.46;0.47;858.79;139.52;22.15
10/02/2017 13:00;23.75;-1.05;90.05;0.71;858;151.78;22.26
10/02/2017 14:00;24.7;-1.55;40.56;0.44;857.44;173.59;21.74
10/02/2017 15:00;24.71;-1.67;89.78;0.73;856.81;178.68;20.89
10/02/2017 16:00;24.29;-0.72;82.63;0.58;856.11;130.22;18.9
10/02/2017 17:00;23.87;0.31;107.92;1.3;855.64;215.07;23.67
10/02/2017 18:00;22.57;1.53;111.41;2.01;855.63;336.66;36.46
10/02/2017 19:00;21.43;1.68;110.58;2.04;855.83;256.62;32.32
10/02/2017 20:00;20.76;1.72;109.35;1.99;856.32;122;19.37
10/02/2017 21:00;20.18;1.99;110.9;1.76;856.91;76.84;15.98
10/02/2017 22:00;19.47;3.33;76.42;0.24;857.83;80.01;16.88
10/02/2017 23:00;16.67;6.8;310.44;0.4;858.69;56.44;16.35
10/03/2017 00:00;15.18;6.8;310.75;0.48;859.34;47.71;12.01
10/03/2017 01:00;14.15;6.54;283.15;0.31;859.76;19.85;6.91
10/03/2017 02:00;14.18;6.1;294.15;0.26;859.96;11.21;5.6
10/03/2017 03:00;14.15;5.45;315.92;0.18;859.93;6.54;3.99
10/03/2017 04:00;13.81;5.86;285.9;0.19;859.96;5.76;3.73
10/03/2017 05:00;13.72;5.16;98.96;0.14;859.84;5.01;3.93
10/03/2017 06:00;13.74;5.44;124.25;0.07;859.99;10.85;5.78
10/03/2017 07:00;13.89;5.19;326.14;0.17;860.14;58.84;10.37
10/03/2017 08:00;13.38;6.92;122.59;0.07;860.27;11.39;5.77
10/03/2017 09:00;14.6;6.07;107.14;0.28;860.61;31.62;10.29
10/03/2017 10:00;16.47;5.97;199.25;0.24;860.64;25.01;10.02
10/03/2017 11:00;18.3;6.08;177.74;0.29;860.44;23.52;9.55
10/03/2017 12:00;19.28;4.85;249.89;0.16;859.94;28.88;9.41
10/03/2017 13:00;20.36;4.53;309.52;0.16;859.29;41.36;13.28
10/03/2017 14:00;20.96;3.95;313.67;0.34;858.64;47.37;12.62
10/03/2017 15:00;20.4;3.92;338.78;0.36;858.05;49.27;12.61
10/03/2017 16:00;19.43;4.16;47.29;0.14;857.98;46.81;12.91
10/03/2017 17:00;19.27;4.23;174.8;0.03;857.89;48.44;12.52
10/03/2017 18:00;16.39;6.1;185.98;0.16;858.43;47.6;11.67
10/03/2017 19:00;13.07;7.92;181.63;0.41;859.39;13.2;7.84
10/03/2017 20:00;12.36;5.93;167.49;0.25;860.29;22.95;5.77
10/03/2017 21:00;11.91;5.25;156.56;0.31;861.13;18.44;5.35
10/03/2017 22:00;11.41;4;181.01;0.3;861.28;13.31;3.63
10/03/2017 23:00;10.75;3.4;178.28;0.31;861.33;7.54;2.11
10/04/2017 00:00;9.96;3.59;172.95;0.4;861.49;6.75;1.73
10/04/2017 01:00;9.07;3.68;175.1;0.56;860.74;2.6;1.17
10/04/2017 02:00;9.16;2.91;199.02;0.4;861.41;1.63;0.89
10/04/2017 03:00;8.98;2.58;180.35;0.47;861.83;1.22;0.61
10/04/2017 04:00;8.74;1.54;176.7;0.5;861.83;0.93;0.4
10/04/2017 05:00;8.39;1.48;179.47;0.6;861.82;0.95;0.52
10/04/2017 06:00;7.94;1.45;185.79;0.62;861.98;3.74;1.3
10/04/2017 07:00;6.94;2.46;185.5;0.59;862.15;1.41;0.9
10/04/2017 08:00;7.53;2.16;177.84;0.86;862.4;8.22;1.95
10/04/2017 09:00;7.98;1.96;177.79;1.29;862.58;11;2.21
10/04/2017 10:00;8.81;1.56;171.11;1.26;862.48;15.88;2.73
10/04/2017 11:00;9.92;1.55;177.13;1.23;862.36;26.89;3.51
10/04/2017 12:00;9.97;1.42;178.24;1.49;862.27;25.5;3.69
10/04/2017 13:00;9.96;1.72;181.8;1.19;861.96;21.26;3.96
10/04/2017 14:00;8.79;2.95;178.29;1.06;861.83;9.36;3.3
10/04/2017 15:00;8.61;1.57;180.15;0.86;861.88;15.14;3.34
10/04/2017 16:00;8.53;0.94;170.73;1.11;862.16;15.15;2.9
10/04/2017 17:00;8.03;0.52;174.46;1.33;861.79;15.57;2.47
10/04/2017 18:00;7.84;0.47;183.84;0.75;861.8;16.8;3.01
10/04/2017 19:00;7.64;0.09;190.59;0.82;861.64;13.94;2.55
10/04/2017 20:00;7.34;0.38;207.57;0.35;863.23;11.79;2.74
10/04/2017 21:00;5.41;2.14;176.96;0.51;864.08;1.97;1.59
10/04/2017 22:00;4.72;1.94;189.03;0.52;864.32;1.4;1.23
10/04/2017 23:00;4.37;2.07;175.24;0.36;864.79;1.4;1.13
10/05/2017 00:00;3.85;1.99;195.09;0.19;864.33;1.64;1.29
10/05/2017 01:00;3.26;1.52;183.1;0.41;864.56;1.05;0.84
10/05/2017 02:00;3.25;1.31;181.68;0.38;864.66;0.5;0.46
10/05/2017 03:00;3.7;1.48;174.72;0.43;864.58;0.46;0.42
10/05/2017 04:00;4.49;1.82;178.16;0.37;864.52;0.45;0.41
10/05/2017 05:00;4.81;1.62;185.63;0.29;864.37;0.4;0.33
10/05/2017 06:00;5.23;1.18;171.58;0.15;864.25;1.78;0.91
10/05/2017 07:00;5.53;0.8;185.25;0.3;864.36;6.7;1.48
10/05/2017 08:00;6.06;0.73;179.19;0.26;864.46;16.75;3.53
10/05/2017 09:00;7.06;1.14;187.35;0.38;864.77;13.63;3.74
10/05/2017 10:00;8.92;1.5;187.24;0.58;864.66;14.37;3.07
10/05/2017 11:00;10.07;1.18;183.93;0.71;864.41;16.1;3.3
10/05/2017 12:00;11.07;0.93;194.51;0.61;864.15;15.83;3.22
10/05/2017 13:00;11.97;0.69;178.91;0.76;863.56;12.27;3.12
10/05/2017 14:00;12.76;0.99;178.67;0.68;863.05;17.64;4.67
10/05/2017 15:00;12.85;1.14;188.06;0.58;862.75;12.75;3.54
10/05/2017 16:00;11.98;1.45;174.33;0.67;862.49;11.41;3.83
10/05/2017 17:00;11.52;1.4;188.57;0.52;862.41;9.82;4.03
10/05/2017 18:00;10.97;1.41;183.71;0.36;862.4;13.05;4.44
10/05/2017 19:00;10.14;1.12;181.97;0.34;862.64;10.61;3.69
10/05/2017 20:00;9.36;0.71;166.71;0.3;862.94;11;3.94
10/05/2017 21:00;8.66;0.53;148.77;0.19;862.96;15.98;5.36
10/05/2017 22:00;8.07;0.36;183.85;0.21;862.99;11.47;4.75
10/05/2017 23:00;7.75;0.45;183.94;0.13;862.81;10.51;5.17
10/06/2017 00:00;7.17;0.52;177.83;0.17;862.55;9.36;5.21
10/06/2017 01:00;6.72;0.76;163.94;0.22;862.24;11.69;7.45
10/06/2017 02:00;6.38;0.89;152.26;0.25;862.11;13.15;10.54
10/06/2017 03:00;6.13;0.86;145.62;0.27;861.97;13.66;10.89
10/06/2017 04:00;5.83;0.78;161.01;0.3;861.8;11.97;10.33
10/06/2017 05:00;5.69;0.56;154.09;0.28;861.59;10.41;8.97
10/06/2017 06:00;5.54;0.25;144.09;0.42;861.76;9.19;8.19
10/06/2017 07:00;5.27;0.19;160.63;0.32;861.93;11.55;9.46
10/06/2017 08:00;5.75;0.39;145.88;0.33;862.09;17.21;11.71
10/06/2017 09:00;7.64;0.68;158.66;0.34;862.39;20.91;12.59
10/06/2017 10:00;9.99;0.7;169.52;0.39;862.54;19.77;10.84
10/06/2017 11:00;12.04;1.05;167.83;0.37;862.51;19.79;10.16
10/06/2017 12:00;14.5;0.22;126.74;0.38;862.18;24.09;10.1
10/06/2017 13:00;15.6;-0.95;119.28;0.23;861.65;20.95;9.95
10/06/2017 14:00;16.18;-1.1;342.55;0.08;860.98;29.95;15.39
10/06/2017 15:00;16.64;-0.25;156.11;0.18;860.54;46.08;21.35
10/06/2017 16:00;15.76;0.47;339.18;0.21;860.46;53.61;28.54
10/06/2017 17:00;15.52;1.22;323.6;0.17;860.39;59.45;33.85
10/06/2017 18:00;14.75;1.66;310.98;0.1;860.36;61.94;34.85
10/06/2017 19:00;13.73;1.86;32.32;0;860.5;63.22;36.72
10/06/2017 20:00;12.87;2.74;118.02;0.17;860.84;67.89;42.76
10/06/2017 21:00;12;3.06;109.84;0.2;861.08;78.56;41.63
10/06/2017 22:00;11.86;3.22;189.09;0.08;861.17;81.97;43.78
10/06/2017 23:00;11.32;3.14;222.11;0.08;861.12;74.67;42.41
10/07/2017 00:00;10.8;3.03;239.08;0.05;860.97;56.61;33.6
10/07/2017 01:00;10.23;2.8;226.3;0.04;861.02;47.72;30.8
10/07/2017 02:00;9.52;2.67;231.39;0.02;861.19;45.11;28.57
10/07/2017 03:00;9.02;2.24;243.34;0.01;861.22;39.77;24.05
10/07/2017 04:00;8.97;1.56;254.31;0.04;861.38;30.57;18
10/07/2017 05:00;8.8;1.15;233.06;0.02;861.45;29.63;16.21
10/07/2017 06:00;8.55;1.18;184.89;0.04;861.68;37;18.83
10/07/2017 07:00;8.52;1.09;172.93;0.06;861.95;52.65;23.11
10/07/2017 08:00;9.33;1.19;156.91;0.13;862.31;76.34;30.11
10/07/2017 09:00;11.51;1.51;153.48;0.1;862.53;74.03;34.66
10/07/2017 10:00;14.49;1.98;295.61;0.17;862.83;74.99;37.07
10/07/2017 11:00;15.91;2.29;18.44;0.13;862.89;79.94;36.7
10/07/2017 12:00;17.07;2.46;311.12;0.33;862.63;79.33;39.62
10/07/2017 13:00;18.44;2.19;325;0.33;862.06;71.83;28.56
10/07/2017 14:00;19.31;1.31;326.82;0.27;861.48;68.47;24.25
10/07/2017 15:00;19.42;0.36;321.2;0.29;860.91;65.34;23.52
10/07/2017 16:00;18.92;-1.26;321.21;0.32;860.65;64.81;20.39
10/07/2017 17:00;18.63;-2.46;347.17;0.32;860.5;61.23;16.4
10/07/2017 18:00;18.28;-2.79;22.51;0.25;860.55;70.05;18.21
10/07/2017 19:00;17.02;-2.17;38.27;0.07;860.65;71.86;21.46
10/07/2017 20:00;15.37;-1.62;112.05;0.16;860.98;97.37;29.83
10/07/2017 21:00;14.22;-0.79;119.55;0.13;861.19;92.45;28.82
10/07/2017 22:00;13.56;-0.59;172.43;0.11;861.45;66.77;23.34
10/07/2017 23:00;12.81;-0.8;204.71;0.12;861.47;59.75;23.4
10/08/2017 00:00;12.46;-1.21;203.5;0.15;861.34;43.58;19.4
10/08/2017 01:00;12.18;-1.38;180.35;0.16;861.23;39.12;18.79
10/08/2017 02:00;11.71;-1.37;182.63;0.07;861.09;30.06;15.95
10/08/2017 03:00;11.49;-1.63;165.9;0.1;860.76;31.17;16.84
10/08/2017 04:00;11;-1.48;170.82;0.13;860.55;28.26;16.09
10/08/2017 05:00;10.64;-0.9;167.51;0.2;860.59;25.95;15.52
10/08/2017 06:00;10.26;-0.68;160.31;0.22;860.68;27.14;16.54
10/08/2017 07:00;10.12;-1.12;169.51;0.2;860.93;34.26;19.44
10/08/2017 08:00;11.01;-1.53;174.18;0.11;861.24;54.51;26.22
10/08/2017 09:00;12.99;-0.76;152.49;0.2;861.56;64.23;27.02
10/08/2017 10:00;16.4;-1.2;138.3;0.19;861.65;70.71;22.49
10/08/2017 11:00;18.36;-1.42;325.78;0.11;861.58;76.4;24.88
10/08/2017 12:00;19.53;-0.69;317.34;0.17;861.18;89.17;32.82
10/08/2017 13:00;21;-1.21;344.45;0.2;860.59;82.01;24.6
10/08/2017 14:00;21.53;-1.09;316.65;0.33;859.93;94.15;24.1
10/08/2017 15:00;21.47;-0.84;331.19;0.27;859.49;104.51;26.03
10/08/2017 16:00;21.05;-0.84;338.91;0.22;859.05;123.65;29.43
10/08/2017 17:00;20.86;-0.61;325.77;0.24;858.7;128.21;28.85
10/08/2017 18:00;20.12;-0.58;4.79;0.13;858.64;114.9;28.55
10/08/2017 19:00;18.67;-0.1;110.89;0.03;858.69;129.55;32.76
10/08/2017 20:00;17.3;0.41;107.44;0.56;858.94;177.51;51.78
10/08/2017 21:00;16.44;0.87;135.94;0.05;859.24;161.32;43.87
10/08/2017 22:00;15.95;1.3;221.04;0.04;859.44;125.36;41.05
10/08/2017 23:00;15.04;1.29;248.19;0.07;859.52;110.57;41.07
10/09/2017 00:00;14.56;1.04;179.51;0.06;859.42;93.61;38.34
10/09/2017 01:00;13.39;1.52;186.35;0.01;859.24;115.12;41.97
10/09/2017 02:00;12.51;1.65;162.11;0.02;859.13;75.26;34.46
10/09/2017 03:00;11.56;1.67;178.19;0;858.94;75.38;30.15
10/09/2017 04:00;11.22;1.97;204.15;0.01;858.84;70.85;28.3
10/09/2017 05:00;11.24;1.66;219.02;0;858.84;68.65;26.86
10/09/2017 06:00;11.5;0.93;192.09;0.02;858.89;77.69;27.54
10/09/2017 07:00;11.4;0.98;182.49;0.02;858.94;101.67;32.52
10/09/2017 08:00;12.61;0.82;166.53;0.11;859.24;103.27;37.69
10/09/2017 09:00;14.68;0.88;151.53;0.12;859.5;90.95;36.69
10/09/2017 10:00;17.59;0.63;110.04;0.05;859.7;105.38;34.17
10/09/2017 11:00;19.68;1;327.98;0.22;859.83;123.06;35.44
10/09/2017 12:00;20.52;0.76;312.69;0.3;859.65;119.12;32.21
10/09/2017 13:00;21.52;0.12;25.33;0.28;859.3;112.59;27.07
10/09/2017 14:00;22.89;-0.69;356.64;0.21;858.79;94.23;22.79
10/09/2017 15:00;22.83;-0.64;4.87;0.26;858.57;108.57;23.45
10/09/2017 16:00;22.18;-0.96;8.06;0.25;858.44;81.52;21.3
10/09/2017 17:00;21.97;-1.1;20.09;0.27;858.36;90.15;23.11
10/09/2017 18:00;21.31;-1.08;2.29;0.15;858.55;98.01;25.98
10/09/2017 19:00;20.18;-0.29;57.77;0.05;858.87;123.07;32.66
10/09/2017 20:00;19;0.02;111.01;0.5;859.3;97.65;30.12
10/09/2017 21:00;19.04;0.9;109.81;0.95;859.75;68.32;24.42
10/09/2017 22:00;18.47;1.04;109.58;0.86;860.07;60.82;24.41
10/09/2017 23:00;18.09;0.68;110.65;0.6;860.08;61.82;25.26
10/10/2017 00:00;17.75;0.37;110.3;0.53;860.14;66.09;26.13
10/10/2017 01:00;15.39;0.84;103.45;0.01;860.12;74.03;29.24
10/10/2017 02:00;14.66;1.87;265.17;0.01;860.25;72.68;34.39
10/10/2017 03:00;13.67;2.61;143.71;0.01;860.39;53.94;31.36
10/10/2017 04:00;13.83;1.92;207.06;0.02;860.4;50.04;29.89
10/10/2017 05:00;14.32;0.88;179.15;0.09;860.44;54.37;28.87
10/10/2017 06:00;13.89;0.68;165.75;0.12;860.39;57.38;27.87
10/10/2017 07:00;13.39;0.25;158.04;0.35;860.31;74.45;30.68
10/10/2017 08:00;14.08;0.33;164.4;0.27;860.49;71.95;30.04
10/10/2017 09:00;15.79;0.79;182.95;0.1;860.72;114.23;34.52
10/10/2017 10:00;18.48;1.27;167.04;0.24;860.62;102.07;30.29
10/10/2017 11:00;21.82;1.47;169.1;0.42;860.34;96.07;26.57
10/10/2017 12:00;22.7;1.71;91.76;0.14;860;104.52;28.69
10/10/2017 13:00;23.2;1.8;11.9;0.18;859.53;126.88;30.04
10/10/2017 14:00;25.12;-0.79;92.14;0.74;858.9;153.05;25.82
10/10/2017 15:00;24.44;-0.45;50.7;0.35;858.32;125.9;24.78
10/10/2017 16:00;24.57;-0.73;60.13;0.48;858.11;263.18;34.14
10/10/2017 17:00;23.71;-1.85;62.99;0.47;858.05;132.18;24.77
10/10/2017 18:00;22.52;-1.32;60.6;0.35;858.18;100.02;23.88
10/10/2017 19:00;21.11;-1.15;106.13;0.3;858.39;75.73;21.86
10/10/2017 20:00;19.23;-0.14;115.49;0.06;858.78;74.76;23.19
10/10/2017 21:00;18.01;-0.07;144.18;0.01;859.02;82.73;25.72
10/10/2017 22:00;16.86;1.11;147.7;0.01;859.17;92.67;30.86
10/10/2017 23:00;16.62;2.16;122.28;0.02;859.22;97.4;36.21
10/11/2017 00:00;15.96;2.92;129.55;0.08;859.1;79.49;33.68
10/11/2017 01:00;14.64;3.25;120.85;0.05;858.98;65.53;30.74
10/11/2017 02:00;14.27;3.65;142.09;0.03;859.16;86.82;34
10/11/2017 03:00;14.07;3.61;135.71;0.03;859.14;77.77;31.55
10/11/2017 04:00;13.85;3.61;144.72;0.05;859.13;61.64;27.02
10/11/2017 05:00;13.51;3.62;152.39;0.04;859.32;60.59;25.6
10/11/2017 06:00;12.8;3.8;196.76;0.02;859.46;63.54;26.26
10/11/2017 07:00;12.93;3.7;218.73;0.01;859.56;75.91;28.79
10/11/2017 08:00;14.08;3.28;179.81;0.07;859.88;94.66;35.57
10/11/2017 09:00;15.77;3.46;175.63;0.12;860.1;76.43;33.09
10/11/2017 10:00;18.41;3.76;100.15;0.06;860.05;81.1;29.22
10/11/2017 11:00;20.25;3.92;329.35;0.25;860.02;101.11;30.99
10/11/2017 12:00;21.22;4.09;326.73;0.24;859.71;105.7;30.13
10/11/2017 13:00;22.11;4.17;6.12;0.15;859.2;99.85;29.22
10/11/2017 14:00;22.57;3.79;331;0.13;858.58;97.29;27.94
10/11/2017 15:00;22.85;3.56;311.78;0.24;858.26;101.39;27.25
10/11/2017 16:00;22.1;2.39;354.59;0.26;858.13;82.67;22.84
10/11/2017 17:00;21.78;1.39;347.62;0.14;858.04;81.53;21.95
10/11/2017 18:00;21.27;0.08;12.17;0.05;857.99;73.67;20.21
10/11/2017 19:00;20.66;-0.54;162.29;0.04;858.07;74.1;19.35
10/11/2017 20:00;18.97;5.59;159.33;0.3;858.68;65.69;24.95
10/11/2017 21:00;17.16;7.04;170.33;0.32;859.46;59.18;27.9
10/11/2017 22:00;16.02;6.87;174.17;0.49;859.97;55.77;27.03
10/11/2017 23:00;15.12;6.97;181.06;0.2;860.35;44.27;25.21
10/12/2017 00:00;14.4;7.03;133.15;0.14;860.53;38.05;22.75
10/12/2017 01:00;13.44;6.96;155.36;0.22;860.53;29.38;19.49
10/12/2017 02:00;13.14;6.97;163.65;0.24;860.65;27.57;19.18
10/12/2017 03:00;12.68;6.79;182.03;0.24;860.87;29.32;21.5
10/12/2017 04:00;12.34;6.64;177.91;0.58;860.74;28.26;19.07
10/12/2017 05:00;11.92;6.54;182.1;0.48;860.81;26.68;17.92
10/12/2017 06:00;11.51;6;178.81;0.66;861;22.22;14.52
10/12/2017 07:00;11.33;5.97;174.65;0.65;861.17;24.24;15.68
10/12/2017 08:00;11.88;6;174.13;0.75;861.43;31.34;16.53
10/12/2017 09:00;12.88;5.97;176.62;0.79;861.92;32.62;16.89
10/12/2017 10:00;14.61;6.63;178.71;0.7;862.21;33.28;16.42
10/12/2017 11:00;17.15;6.44;181.98;0.6;862.11;32.3;15.49
10/12/2017 12:00;18.68;5.93;183.95;0.43;861.93;37.39;15.83
10/12/2017 13:00;19.89;4.1;147.61;0.16;861.37;51.48;16.16
10/12/2017 14:00;20.88;4.1;118.15;0.15;860.67;57.64;17.56
10/12/2017 15:00;19.83;4.09;312.36;0.14;860.57;64.86;21.57
10/12/2017 16:00;19.45;4.25;300.53;0.17;860.38;83.43;28.78
10/12/2017 17:00;19.67;3.97;347.93;0.18;860.4;101.58;30.15
10/12/2017 18:00;19.08;1.45;349.94;0.18;860.44;58.94;18.62
10/12/2017 19:00;18.05;0.94;56.1;0.03;860.51;76.85;22.77
10/12/2017 20:00;16.51;1.02;105.25;0.37;860.68;100.32;31.6
10/12/2017 21:00;15.55;1.17;143.46;0.1;860.92;89.74;28.32
10/12/2017 22:00;15.4;3.56;162.31;0.19;860.98;53.25;26.89
10/12/2017 23:00;14.56;4.94;169.97;0.21;861.05;39.58;20.28
10/13/2017 00:00;14.05;5.32;189.58;0.16;861.21;38.3;20.14
10/13/2017 01:00;13.48;5.52;199.2;0.13;861.47;32.96;19.64
10/13/2017 02:00;12.95;5.49;175.53;0.2;861.53;28.71;18.85
10/13/2017 03:00;12.35;5.4;167.43;0.15;861.53;28.24;18.91
10/13/2017 04:00;11.98;5.55;175.85;0.17;861.52;26.22;18.9
10/13/2017 05:00;11.65;5.67;205.55;0.05;861.87;25.43;18.33
10/13/2017 06:00;11.03;5.53;148.48;0.07;862.33;28.82;19.63
10/13/2017 07:00;10.59;5.17;190;0.04;862.65;35.3;21.21
10/13/2017 08:00;11.15;4.89;159.73;0.08;863.11;51.52;24.53
10/13/2017 09:00;12.46;5.63;196.47;0.13;863.5;57.68;25.43
10/13/2017 10:00;14.03;6.03;162.48;0.33;863.67;37.39;19.43
10/13/2017 11:00;16.7;5.66;190.1;0.2;863.24;39.08;19.09
10/13/2017 12:00;17.94;5.04;223.79;0.13;862.69;34.48;19.25
10/13/2017 13:00;17.99;4.96;79.74;0.12;862.11;44.56;23.48
10/13/2017 14:00;18.72;3.59;347.93;0.07;861.32;46.64;21.51
10/13/2017 15:00;18.9;3.83;310.46;0.33;861.19;44.39;19.26
10/13/2017 16:00;18.26;3.34;315.57;0.33;861.11;42.64;17.53
10/13/2017 17:00;17.86;2.79;327.66;0.29;861.14;39.12;16.31
10/13/2017 18:00;16.9;3.57;321.97;0.34;861.49;39.49;16.53
10/13/2017 19:00;16.15;3.41;325.86;0.11;861.78;26.31;15.47
10/13/2017 20:00;15.12;4.37;177.25;0.23;862.04;20.39;13.65
10/13/2017 21:00;13.83;4.52;186.72;0.22;862.26;24.17;11.91
10/13/2017 22:00;13.23;4.36;162.96;0.24;862.42;19.47;11.28
10/13/2017 23:00;12.75;4.42;176.8;0.37;862.37;21.03;11.8
10/14/2017 00:00;12.02;4.41;173.94;0.24;862.23;16.95;11.26
10/14/2017 01:00;11.59;4.31;161.13;0.17;862.18;14.27;10.36
10/14/2017 02:00;11.02;4.36;157.92;0.28;862.05;14.53;11.19
10/14/2017 03:00;10.59;4.38;161.86;0.16;861.81;14.69;11.98
10/14/2017 04:00;10.18;4.21;156.52;0.25;861.67;14.36;12.29
10/14/2017 05:00;9.77;4.08;148.77;0.32;861.73;15.38;13.18
10/14/2017 06:00;9.35;3.36;149.79;0.28;861.78;17.42;14.16
10/14/2017 07:00;9.15;2.96;153.15;0.32;861.89;64.19;20.58
10/14/2017 08:00;9.6;3.32;161.75;0.3;862.01;34.74;20.02
10/14/2017 09:00;10.88;3.82;155.44;0.28;862.07;38.27;19
10/14/2017 10:00;13.01;3.81;163.36;0.32;862.05;43.45;18.08
10/14/2017 11:00;16.14;2.85;147.94;0.2;861.6;41.88;17.28
10/14/2017 12:00;17.97;2.16;102.76;0.21;860.93;54;19.86
10/14/2017 13:00;18.55;1.83;315.13;0.13;860.22;70.49;26.84
10/14/2017 14:00;19.47;1.84;15.77;0.21;859.47;75.62;24.51
10/14/2017 15:00;19.51;1.33;30.37;0.11;858.92;62.55;21.33
10/14/2017 16:00;19.07;-0.99;349.96;0.31;858.47;51.74;16.03
10/14/2017 17:00;-9999;-9999;-9999;-9999;-9999;-9999;-9999
10/14/2017 18:00;18.25;-4.29;350.15;0.27;858.28;61.27;16.97
10/14/2017 19:00;17.25;-3.33;19.68;0.06;858.35;73.04;20.22
10/14/2017 20:00;15.76;-3.21;108.61;0.46;858.55;129.41;35.24
10/14/2017 21:00;14.42;-3.24;128.44;0.24;858.64;103.26;30.63
10/14/2017 22:00;13.69;-3.49;181.45;0.24;858.75;80.01;24.22
10/14/2017 23:00;13.13;-3.69;184.76;0.15;858.84;66.52;21.05
10/15/2017 00:00;12.77;-4.13;193.24;0.07;858.85;56.86;19.67
10/15/2017 01:00;12.32;-4.42;237.35;0.06;858.71;44.33;16.45
10/15/2017 02:00;11.51;-4.24;218.14;0.06;858.62;39.01;14.14
10/15/2017 03:00;11.14;-3.74;193.83;0.06;858.46;36.27;14.59
10/15/2017 04:00;10.91;-3.59;177.63;0.05;858.48;34.12;14.9
10/15/2017 05:00;10.21;-3.03;245.24;0.01;858.87;29.33;13.14
10/15/2017 06:00;9.56;-2.1;213.29;0;859.11;27.66;14.31
10/15/2017 07:00;9.59;-1.61;203.9;0.01;859.38;127.36;36.9
10/15/2017 08:00;10.62;-1.19;144.47;0.07;859.88;59.78;27.44
10/15/2017 09:00;12.56;-1.11;87.87;0.08;860.35;66.63;30.06
10/15/2017 10:00;15.09;-0.4;310.3;0.21;860.41;84.67;30.21
10/15/2017 11:00;17.43;-0.46;323.93;0.22;860.41;105.86;32.69
10/15/2017 12:00;18.78;-1.46;344.01;0.16;860.13;71.86;20.87
10/15/2017 13:00;20.16;-2.43;59.82;0.28;859.73;85.21;19.79
10/15/2017 14:00;20.68;-3.61;77.86;0.45;859.35;125.49;16.56
10/15/2017 15:00;20.53;-4.57;47.47;0.4;859.16;85.45;14.71
10/15/2017 16:00;19.97;-4.4;65.18;0.41;858.84;70.96;13.29
10/15/2017 17:00;19.28;-4.19;71.64;0.29;858.79;61.41;16.69
10/15/2017 18:00;18.73;-3.84;4.94;0.22;858.91;69.6;18.24
10/15/2017 19:00;17.35;-2.08;343.98;0.08;859.24;101.66;31.58
10/15/2017 20:00;16.65;-2.15;304.56;0.04;859.47;93.91;28.03
10/15/2017 21:00;15.45;-1.27;6.39;0.04;859.9;49.36;16.26
10/15/2017 22:00;14.88;-0.67;304.94;0.05;860.1;49.49;16.35
10/15/2017 23:00;13.62;-0.23;137.27;0.08;860.28;64.18;23.48
10/16/2017 00:00;12.18;-0.57;135.09;0.03;860.15;57.03;21.95
10/16/2017 01:00;11.47;-0.3;129.17;0.05;859.8;51.7;25.43
10/16/2017 02:00;10.56;-0.62;121.2;0.06;859.47;29.61;15.11
10/16/2017 03:00;9.9;-0.47;161.25;0.04;859.11;33.5;17.62
10/16/2017 04:00;9.32;-0.73;126.54;0.02;858.77;32.12;13.66
10/16/2017 05:00;8.8;-0.73;175.8;0.02;858.46;34.01;16.54
10/16/2017 06:00;8.7;-0.65;207.41;0.01;858.23;30.68;13.95
10/16/2017 07:00;8.29;-0.48;157.71;0.06;858.2;71.69;22.52
10/16/2017 08:00;9.47;-0.92;120.23;0.19;858.18;110.41;31.55
10/16/2017 09:00;11.28;-1.5;16.01;0.09;858;48.26;19.14
10/16/2017 10:00;13.57;-1.48;324.82;0.19;857.57;51.65;15.35
10/16/2017 11:00;16.39;-1.02;343.61;0.21;856.74;78.42;24.34
10/16/2017 12:00;17.41;-0.56;326.75;0.38;856.01;91.18;24.57
10/16/2017 13:00;19.42;-1.7;351.52;0.42;855.25;118.77;23.15
10/16/2017 14:00;20.39;-4.42;12.87;0.44;854.27;264.2;31.59
10/16/2017 15:00;20.73;-6.03;44.86;0.36;853.46;153.29;21.36
10/16/2017 16:00;20.6;-7.36;12.96;0.57;852.88;158.78;19.03
10/16/2017 17:00;20.53;-8.53;34.68;0.45;852.58;116.29;16.81
10/16/2017 18:00;19.94;-9.01;75.94;0.46;852.86;156.27;20.69
10/16/2017 19:00;18.91;-7.76;110.35;1.32;853.26;203.61;23.87
10/16/2017 20:00;18.23;-7.48;111.31;1.56;853.61;198.55;22.01
10/16/2017 21:00;16.31;-2.14;52.6;0.22;854.64;389.14;46.06
10/16/2017 22:00;12.51;2.4;327.53;0.43;856.19;145.8;18.19
10/16/2017 23:00;9.86;4.36;335.75;0.29;857.86;22.35;6.06
10/17/2017 00:00;8.39;3.25;359.92;0.12;858.46;7.62;3.26
10/17/2017 04:00;6.42;-4.03;20.69;0.04;859.76;7.06;2.91
10/17/2017 05:00;6.43;-4.38;107.19;0.16;859.97;7.26;2.92
10/17/2017 06:00;6.19;-4.47;101.95;0.1;860.57;13.17;5.79
10/17/2017 07:00;6.55;-5.86;333.85;0.1;861.25;38.42;12.57
10/17/2017 08:00;6.82;-5.85;343.85;0.16;862.18;40.56;13.56
10/17/2017 09:00;7.46;-6.51;293.21;0.23;862.95;25.79;8
10/17/2017 10:00;11.13;-7.87;329.49;0.3;863.3;23.9;4.92
10/17/2017 11:00;11.1;-8.07;320.44;0.49;863.32;40.91;5.66
10/17/2017 12:00;11.91;-7.36;314.18;0.44;863.48;35.6;5.84
10/17/2017 13:00;13.06;-7.27;324.51;0.35;863.09;42.95;7.35
10/17/2017 14:00;13.69;-7.37;327.83;0.37;862.72;40.58;6.34
10/17/2017 15:00;13.45;-7.41;322.89;0.36;862.62;35.89;6.56
10/17/2017 16:00;12.87;-7.42;321.15;0.35;862.75;40.01;6.38
10/17/2017 17:00;13.06;-6.22;326.3;0.48;862.78;47.6;6.8
10/17/2017 18:00;12.46;-5.37;318.49;0.37;862.97;50.23;9.36
10/17/2017 19:00;12.03;-5;350.05;0.16;863.44;51.43;12.86
10/17/2017 20:00;11.61;-4.91;60.46;0.16;863.97;43.41;11.57
10/17/2017 21:00;11.23;-4.73;346.68;0.12;864.09;41.39;10.51
10/17/2017 22:00;9.97;-4.01;124.01;0.12;864.33;50.2;16.31
10/17/2017 23:00;8.9;-3.22;116.71;0.17;864.53;36.34;14.41
10/18/2017 00:00;8.31;-3.09;117.08;0.16;864.64;27.4;9.92
10/18/2017 01:00;8.12;-2.65;115.95;0.09;864.71;24.8;11.07
10/18/2017 02:00;7.5;-2.39;128.77;0.07;864.82;33.59;17.01
10/18/2017 03:00;7.09;-2.39;131.46;0.08;864.88;20.97;7.75
10/18/2017 04:00;6.83;-1.98;138.32;0.06;864.87;12.94;4.41
10/18/2017 05:00;6.78;-1.79;223.92;0.02;865.01;11.56;3.76
10/18/2017 06:00;6.4;-1.81;135.85;0.11;865.15;14.36;4.87
10/18/2017 07:00;5.92;-1.75;125.14;0.13;865.44;76.39;13.11
10/18/2017 08:00;7;-1.62;146.87;0.07;865.83;42.15;12.16
10/18/2017 09:00;8.57;-2.13;172.77;0.25;866.52;31.03;9.15
10/18/2017 10:00;10.45;-2.29;162.26;0.3;866.79;30.07;9.74
10/18/2017 11:00;13.52;-2.08;166.53;0.28;866.67;35.26;8.93
10/18/2017 12:00;15.35;-2.53;160.06;0.29;866.31;48.18;9.92
10/18/2017 13:00;17.08;-2.54;125.77;0.29;865.68;37.3;8.42
10/18/2017 14:00;17.96;-2.49;148.97;0.04;864.92;36.84;8.47
10/18/2017 15:00;17.72;-2.81;50.3;0.03;864.54;42.16;10.03
10/18/2017 16:00;16.92;-2.59;15.38;0.07;864.45;48.8;13.19
10/18/2017 17:00;16.61;-2.38;356.06;0.09;864.34;61.93;15.76
10/18/2017 18:00;16.27;-2.54;4.78;0.1;864.3;68.72;16.28
10/18/2017 19:00;15.69;-2.53;12.8;0.09;864.72;70.22;16.15
10/18/2017 20:00;13.64;-1.9;111.39;0.44;864.98;143.66;37.82
10/18/2017 21:00;13.27;-2.35;133.98;0.11;865.26;89.45;26.91
10/18/2017 22:00;13.16;-4.45;160.48;0.15;865.57;51.67;12.8
10/18/2017 23:00;12.84;-3.74;191.41;0.21;865.44;30.39;6.18
10/19/2017 00:00;12.31;-3.25;182.43;0.32;865.29;27.14;5.66
10/19/2017 01:00;11.82;-2.22;175.76;0.38;865.05;25.7;6.82
10/19/2017 02:00;11.25;-1.82;173.66;0.36;864.99;20.56;5.28
10/19/2017 03:00;10.99;-1.78;180.31;0.25;864.82;16.22;5.2
10/19/2017 04:00;11;-1.98;177.42;0.2;864.76;15.56;5.81
10/19/2017 05:00;10.54;-2.29;166.27;0.27;864.94;16.76;6.04
10/19/2017 06:00;10.41;-2.83;168.76;0.22;865.06;20.17;6.5
10/19/2017 07:00;9.85;-2.83;158.11;0.21;865.19;27;8.25
10/19/2017 08:00;10.21;-3.11;157.09;0.23;865.56;53.25;13.55
10/19/2017 09:00;11.43;-3.52;150.09;0.27;866.04;62.86;13.71
10/19/2017 10:00;13.31;-3.45;116.16;0.22;866.12;66.93;15.88
10/19/2017 11:00;15.88;-2.89;91.93;0.17;865.76;80.31;21.53
10/19/2017 12:00;17.08;-3.19;92.65;0.1;865.37;80.68;21.83
10/19/2017 13:00;18.01;-3.21;312.09;0.28;864.7;66.53;18.02
10/19/2017 14:00;18.35;-3.24;340.42;0.23;864.01;79.44;22.78
10/19/2017 15:00;18.06;-2.98;313.95;0.12;863.61;90.46;22.88
10/19/2017 16:00;17.36;-2.91;345.7;0.16;863.43;110.75;26.09
10/19/2017 17:00;17.2;-3.22;322.28;0.14;863.26;102.63;23.05
10/19/2017 18:00;16.45;-3.46;322.96;0.04;863.19;99.76;21.99
10/19/2017 19:00;15.81;-3.93;82.73;0.02;863.32;101.71;22.69
10/19/2017 20:00;14.12;-2.9;112.35;0.44;863.69;221.07;56.7
10/19/2017 21:00;13.1;-2.14;135.42;0.06;863.75;151.86;40.89
10/19/2017 22:00;12.15;-1.72;167.52;0.02;863.72;129.1;39.24
10/19/2017 23:00;11.47;-1.56;224.59;0.03;863.75;96.77;35.88
10/20/2017 00:00;11.1;-2.21;203.96;0.04;863.61;84.23;30.95
10/20/2017 01:00;10.72;-2.48;170.22;0.07;863.29;68.55;27.83
10/20/2017 02:00;10.1;-2.58;214.01;0.05;863.16;58.62;25.72
10/20/2017 03:00;9.53;-2.55;189.68;0.03;863.02;51.45;23.79
10/20/2017 04:00;8.77;-2.07;212.04;0.02;862.9;40.63;18.97
10/20/2017 05:00;8.71;-2.19;199.18;0.02;862.95;31.73;15.96
10/20/2017 06:00;8.54;-2.28;217.22;0.03;863.03;28.92;14.98
10/20/2017 07:00;8.61;-2.3;224.64;0.03;863.15;30.3;15.53
10/20/2017 08:00;9.11;-2.07;186.16;0.11;863.47;32.13;16.84
10/20/2017 09:00;10.75;-1.96;173.79;0.21;863.87;41.42;18.19
10/20/2017 10:00;13.57;-1.45;249.02;0.03;863.93;46.51;16.6
10/20/2017 11:00;16.38;-1.18;277.76;0.14;863.88;63.42;18.31
10/20/2017 12:00;17.73;-1.09;345.39;0.21;863.46;76.22;19.81
10/20/2017 13:00;18.57;-1.93;359.7;0.19;862.87;61.79;17.23
10/20/2017 14:00;18.85;-2.21;337.8;0.3;862.32;67.96;19.3
10/20/2017 15:00;18.51;-3.4;327.23;0.39;862.04;68.13;16.73
10/20/2017 16:00;18.01;-3.86;343.04;0.32;861.96;55.98;13.74
10/20/2017 17:00;17.56;-4.9;329.02;0.24;861.91;53.55;12.58
10/20/2017 18:00;16.74;-5.01;16.37;0.12;861.98;47.85;13.58
10/20/2017 19:00;15.51;-4.04;132.48;0.01;862.25;68.37;18.31
10/20/2017 20:00;13.76;-4.01;159.77;0.08;862.5;148.03;36.7
10/20/2017 21:00;12.81;-3.94;232.42;0.02;862.68;104.49;34.82
10/20/2017 22:00;12.41;-3.92;192.23;0.09;862.87;93.45;27.95
10/20/2017 23:00;11.82;-4.12;190.03;0.16;862.92;77.91;23.94
10/21/2017 00:00;11.23;-4.28;177.57;0.15;862.86;65.26;20.9
10/21/2017 01:00;10.73;-4.57;192.27;0.08;862.74;53.99;17.36
10/21/2017 02:00;10.17;-4.71;200.22;0.07;862.74;43.05;15.49
10/21/2017 03:00;9.82;-4.93;185.05;0.15;862.68;29.43;13.46
10/21/2017 04:00;9.57;-5.39;223.79;0.06;862.52;20.5;8.85
10/21/2017 05:00;9.41;-5.88;187.01;0.06;862.44;18.06;8.8
10/21/2017 06:00;9.22;-5.49;165.49;0.18;862.39;24.4;10.66
10/21/2017 07:00;8.77;-4.95;168.52;0.19;862.51;34.77;13.89
10/21/2017 08:00;9.16;-4.55;167.6;0.28;862.52;70.75;22.03
10/21/2017 09:00;10.61;-4.26;159.79;0.24;862.72;52.1;17.08
10/21/2017 10:00;12.9;-4.09;174.5;0.23;862.67;55.31;16
10/21/2017 11:00;15.99;-3.57;159.66;0.31;862.46;62.61;17.63
10/21/2017 12:00;18.02;-3.91;115.5;0.04;861.86;50.76;13.56
10/21/2017 13:00;19.13;-3.33;307.24;0.23;861.14;81.46;23.28
10/21/2017 14:00;19.98;-2.89;307.77;0.24;860.35;95.34;24.8
10/21/2017 15:00;19.11;-3.35;334.22;0.32;859.83;86.49;20.93
10/21/2017 16:00;18.48;-4.55;18.29;0.17;859.54;75.23;17.13
10/21/2017 17:00;18.32;-5.3;76.04;0.31;859.24;63.84;16.37
10/21/2017 18:00;17.41;-5.76;49.44;0.11;859.1;78.52;22.48
10/21/2017 19:00;15.97;-5.33;114.87;0.3;859.31;101.43;28.89
10/21/2017 20:00;14.12;-6.1;104.56;0.54;859.45;131.84;33.44
10/21/2017 21:00;13.74;-5.2;182.81;0.11;859.5;95.26;26.48
10/21/2017 22:00;12.76;-5.25;169.69;0.08;859.52;96.42;27.68
10/21/2017 23:00;11.87;-5.43;198.92;0.1;859.46;89.16;25.95
10/22/2017 00:00;11.35;-5.73;198.95;0.09;859.38;68.24;22.48
10/22/2017 01:00;10.67;-5.55;227.12;0.07;859.27;57.3;20.21
10/22/2017 02:00;10.13;-5.44;255.27;0.05;859.23;49.75;21.18
10/22/2017 03:00;9.92;-5.52;231.99;0.08;859.04;41.91;17.51
10/22/2017 04:00;9.73;-5.54;264.11;0.07;858.8;40.65;16.34
10/22/2017 05:00;9.55;-5.64;192.59;0.05;858.94;39.41;16.86
10/22/2017 06:00;8.83;-5.19;237.45;0.02;859.11;45.33;19.45
10/22/2017 07:00;8.39;-4.7;197.72;0.03;859.18;54.77;20.79
10/22/2017 08:00;9.41;-4.89;166.46;0.06;859.3;313.55;59.35
10/22/2017 09:00;11;-4.99;186.61;0.07;859.6;88.24;28.27
10/22/2017 10:00;13.14;-4.67;300.04;0.14;859.66;86.44;26.76
10/22/2017 11:00;15.32;-4.59;310.42;0.3;859.5;115.77;34.26
10/22/2017 12:00;16.38;-4.49;311.88;0.33;859.24;116.83;38.27
10/22/2017 13:00;18.24;-4.13;0.43;0.26;858.54;118.6;30.59
10/22/2017 14:00;18.7;-4.98;338.05;0.34;857.88;121.56;24.28
10/22/2017 15:00;18.84;-6.05;33.1;0.35;857.43;91.47;16.48
10/22/2017 16:00;18.32;-6.77;51.14;0.39;857.09;77.96;14.68
10/22/2017 17:00;17.9;-6.9;51.11;0.35;857.01;61.24;15.36
10/22/2017 18:00;17.13;-7.42;102.05;0.38;856.93;68.1;18.28
10/22/2017 19:00;15.73;-7.4;103.38;0.13;857.1;66.15;18.1
10/22/2017 20:00;14.51;-6.8;121.63;0.17;857.5;65.7;21.35
10/22/2017 21:00;13.74;-6.35;106.85;0.08;857.63;74.33;24.29
10/22/2017 22:00;13.13;-5.47;60.64;0.02;857.8;143.96;49.45
10/22/2017 23:00;11.6;-4.11;162.33;0.02;858;120.77;42.99
10/23/2017 00:00;11.1;-3.5;137.94;0.02;858.03;113.07;40.86
10/23/2017 01:00;11.1;-3.51;29.73;0.05;858.19;92.01;31.31
10/23/2017 02:00;10.32;-3.39;151.78;0.02;858.48;92.22;30.43
10/23/2017 03:00;9.56;-3.03;155.74;0.05;858.74;56.66;27.05
10/23/2017 04:00;8.71;-3;216.9;0.01;858.7;53.29;26.07
10/23/2017 05:00;8.41;-2.6;135.03;0.01;859.04;47;26.27
10/23/2017 06:00;8.43;-3.03;165.07;0.03;859.34;39.88;22.14
10/23/2017 07:00;8.52;-3.1;194.58;0.02;859.61;137.17;40.28
10/23/2017 08:00;9.85;-3.34;181.24;0.07;860.22;83.43;33.15
10/23/2017 09:00;11.97;-4.52;151.39;0.17;861.07;101.6;31.15
10/23/2017 10:00;14.51;-4.73;344.43;0.15;861.33;131.54;32.73
10/23/2017 11:00;16.72;-4.25;309.16;0.25;861.51;106.69;31.31
10/23/2017 12:00;18.13;-4.22;1.65;0.11;861.51;108.87;28.97
10/23/2017 13:00;18.74;-4.34;316.35;0.31;861.26;111.48;26.47
10/23/2017 14:00;19.42;-4.43;322.12;0.23;860.86;110.45;25.69
10/23/2017 15:00;19.29;-5.19;353.12;0.13;860.76;94.22;21.95
10/23/2017 16:00;18.65;-6.05;19.48;0.17;860.9;81.89;23.42
10/23/2017 17:00;18.16;-5.62;16.91;0.13;860.87;99.97;24.34
10/23/2017 18:00;17.56;-5.54;19.81;0.07;860.89;88.69;23.91
10/23/2017 19:00;16.27;-5.25;104.13;0.22;861.25;131.81;35.69
10/23/2017 20:00;14.93;-4.92;138.45;0.09;861.47;187.76;51.41
10/23/2017 21:00;14.01;-4.87;182.7;0.11;861.58;138.46;36.46
10/23/2017 22:00;13.97;-5.55;163.38;0.19;861.74;116.85;34.26
10/23/2017 23:00;13.72;-6.01;160.64;0.24;861.86;79.73;26.59
10/24/2017 00:00;13.17;-6.22;147.64;0.28;861.93;71.1;24.65
10/24/2017 01:00;12.5;-6.65;166.93;0.28;862.01;70.04;22.5
10/24/2017 02:00;12.08;-6.47;147.69;0.27;862.06;62.32;22.36
10/24/2017 03:00;11.46;-6.39;154.41;0.15;862.04;60.86;22.52
10/24/2017 04:00;10.87;-6.15;173.18;0.14;861.92;59.15;22.29
10/24/2017 05:00;10.19;-6.28;165.54;0.27;862.17;58.31;22.35
10/24/2017 06:00;10.02;-5.81;164.05;0.29;862.39;61;23.5
10/24/2017 07:00;9.75;-5.61;159.25;0.31;862.63;84.82;27.69
10/24/2017 08:00;10.18;-5.46;167.01;0.32;862.82;84.28;28.15
10/24/2017 09:00;11.53;-5.47;168;0.26;863.18;93.25;28.23
10/24/2017 10:00;13.79;-5.18;163.79;0.22;863.36;103.3;28.14
10/24/2017 11:00;17;-4.63;177.87;0.23;863.33;105.63;28.67
10/24/2017 12:00;18.71;-4.12;148.96;0.23;863.12;108.67;28.61
10/24/2017 13:00;19.77;-3.59;80.49;0.08;862.81;119.68;30.31
10/24/2017 14:00;19.86;-3.05;331.03;0.13;862.52;133.46;35.42
10/24/2017 15:00;19.81;-2.54;345.07;0.24;862.33;149.84;41.47
10/24/2017 16:00;19.44;-3.21;347.03;0.25;862.16;126.37;32.99
10/24/2017 17:00;19.24;-3.93;9.73;0.35;862.41;125.1;32.28
10/24/2017 18:00;18.41;-3.04;11.32;0.11;862.5;138.84;37.44
10/24/2017 19:00;17.91;-2.46;1.18;0.09;862.94;152.42;43.08
10/24/2017 20:00;16.85;-2.49;118;0.17;863.2;188.37;58.09
10/24/2017 21:00;15.37;-2.15;116.46;0.3;863.5;199.17;72.45
10/24/2017 22:00;13.77;-2.65;130.59;0.02;863.96;131.86;44.93
10/24/2017 23:00;12.77;-1.91;196.38;0;864.29;125.35;43.75
10/25/2017 00:00;12.81;-2.47;197.44;0.07;864.46;100.91;37.93
10/25/2017 01:00;12.32;-3;178.61;0.08;864.48;94.19;35.31
10/25/2017 02:00;11.45;-2.86;173.06;0.02;864.44;75.41;30.92
10/25/2017 03:00;10.8;-2.57;159.02;0.02;864.88;67.76;31.59
10/25/2017 04:00;10.09;-2.03;172.56;0.01;865.07;58.82;30.13
10/25/2017 05:00;10.09;-2.16;206.89;0.04;865.25;55.21;28.89
10/25/2017 06:00;9.74;-2.53;181.18;0.03;865.63;56.79;28.87
10/25/2017 07:00;9.69;-2.49;167.8;0.04;865.93;257.33;63.51
10/25/2017 08:00;10.48;-2.32;165.17;0.09;866.42;94.89;42.02
10/25/2017 09:00;12.2;-2.01;182.02;0.11;866.88;108.03;46.42
10/25/2017 10:00;14.64;-2.32;153.26;0.19;867.1;138.26;46.48
10/25/2017 11:00;17.52;-2.68;137.08;0.15;867.01;118.2;37.52
10/25/2017 12:00;19.15;-2.33;298.6;0.07;866.8;116.29;37.55
10/25/2017 13:00;20.34;-1.58;309.71;0.21;866.39;141.19;40.87
10/25/2017 14:00;21.13;-1.2;313.02;0.24;865.96;138.57;39.08
10/25/2017 15:00;21.27;-2.01;8.77;0.15;865.7;118.21;32.33
10/25/2017 16:00;20.51;-3.04;340.05;0.18;865.64;81.79;24.29
10/25/2017 17:00;20.25;-3.36;342.99;0.13;865.46;89.21;25.22
10/25/2017 18:00;19.09;-2.75;36.35;0.03;865.32;119.92;32.62
10/25/2017 19:00;17.62;-2.43;112.09;0.33;865.61;174.99;49.45
10/25/2017 20:00;16.39;-2.5;142.36;0.14;865.97;177.49;49.42
10/25/2017 21:00;15.78;-2.47;166.18;0.24;866.07;137.74;42.83
10/25/2017 22:00;15.23;-2.14;207.42;0.04;866.08;121.89;39.48
10/25/2017 23:00;14.92;-1.76;241.08;0.05;866.03;111.71;40.04
10/26/2017 00:00;14.47;-1.76;182.78;0.1;866.01;103.2;40.75
10/26/2017 01:00;13.6;-1.27;167.77;0.06;865.85;99.8;39.64
10/26/2017 02:00;13.18;-1.22;172.57;0.06;865.72;86.27;36.46
10/26/2017 03:00;12.72;-1.33;202.61;0.05;865.55;75.2;35.61
10/26/2017 04:00;12.71;-2.25;167.7;0.08;865.39;73;32.45
10/26/2017 05:00;12.43;-3.26;165.92;0.24;865.47;66.7;28.34
10/26/2017 06:00;12.04;-3.38;166.98;0.14;865.37;67.98;28.78
10/26/2017 07:00;11.77;-3.73;163.04;0.24;865.32;104.73;32.86
10/26/2017 08:00;11.85;-3.67;161.05;0.32;865.69;101.23;34.06
10/26/2017 09:00;12.94;-3.38;156.49;0.38;865.85;112.12;35.65
10/26/2017 10:00;15.34;-2.98;156.59;0.26;865.56;120.3;35.28
10/26/2017 11:00;18.79;-2.23;169.38;0.18;864.99;115.25;32.92
10/26/2017 12:00;21.24;-2.1;161.92;0.22;864.35;97.01;29.4
10/26/2017 13:00;22.44;-1.57;319.93;0.07;863.42;117.09;32.86
10/26/2017 14:00;22.82;-0.38;306.82;0.25;862.77;150.71;39.88
10/26/2017 15:00;22.82;0.82;324.99;0.27;862.11;143.71;41.9
10/26/2017 16:00;22.26;1.02;305.96;0.26;861.62;143.05;41.69
10/26/2017 17:00;22.59;0.51;30.68;0.17;861.19;191.04;39.73
10/26/2017 18:00;22.61;-0.09;95.26;0.48;860.95;137.74;29.31
10/26/2017 19:00;21.97;0.24;104.6;0.61;861.16;126.01;27.77
10/26/2017 20:00;21.42;0.53;107.58;0.64;861.28;95.9;27.86
10/26/2017 21:00;20.59;0.21;107.32;0.66;861.2;71.67;25.46
10/26/2017 22:00;18.33;1.09;353.74;0.21;861.32;115.34;38.13
10/26/2017 23:00;16.71;0.96;17.75;0.06;861.31;107.5;43.77
10/27/2017 00:00;15.38;1.49;147.01;0.06;861.12;112.93;50.26
10/27/2017 01:00;14.39;1.93;145.88;0.09;860.85;103.21;54.32
10/27/2017 02:00;13.94;1.78;144.09;0.05;860.68;85.16;43.85
10/27/2017 03:00;12.77;1.65;144.4;0.04;860.62;66.37;38.45
10/27/2017 04:00;12.14;1.55;155.21;0.05;860.69;62.41;37.12
10/27/2017 05:00;11.77;1.16;139.67;0.08;860.92;59.6;36.77
10/27/2017 06:00;11.08;0.66;123.31;0.02;861.28;70.61;34.95
10/27/2017 07:00;11.03;0.62;186.33;0;861.54;76.21;33.7
10/27/2017 08:00;11.8;1.35;186.94;0.02;861.82;125.24;43.8
10/27/2017 09:00;14;0.74;148.58;0.02;862.32;151.87;53.82
10/27/2017 10:00;16.75;0.06;319.01;0.12;862.32;103.93;40.93
10/27/2017 11:00;18.71;-0.12;314.77;0.33;862.29;102.59;36.47
10/27/2017 12:00;20.34;-0.85;309.63;0.25;861.93;105.38;33.97
10/27/2017 13:00;21.74;-2.67;317.21;0.3;861.23;108.08;29.78
10/27/2017 14:00;22.79;-4.51;335.23;0.41;860.53;108.37;25.58
10/27/2017 15:00;22.61;-6.04;337.66;0.4;860.07;95.34;22.15
10/27/2017 16:00;22.03;-4.91;329.82;0.26;859.69;83.25;23.2
10/27/2017 17:00;21.27;-3.84;347.83;0.09;859.37;107.36;27.01
10/27/2017 18:00;19.85;-2.03;145.13;0.02;859.18;173.48;39.53
10/27/2017 19:00;18.62;-0.47;130.58;0.03;859.53;166.15;42.83
10/27/2017 20:00;18.23;0.84;118.26;0.08;860.05;193.04;55.46
10/27/2017 21:00;19.96;0.1;105.64;0.56;860.27;110.38;33.07
10/27/2017 22:00;18.9;0.65;57.39;0.05;860.64;140.78;41.76
10/27/2017 23:00;18.47;0.87;15.16;0.06;860.68;134.23;42.37
10/28/2017 00:00;18.23;0.6;19;0.21;860.65;110.94;37.87
10/28/2017 01:00;17.04;1.27;79.56;0.02;860.47;102.19;37.72
10/28/2017 02:00;15.82;1.6;122.57;0.1;860.49;91.78;38.72
10/28/2017 03:00;15.24;1.57;129.26;0.07;860.44;79.14;37.96
10/28/2017 04:00;15.11;1.69;108.12;0.04;860.3;71.16;35.88
10/28/2017 05:00;14.14;1.66;200.76;0.01;860.43;70.69;35.48
10/28/2017 06:00;14.15;1.71;122.6;0.1;860.45;65.35;34.1
10/28/2017 07:00;14.78;1.39;173.92;0.05;860.65;78.5;36.69
10/28/2017 08:00;15.58;1.32;155.4;0.07;860.96;163.47;51.16
10/28/2017 09:00;16.96;1.15;115.57;0.21;861.6;149.64;46.36
10/28/2017 10:00;18.38;0.91;276.67;0.08;861.86;130.2;41.66
10/28/2017 11:00;19.76;0.37;318.31;0.19;861.52;125.37;39.16
10/28/2017 12:00;21.74;0.15;299.74;0.29;860.9;134.8;38.24
10/28/2017 13:00;21.77;0.35;307.09;0.32;860.1;135.18;37.86
10/28/2017 14:00;21.68;0.59;339.05;0.25;859.28;120.06;37.47
10/28/2017 15:00;22.27;0.33;347.56;0.26;858.76;129.97;37.82
10/28/2017 16:00;22.18;0.5;335.93;0.13;858.42;139.47;39.68
10/28/2017 17:00;21.88;0.42;353.8;0.09;858.29;179.98;46.76
10/28/2017 18:00;21.43;-1.24;31.65;0.06;858.23;174.84;48.21
10/28/2017 19:00;21.03;-3.13;110.19;0.63;858.31;324.02;58.71
10/28/2017 20:00;21.88;-4.89;108.72;1.02;858.04;263.22;45.34
10/28/2017 21:00;21.17;-5.23;111.62;0.68;857.72;153.99;35.99
10/28/2017 22:00;19.62;-5.03;110.08;0.27;857.46;135.42;37.44
10/28/2017 23:00;18.74;-3.11;338.95;0.29;857.85;264.31;56.07
10/29/2017 00:00;18.06;-0.01;334.32;0.23;857.67;233.4;54.77
10/29/2017 01:00;17.32;0.29;308;0.06;857.56;218.26;57.02
10/29/2017 02:00;16.56;2.77;342.9;0.39;858.89;251.51;59.99
10/29/2017 03:00;14.22;6.23;335.02;0.23;859.46;139.11;48.97
10/29/2017 04:00;14.02;5.71;327.44;0.16;858.86;83.25;39.86
10/29/2017 05:00;13.84;5.42;141.46;0.02;858.72;111.77;49.63
10/29/2017 06:00;13.21;6.03;113.46;0.09;858.28;147.57;58.95
10/29/2017 07:00;12.78;6.07;106.74;0.07;858.11;248.86;77.75
10/29/2017 08:00;14.09;5.39;308.73;0.17;858.21;362.14;118.48
10/29/2017 09:00;14.89;4.83;323.16;0.34;858.55;355.31;118.28
10/29/2017 10:00;16.28;4.43;355.17;0.47;858.7;495.86;159.09
10/29/2017 11:00;20.04;1.66;31.39;0.37;858.48;981.97;156.72
10/29/2017 12:00;21.29;0.9;34.63;0.54;858.23;773.63;135.93
10/29/2017 13:00;22.28;-0.03;45.41;0.56;857.77;757.27;113.69
10/29/2017 14:00;22.26;-0.79;18.84;0.64;857.28;722.33;91.69
10/29/2017 15:00;22.82;-1.49;65.52;0.57;856.89;470.19;67.34
10/29/2017 16:00;22.22;-2.23;73.98;0.64;856.81;539.02;83.46
10/29/2017 17:00;21.22;-2.6;66.7;0.53;856.94;625.4;106.73
10/29/2017 18:00;20.13;-1.29;39.39;0.36;857.47;696.02;125.99
10/29/2017 19:00;19.45;-0.36;41.74;0.24;857.95;705.84;125.86
10/29/2017 20:00;19.05;0.13;18.84;0.33;858.05;738.77;133.73
10/29/2017 21:00;17.9;0.53;38.98;0.06;857.98;772.95;140.53
10/29/2017 22:00;17.36;0.92;24.81;0.09;858.03;836.6;151.72
10/29/2017 23:00;17.04;1.12;106.52;0.19;857.85;764.09;157.11
10/30/2017 00:00;16.12;1.99;116.56;0.13;857.63;520.87;129.84
10/30/2017 01:00;14.85;2.48;152.37;0.04;857.18;474.51;130.95
10/30/2017 02:00;14.33;2.52;105.11;0.05;857.05;441.03;126.26
10/30/2017 03:00;13.55;2.99;164.95;0.02;856.62;316.58;112.85
10/30/2017 04:00;15.44;3.02;105.43;0.31;856.36;194.97;62.57
10/30/2017 05:00;15.59;2.08;82.63;0.09;856.1;124.71;47.4
10/30/2017 06:00;15.22;1.86;106.02;0.34;856.25;126.34;47.48
10/30/2017 07:00;15.97;1.67;109.78;0.96;856.57;145.7;48.19
10/30/2017 08:00;16.37;1.69;104.98;0.6;856.95;156.88;46.37
10/30/2017 09:00;16.91;3.62;107.32;1.15;857.01;144.03;35.44
10/30/2017 10:00;18.36;4.06;84.2;0.4;856.47;106.14;32.81
10/30/2017 11:00;20.34;3.48;91.51;0.63;855.83;317.68;50.22
10/30/2017 12:00;20.26;3.62;95.39;0.82;854.97;234.77;46.9
10/30/2017 13:00;20.4;3.21;107.18;2.05;853.99;586.62;76.3
10/30/2017 14:00;19.34;2.63;104.81;2.82;853.79;458.97;61.24
10/30/2017 15:00;18.08;2.73;105.64;2.57;853.79;332.16;52.31
10/30/2017 16:00;17.42;2.08;109.54;2.41;853.4;441.33;56.62
10/30/2017 17:00;17.4;1.23;107.43;2.33;853.26;242.27;47.3
10/30/2017 18:00;16.25;1.86;108.97;2.05;853.79;193.68;42.34
10/30/2017 19:00;15.83;2.53;109.53;1.98;853.92;139.14;42.74
10/30/2017 20:00;15.86;2.57;110.05;1.83;854.52;137.28;51.49
10/30/2017 21:00;15.94;2.49;111.92;1.96;854.47;194.25;70.85
10/30/2017 22:00;15.98;2.07;111.34;1.42;854.81;275.19;93.2
10/30/2017 23:00;15.82;2.13;111.85;1.37;855.15;312.4;110.57
10/31/2017 00:00;15.51;2.07;110.86;1.02;855.49;416.13;142.18
10/31/2017 01:00;15.15;1.1;107.92;0.8;855.75;580.44;181.9
10/31/2017 02:00;14.97;0.24;108.91;1.12;855.86;606;178.04
10/31/2017 03:00;14.81;-0.02;110.81;1.34;855.87;489.5;139.3
10/31/2017 04:00;14.29;-0.05;110.47;1.01;856.18;396.19;118.81
10/31/2017 05:00;13.87;-0.37;109.48;1.1;856.41;337.6;100.61
10/31/2017 06:00;13.42;-0.27;110.04;0.75;856.98;299.11;93.32
10/31/2017 07:00;12.5;0.31;12.15;0.07;857.17;356.82;106.31
10/31/2017 08:00;12.45;0.75;332.36;0.09;857.41;338.05;104.16
10/31/2017 09:00;12.84;0.94;354.35;0.47;858.12;265.81;95.42
10/31/2017 10:00;14.24;1.2;343.03;0.26;858.32;294.3;98.84
10/31/2017 11:00;17.27;-1.08;103.83;0.88;858.16;275.72;58.97
10/31/2017 12:00;17.87;-1.09;98.88;0.85;858.08;263.31;54.88
10/31/2017 13:00;17.67;-0.58;74.24;0.57;857.47;234.27;50.77
10/31/2017 14:00;18.95;-1.55;63.3;0.46;856.63;192.21;37.58
10/31/2017 15:00;19.31;-1.7;94.14;0.82;856.39;222.26;28.29
10/31/2017 16:00;18.58;-0.51;101.95;1.16;856.1;249.6;30.86
10/31/2017 17:00;17.65;-0.25;108.64;1.49;856;214.87;31.84
10/31/2017 18:00;16.58;-0.1;106.12;1.08;856.27;169.56;28.45
10/31/2017 19:00;15.66;0.3;109.13;0.97;856.87;119.7;29.42
10/31/2017 20:00;15.06;0.13;107.59;1.11;857.29;116.25;34.76
10/31/2017 21:00;14.74;0.29;108.96;1.29;857.39;152.92;42.81
10/31/2017 22:00;14.33;0.87;109.26;1.34;857.55;152.29;51.73
10/31/2017 23:00;13.91;1.09;110.38;1.23;857.5;142.89;53.65
11/01/2017 00:00;13.79;0.92;109.34;1.15;857.32;129.32;50.65
11/01/2017 01:00;13.86;0.4;107.74;0.97;857.18;118.36;42.87
11/01/2017 02:00;13.69;0.34;109.78;1.46;856.95;98.72;36.2
11/01/2017 03:00;13.58;0.26;107.66;0.99;856.8;75.88;27.47
11/01/2017 04:00;13.74;0.25;100.89;0.51;856.85;54.01;21.15
11/01/2017 05:00;13.86;0.51;105.18;0.52;856.76;52.98;19.55
11/01/2017 06:00;14.03;0.83;105.97;0.75;856.79;61.55;22.97
11/01/2017 07:00;13.29;1.49;317.97;0.14;856.97;106.05;35.7
11/01/2017 08:00;13.48;2;336.42;0.24;857.34;115.31;42.5
11/01/2017 09:00;14.09;2.05;343.29;0.24;857.72;104.01;40.1
11/01/2017 10:00;14.5;2.36;46.4;0.03;857.78;163.67;54.21
11/01/2017 11:00;14.74;2.72;319.64;0.21;857.97;156.79;53.22
11/01/2017 12:00;13.66;4.32;347.09;0.24;857.84;146.82;48.8
11/01/2017 13:00;14.7;3.82;101.43;0.19;857.32;148.89;45.94
11/01/2017 14:00;15.46;3.14;104.49;1.39;856.96;158.1;52.13
11/01/2017 15:00;15.6;3.21;107.92;1.27;856.57;137.65;43.78
11/01/2017 16:00;15.34;3.52;109.96;1.17;856.56;130.89;42.57
11/01/2017 17:00;15.49;3.56;104.82;0.55;856.47;110.31;38.53
11/01/2017 18:00;14.87;3.23;101.85;0.62;856.53;94.11;37.3
11/01/2017 19:00;14.71;3.27;106.22;0.95;856.6;107.43;44.51
11/01/2017 20:00;14.59;3.23;105.15;1.26;856.78;111.42;47.71
11/01/2017 21:00;14.57;3.04;106.35;1.36;856.73;102.12;43.58
11/01/2017 22:00;14.49;2.73;106.84;1.33;856.81;90.35;40.18
11/01/2017 23:00;14.25;2.3;105.46;0.52;857.06;92.26;39.05
11/02/2017 00:00;14.07;2.46;84.95;0.36;857;106.37;43.75
11/02/2017 01:00;12.74;3.68;298.12;0.1;857;128.16;48.68
11/02/2017 02:00;12.8;3.33;325.93;0.13;857.16;123.01;45.22
11/02/2017 03:00;13.12;2.86;5.17;0.18;857.6;100.63;36.4
11/02/2017 04:00;12.54;2.92;341.06;0.38;858.19;63.78;24.42
11/02/2017 05:00;10.64;4.07;308.76;0.31;859.09;14.7;7.44
11/02/2017 06:00;9.92;2.61;341.89;0.28;859.87;5.45;4.16
11/02/2017 07:00;9.5;2.28;349.51;0.19;860.31;13.63;6.3
11/02/2017 08:00;9.77;3.31;3.33;0.18;860.88;37.67;10.81
11/02/2017 09:00;10.05;3.14;299.79;0.25;861.61;26.08;11.9
11/02/2017 10:00;10.5;3.39;317.67;0.23;862.01;40.47;13.94
11/02/2017 11:00;11.75;3.06;328.89;0.34;861.91;33.67;14.68
11/02/2017 12:00;12.7;2.18;335.27;0.43;861.59;36.47;15.01
11/02/2017 13:00;13.52;1.35;305.49;0.36;861.09;37.73;15.46
11/02/2017 14:00;13.33;1.4;332.39;0.28;860.58;41.82;18.88
11/02/2017 15:00;13.54;2.13;338.52;0.11;860.44;62.09;27.41
11/02/2017 16:00;13.31;2.12;333.55;0.2;860.24;42.22;23.14
11/02/2017 17:00;12.94;2.33;344.61;0.17;860.16;48.44;23.44
11/02/2017 18:00;12.63;2.28;346.85;0.07;860.12;47.25;21.29
11/02/2017 19:00;12.68;2.17;48.62;0.01;860.38;49.66;22.21
11/02/2017 20:00;12.06;2.97;162.46;0.32;860.69;37.49;19.21
11/02/2017 21:00;11.45;3.24;194.86;0.12;860.77;27.66;14.55
11/02/2017 22:00;10.89;3.05;157.18;0.1;860.95;25.49;14.71
11/02/2017 23:00;10.28;2.68;163.16;0.09;861.2;24.54;14.8
11/03/2017 00:00;9.34;2.5;165.35;0.26;861.17;19.98;14.39
11/03/2017 01:00;8.77;2.42;163.01;0.26;860.98;22.76;16.44
11/03/2017 02:00;8.58;2.25;174.73;0.22;860.83;18.68;14.18
11/03/2017 03:00;8.38;1.96;157.48;0.26;860.65;15.88;13.24
11/03/2017 04:00;8.05;1.79;153.94;0.22;860.52;15.52;13.07
11/03/2017 05:00;7.73;1.73;164.79;0.12;860.59;15.14;13.14
11/03/2017 06:00;7.57;1.83;165.99;0.09;860.61;16.48;13.94
11/03/2017 07:00;7.47;1.81;161.07;0.17;860.6;18.54;15.08
11/03/2017 08:00;7.69;2.02;166.89;0.23;860.67;24.39;17.29
11/03/2017 09:00;8.7;2.39;173.81;0.11;861.17;39.91;20.44
11/03/2017 10:00;10.31;2.54;154.11;0.24;861.16;91.31;24.37
11/03/2017 11:00;12.51;2.67;168.82;0.22;860.83;53.64;22.7
11/03/2017 12:00;14.29;2.6;136.17;0.28;860.47;69.8;26.59
11/03/2017 13:00;15.45;2.36;141.15;0.29;859.86;90.87;30.91
11/03/2017 14:00;16.41;1.94;205.4;0.12;859.31;155.48;46.81
11/03/2017 15:00;16.19;1.95;301.49;0.08;859.13;197.97;53.88
11/03/2017 16:00;15.78;2.03;308.31;0.29;859.04;183.04;51.91
11/03/2017 17:00;15;1.87;296.97;0.2;859.2;165.14;47.77
11/03/2017 18:00;14.38;2;330.54;0.04;859.46;149.22;45.44
11/03/2017 19:00;13.4;2.14;110.72;0.12;859.88;131.36;47.63
11/03/2017 20:00;12.18;1.73;111.35;0.21;860.19;116.88;50.26
11/03/2017 21:00;12.16;2.26;133.3;0.14;860.18;202.41;62.27
11/03/2017 22:00;12.18;3.06;145.99;0.17;860.35;206.56;68.65
11/03/2017 23:00;12.33;3.01;159.61;0.16;860.45;187.72;62.88
11/04/2017 00:00;11.91;2.79;157.71;0.14;860.58;181.68;61.18
11/04/2017 01:00;10.99;2.71;215.06;0.05;860.43;175.06;58.12
11/04/2017 02:00;9.97;2.24;276.54;0.09;860.47;162.43;62.17
11/04/2017 03:00;9.67;2.24;314.42;0.04;860.45;136.68;53.27
11/04/2017 04:00;9.07;1.94;316.34;0.03;860.16;130.5;58.12
11/04/2017 05:00;8.77;2.34;193;0.04;859.98;132.83;57
11/04/2017 06:00;9.23;3.13;157.25;0.14;860.07;117.54;50.34
11/04/2017 07:00;9.18;3.42;131.53;0.05;860.32;137.89;54.24
11/04/2017 08:00;9.88;3.5;140.27;0.16;860.82;172.09;59.18
11/04/2017 09:00;11.12;3.81;146.01;0.12;861.32;136.76;54.85
11/04/2017 10:00;12.65;4.2;133.44;0.19;861.3;161.5;51.54
11/04/2017 11:00;13.36;4.4;143.41;0.22;861.34;98.87;41.88
11/04/2017 12:00;13.8;4.42;357.44;0.12;861.29;121.68;49.51
11/04/2017 13:00;13.99;4.27;355.52;0.23;860.64;158.15;59.52
11/04/2017 14:00;14.31;4.19;336.02;0.22;860.34;152.2;57.54
11/04/2017 15:00;14.3;4.15;299.97;0.19;860.29;153.48;56.42
11/04/2017 16:00;14.51;4.17;310.07;0.19;860.74;134.39;51.35
11/04/2017 17:00;14.23;4.45;16.13;0.3;860.9;117.89;48.58
11/04/2017 18:00;13.64;4.68;29.57;0.17;861.18;124.74;48.94
11/04/2017 19:00;13.25;4.6;80.71;0.12;861.8;147.93;55.63
11/04/2017 20:00;12.28;4.45;131.67;0.26;862.48;195.18;68.89
11/04/2017 21:00;11.19;4.27;164.23;0.23;862.9;91.98;39.7
11/04/2017 22:00;10.4;3.89;189.86;0.11;863.47;81.07;38.76
11/04/2017 23:00;9.99;3.59;189.52;0.08;863.72;78.4;39.51
11/05/2017 00:00;9.4;3.13;215.09;0.03;863.96;77.73;41.35
11/05/2017 01:00;9.07;2.89;147.25;0.18;864.1;66.41;39.46
11/05/2017 02:00;8.56;1.78;160.98;0.14;864.17;71.71;38.91
11/05/2017 03:00;8.2;1.05;166.41;0.14;864.33;61.68;34.99
11/05/2017 04:00;8.11;1.09;149.3;0.22;864.4;51.69;30.73
11/05/2017 05:00;7.76;1.77;160.74;0.15;864.49;45.87;28.46
11/05/2017 06:00;7.43;2;172.46;0.2;864.81;44.93;27.9
11/05/2017 07:00;7.08;1.83;158.27;0.26;865.14;49.22;29.09
11/05/2017 08:00;7.46;2.12;164.72;0.31;865.56;80.29;35.48
11/05/2017 09:00;8.65;2.86;158.15;0.22;866.1;67.44;33.74
11/05/2017 10:00;10.7;3.24;161.3;0.2;866.14;113.46;38.17
11/05/2017 11:00;12.74;2.9;170.46;0.48;865.96;79.27;31.7
11/05/2017 12:00;15.53;2.02;154.01;0.31;865.44;87.04;32.12
11/05/2017 13:00;16.74;0.6;143.12;0.36;864.9;148.35;36.82
11/05/2017 14:00;17.02;0.14;179.83;0.12;864.53;99.48;30.21
11/05/2017 15:00;16.56;0.09;309.17;0.07;864.24;94.92;31.4
11/05/2017 16:00;15.66;-0.02;103.14;0.12;864.03;101.04;32.66
11/05/2017 17:00;15.49;0.14;114.12;0.14;863.82;506.01;82.14
11/05/2017 18:00;14.79;0.21;180.82;0.11;863.85;106.8;33.39
11/05/2017 19:00;13.9;1.46;206.71;0.1;864.19;99.68;37.41
11/05/2017 20:00;12.82;2.38;159.87;0.24;864.35;92.94;35.26
11/05/2017 21:00;12.99;2.85;166.24;0.16;864.42;103.3;38.22
11/05/2017 22:00;12.84;2.23;138.77;0.14;864.47;81.16;33.67
11/05/2017 23:00;12.41;3.05;165.94;0.13;864.39;70.46;30.71
11/06/2017 00:00;12.06;3.99;177.42;0.15;864.3;69.59;30.51
11/06/2017 01:00;11.88;4.17;142.03;0.32;864.13;63.34;28.78
11/06/2017 02:00;12.05;4.21;171.73;0.21;864.04;60.24;28.67
11/06/2017 03:00;12.14;4.65;167.36;0.09;864.04;58.31;28.76
11/06/2017 04:00;11.69;4.65;137.63;0.13;863.99;57.47;28.59
11/06/2017 05:00;11.12;4.44;169.39;0.02;864.27;62.23;30.4
11/06/2017 06:00;10.28;4.41;154.55;0.03;864.59;79.87;41.32
11/06/2017 07:00;10.15;4.61;247.88;0.02;864.88;80.51;35.72
11/06/2017 08:00;10.83;4.62;123.62;0.11;865.59;157.91;48.31
11/06/2017 09:00;11.8;4.57;160.42;0.15;866.15;98.68;44.2
11/06/2017 10:00;13.47;5.67;176.72;0.21;866.04;90.31;40.14
11/06/2017 11:00;15.99;5.95;142.07;0.14;866.04;90.91;39.43
11/06/2017 12:00;16.88;5.55;305.75;0.2;866.16;100.69;46.21
11/06/2017 13:00;17.01;5.61;329.24;0.24;865.82;127.75;60.09
11/06/2017 14:00;17.33;5.48;316.4;0.28;865.51;120.03;57.86
11/06/2017 15:00;17.24;5.8;349.42;0.25;865.21;114.25;54.27
11/06/2017 16:00;16.98;5.96;289.46;0.15;865.31;95.09;52.66
11/06/2017 17:00;16.76;5.84;16.88;0.1;865.17;92.82;52.29
11/06/2017 18:00;16.14;5.72;58.78;0.04;865.38;90.9;49.96
11/06/2017 19:00;15.1;5.6;108.49;0.23;865.5;215.87;77.61
11/06/2017 20:00;15.15;5.46;121.48;0.25;865.81;168.76;71.71
11/06/2017 21:00;14.89;5.46;118.23;0.1;865.99;171.98;75.59
11/06/2017 22:00;14.72;5.8;94.47;0.04;866.41;173.88;75.43
11/06/2017 23:00;13.66;5.67;114.37;0.1;866.45;166.66;72.53
11/07/2017 00:00;12.48;8.25;150.4;0.12;866.82;84.13;55.1
11/07/2017 01:00;12.49;8.11;152.03;0.11;866.14;53.72;38.81
11/07/2017 02:00;12.41;7.67;153.83;0.11;866.1;53.98;41.51
11/07/2017 03:00;12.85;7.42;151.05;0.15;866.27;48.38;38.11
11/07/2017 04:00;13.05;7.08;170.4;0.15;866.06;40.89;31.89
11/07/2017 05:00;12.91;6.78;159.73;0.15;865.88;34.33;26.71
11/07/2017 06:00;12.56;6.78;183.53;0.07;865.93;36.88;26.88
11/07/2017 07:00;12.04;6.62;215.51;0.05;865.94;42.57;28.16
11/07/2017 08:00;12.41;6.84;166.44;0.17;866.32;57.21;30.7
11/07/2017 09:00;13.32;6.92;139.48;0.24;866.59;63.16;32.05
11/07/2017 10:00;15.18;7.12;172.36;0.12;866.5;81.45;33.61
11/07/2017 11:00;16.15;7.18;157.01;0.17;866.54;66.13;30.31
11/07/2017 12:00;17.16;7.27;167.47;0.19;866.49;76.08;31.71
11/07/2017 13:00;18.39;6.55;325.96;0.04;865.97;67.05;31.92
11/07/2017 14:00;19.57;6.71;310.61;0.2;865.53;91.56;39.96
11/07/2017 15:00;18.73;6.75;327.59;0.18;865.35;96.42;45.62
11/07/2017 16:00;18.71;6.72;8.41;0.13;865.42;83.89;42.61
11/07/2017 17:00;18.45;6.56;22.09;0.07;865.47;97.39;46.7
11/07/2017 18:00;18.08;6.72;19.68;0.06;865.47;93.64;48.3
11/07/2017 19:00;17.39;6.93;113.71;0.27;865.7;126.12;59.76
11/07/2017 20:00;16.91;7.24;109.49;0.2;866.11;172.28;66.92
11/07/2017 21:00;16.55;7.11;118.35;0.07;866.15;120.01;52.34
11/07/2017 22:00;15.88;6.87;120.07;0.06;866.38;104.9;49.1
11/07/2017 23:00;15.54;6.45;169.04;0.06;866.46;83.16;42
11/08/2017 00:00;15.3;6.5;207.62;0.05;866.45;67.35;36.86
11/08/2017 01:00;15.02;6.53;177.45;0.04;866.4;62.09;34.75
11/08/2017 02:00;15.11;6.4;160.19;0.13;866.31;56.57;32.49
11/08/2017 03:00;14.77;6.24;164.21;0.2;866.34;51.6;30.8
11/08/2017 04:00;14.33;6.12;161.5;0.12;865.93;48.96;29.87
11/08/2017 05:00;13.71;5.91;199.86;0.04;865.8;53.57;31.48
11/08/2017 06:00;13.7;5.78;155.64;0.13;865.7;53.95;31.79
11/08/2017 07:00;13.58;5.7;175.51;0.2;865.7;56.49;32.33
11/08/2017 08:00;13.77;6.03;161.75;0.24;865.96;87.63;38.15
11/08/2017 09:00;14.58;6.06;159.02;0.1;866.55;87.02;40.97
11/08/2017 10:00;15.79;6.12;140.25;0.17;866.65;93.13;37.28
11/08/2017 11:00;17.45;6.22;146.16;0.09;866.37;80.05;35.34
11/08/2017 12:00;17.69;6.1;293.03;0.11;866.12;72.17;35.42
11/08/2017 13:00;16.41;7.38;305.24;0.28;865.92;84.97;39.42
11/08/2017 14:00;13.94;9.73;313;0.39;866.46;58.89;35.14
11/08/2017 15:00;12.48;10.4;121.88;0.03;866.27;57.12;45.65
11/08/2017 16:00;12.71;10.69;220.59;0.07;865.44;54.85;43.72
11/08/2017 17:00;12.87;10.57;38.88;0.08;864.98;54.1;41.72
11/08/2017 18:00;13.15;10.2;153.62;0.07;864.48;53.1;39.55
11/08/2017 19:00;13.29;9.63;166.29;0.22;864.45;46.72;37.27
11/08/2017 20:00;13.57;8.76;164.32;0.25;864.36;45.06;30.6
11/08/2017 21:00;13.88;8.49;191.24;0.06;864.55;69.16;34.18
11/08/2017 22:00;12.43;9.16;350.68;0.18;865.11;49.67;34.64
11/08/2017 23:00;11.85;9.01;117.15;0.27;864.69;35.95;30.44
11/09/2017 00:00;12.1;8.9;163.07;0.05;864.03;41.14;31.21
11/09/2017 01:00;12.19;8.65;167.83;0.32;863.22;43.61;35.67
11/09/2017 02:00;11.59;8.36;171.38;0.17;862.67;44.65;37.65
11/09/2017 03:00;11.39;8.07;166.09;0.13;862.42;33.64;28.98
11/09/2017 04:00;11.64;7.52;197.44;0.13;862.1;24.47;21.42
11/09/2017 05:00;11.45;7.89;74.03;0.02;862.48;33.01;28.46
11/09/2017 06:00;10.73;8.21;331.42;0.07;862.59;42.63;36.88
11/09/2017 07:00;10.95;7.85;182.95;0.05;862.44;28.45;25.09
11/09/2017 08:00;11.41;7.22;170.66;0.11;862.72;22.02;16.77
11/09/2017 09:00;11.44;7.73;184.33;0.13;863.24;20.98;17.05
11/09/2017 10:00;10.83;8.74;163.79;0.06;863.72;23.09;18.95
11/09/2017 11:00;10.75;9.27;28.51;0.22;863.5;31.11;27.81
11/09/2017 12:00;11.16;9.42;220.76;0.02;863.19;30.98;27.18
11/09/2017 13:00;11.53;9.08;305.62;0.07;862.79;30.69;25.31
11/09/2017 14:00;12.57;9.65;246.86;0.02;862.21;35.82;31.22
11/09/2017 15:00;13.26;9.12;352.32;0.19;862;39.79;33.87
11/09/2017 16:00;13.21;8.58;8.52;0.21;861.82;48.5;34.85
11/09/2017 17:00;12.88;8.18;21.71;0.14;861.71;50.36;33.75
11/09/2017 18:00;13;8.19;158.37;0.08;861.7;44.66;30.41
11/09/2017 19:00;12.62;8.62;154.32;0.14;861.94;33.81;27.61
11/09/2017 20:00;12.14;7.53;150.56;0.21;862.03;27.28;19.39
11/09/2017 21:00;11.69;7.13;155.05;0.24;862.02;20.9;14.36
11/09/2017 22:00;11.38;7.29;180.79;0.26;862.03;17.81;14.29
11/09/2017 23:00;10.91;6.91;177.74;0.19;861.96;10.48;8.31
11/10/2017 00:00;9.82;7.51;176.91;0.29;861.75;6.92;6.04
11/10/2017 01:00;9.84;7.22;179.07;0.22;861.19;5.71;5.28
11/10/2017 02:00;9.89;6.87;185.28;0.15;860.93;6.54;6.16
11/10/2017 03:00;9.94;6.63;169.67;0.16;860.94;6.92;6.53
11/10/2017 04:00;9.73;6.2;168.97;0.24;860.84;8.63;8.19
11/10/2017 05:00;9.88;5.93;174.78;0.17;860.96;9.47;8.97
11/10/2017 06:00;9.59;5.84;167.35;0.23;860.93;10.65;9.78
11/10/2017 07:00;9.24;5.77;152.1;0.18;861.08;13.43;11.42
11/10/2017 08:00;9.61;5.84;156.24;0.17;861.34;16.62;13.15
11/10/2017 09:00;10.1;5.97;171.17;0.16;861.52;16.71;12.68
11/10/2017 10:00;9.97;6.6;176.27;0.15;861.54;17.2;13.41
11/10/2017 11:00;10.93;6.7;170.98;0.28;861.3;19.11;14.73
11/10/2017 12:00;12.83;6.58;173.36;0.3;860.93;17.07;12.79
11/10/2017 13:00;14.67;5.66;220.78;0.07;860.35;26.84;13.23
11/10/2017 14:00;14.35;5.8;112.61;0.16;859.91;26.47;13.69
11/10/2017 15:00;14.53;5.83;117.74;0.12;859.79;27.4;16.5
11/10/2017 16:00;13.82;5.96;337.4;0.22;859.92;40.5;26.05
11/10/2017 17:00;12.97;5.9;359.28;0.24;860.02;42.82;28.85
11/10/2017 18:00;12.02;6.04;276.24;0.04;860.17;43.61;25.38
11/10/2017 19:00;11.18;6.3;121;0.06;860.51;63.44;38.1
11/10/2017 20:00;10.56;6.17;122.96;0.06;860.73;58.44;39.7
11/10/2017 21:00;10.55;6.13;189.63;0.03;860.77;57.36;39.36
11/10/2017 22:00;10.24;5.62;198.24;0.01;860.89;52.3;36.05
11/10/2017 23:00;9.94;4.3;171.95;0.12;860.98;43.66;30.48
11/11/2017 00:00;9.66;3.39;159.5;0.19;860.76;39.42;27.15
11/11/2017 01:00;9.41;3.23;166.63;0.18;860.45;40.1;28.56
11/11/2017 02:00;9.08;3.1;164.13;0.26;860.4;35.94;27.45
11/11/2017 03:00;8.98;3.76;148.07;0.25;860.39;32.59;26.62
11/11/2017 04:00;8.9;4.17;163.29;0.23;860.29;31.95;26.75
11/11/2017 05:00;8.55;4.23;155.07;0.24;860.28;31.48;26.97
11/11/2017 06:00;8.33;4.05;166.09;0.27;860.24;33.51;27.87
11/11/2017 07:00;8.03;4.06;163.01;0.3;860.45;38.44;29.62
11/11/2017 08:00;8.02;4.13;163.5;0.37;860.67;44.44;32.73
11/11/2017 09:00;8.51;4.19;170.36;0.31;861.13;45.13;32.2
11/11/2017 10:00;10.21;4.47;163.45;0.19;861.13;56.39;32.48
11/11/2017 11:00;12.46;4.6;174.45;0.26;861.05;53.3;31.76
11/11/2017 12:00;13.65;4.68;160.17;0.21;860.73;59.26;32.87
11/11/2017 13:00;13.87;4.23;151.57;0.15;860.11;70.95;35.67
11/11/2017 14:00;14.65;4.78;121.17;0.33;859.67;74.98;39.62
11/11/2017 15:00;15.13;4.46;338.25;0.2;859.37;90.75;49.23
11/11/2017 16:00;14.44;4.84;336.48;0.18;859.37;77.35;47.1
11/11/2017 17:00;13.91;5.02;331.34;0.13;859.51;97.4;50.69
11/11/2017 18:00;13.19;5.59;21.91;0.2;859.6;98.91;54.42
11/11/2017 19:00;12.42;5.46;102.29;0.25;859.97;113.88;60.58
11/11/2017 20:00;10.87;5.43;112.68;0.16;860.24;114.79;64.47
11/11/2017 21:00;10.95;4.92;172.1;0.13;860.44;87.78;56.98
11/11/2017 22:00;10.37;3.17;176.41;0.14;860.77;79.1;50.77
11/11/2017 23:00;9.54;3.14;27.13;0.35;861.6;42.27;25.79
11/12/2017 00:00;9.4;3.15;20.62;0.55;861.65;18.83;15.38
11/12/2017 01:00;9.5;2.4;8.21;0.17;861.46;16.67;13.95
11/12/2017 02:00;8.95;2.87;354.88;0.25;862.1;15.33;13.47
11/12/2017 03:00;8.22;3.07;37.06;0.05;862.11;15.51;14.11
11/12/2017 04:00;8.1;3.04;117.23;0.22;861.84;18.73;15.8
11/12/2017 05:00;7.12;2.9;40.97;0.04;862.12;19.95;16.81
11/12/2017 06:00;6.61;2.74;100.23;0.01;862.42;25.23;19.33
11/12/2017 07:00;5.81;1.88;179.3;0.01;862.81;36.01;24.84
11/12/2017 08:00;6.59;2.12;119.83;0.13;863.59;53.38;35.22
11/12/2017 09:00;7.93;2.56;118.34;0.21;863.97;49.93;30.1
11/12/2017 10:00;9.51;3.03;299.49;0.04;864.09;54.27;30.75
11/12/2017 11:00;11.23;3.62;320.26;0.31;864.29;59.01;34.06
11/12/2017 12:00;12.36;3.79;314.74;0.24;864.13;58.66;33.95
11/12/2017 13:00;12.76;2.81;291.93;0.32;863.63;58.25;36.27
11/12/2017 14:00;13.04;1.63;319.79;0.34;863.33;51.23;30.69
11/12/2017 15:00;13.22;1.97;303.52;0.3;863.19;65.44;33.65
11/12/2017 16:00;12.66;1.59;335.44;0.26;863.28;52.68;32.41
11/12/2017 17:00;12.19;1.32;315.2;0.19;863.22;39.63;27.35
11/12/2017 18:00;11.53;1.47;314.45;0.09;863.3;42.36;27.89
11/12/2017 19:00;11.02;0.74;103.31;0.14;863.51;67.14;31.73
11/12/2017 20:00;9.42;0.6;114.01;0.16;863.81;62.99;32.96
11/12/2017 21:00;8.72;-0.29;112.86;0.07;863.91;47.85;27.3
11/12/2017 22:00;8.51;-0.89;154.72;0.04;864.05;50.78;26.18
11/12/2017 23:00;7.69;-2.36;153.47;0.04;864.02;38.43;19.29
11/13/2017 00:00;7.18;-2.27;136.21;0.07;863.99;36.19;20.41
11/13/2017 01:00;6.58;-2.03;171.59;0.05;863.83;41.74;21.22
11/13/2017 02:00;6.26;-1.44;169.61;0.01;863.55;45.84;24.43
11/13/2017 03:00;5.87;-1.4;163.42;0.01;863.65;36.43;22.31
11/13/2017 04:00;5.77;-1.43;191.64;0.02;863.63;28.76;20.33
11/13/2017 05:00;5.58;-1.35;200.29;0.01;863.82;27.53;20
11/13/2017 06:00;5.82;-1.59;203.31;0.04;863.98;28.16;20.81
11/13/2017 07:00;5.68;-1.51;190.23;0.03;864.32;54.06;25.08
11/13/2017 08:00;6.33;-1.16;171.25;0.06;864.84;96.39;35.63
11/13/2017 09:00;7.65;-0.74;88.07;0.03;865.27;68.14;33.48
11/13/2017 10:00;9.5;-0.58;292.2;0.21;865.6;74.45;37.28
11/13/2017 11:00;11.02;-0.23;304.71;0.24;865.68;82.65;44.78
11/13/2017 12:00;12.82;0.69;354;0.1;865.3;77.69;46.29
11/13/2017 13:00;13.69;1.14;292.83;0.29;864.75;66.29;40.93
11/13/2017 14:00;14.67;0.84;305.79;0.19;864.31;64.25;35.69
11/13/2017 15:00;14.3;0.57;314.41;0.28;864.04;71.54;35.25
11/13/2017 16:00;13.61;-0.01;320.72;0.22;863.92;54.75;27.83
11/13/2017 17:00;13.17;-0.3;328.52;0.12;863.95;56.98;29.99
11/13/2017 18:00;12.6;-0.46;80.24;0.11;864.07;55.08;29.84
11/13/2017 19:00;11.2;-0.43;114.49;0.25;864.34;93.15;43.88
11/13/2017 20:00;10.3;-0.46;104.9;0.18;864.57;64.7;33.76
11/13/2017 21:00;10.07;-0.29;157.43;0.09;864.61;59.79;38.63
11/13/2017 22:00;9.34;-0.44;170.86;0.09;864.63;51.23;35.93
11/13/2017 23:00;8.71;-1.01;229.29;0.07;864.57;50.08;28.89
11/14/2017 00:00;8.17;-1.79;210.79;0.04;864.44;35.22;18.52
11/14/2017 01:00;7.84;-2.21;171.08;0.14;864.59;22.77;13.03
11/14/2017 02:00;7.48;-2.25;208.63;0.04;864.77;21.76;12.89
11/14/2017 03:00;7;-1.63;214.6;0.03;864.87;27.32;19.28
11/14/2017 04:00;7.28;-1.2;170.23;0.21;864.5;24.11;16.67
11/14/2017 05:00;6.78;-0.75;167.08;0.24;864.31;30.5;21.11
11/14/2017 06:00;6.38;-0.9;168.78;0.27;864.29;31.82;22.2
11/14/2017 07:00;6.15;-0.74;170.1;0.28;864.28;66;28.25
11/14/2017 08:00;6.17;-0.55;161.23;0.24;864.52;52.87;29.32
11/14/2017 09:00;6.96;-0.53;132.03;0.27;864.97;73.61;34.72
11/14/2017 10:00;8.58;-0.5;171.19;0.27;864.9;55.83;29.22
11/14/2017 11:00;11.63;-0.39;180.69;0.01;865.01;60.9;32.65
11/14/2017 12:00;13.19;-0.58;117.45;0.47;864.49;84.16;41.28
11/14/2017 13:00;14.18;-0.64;98.82;0.15;863.56;84.25;48.55
11/14/2017 14:00;14.88;-0.5;302.41;0.13;862.92;75.76;38.88
11/14/2017 15:00;14.64;-0.7;298.84;0.24;862.59;66.23;33.26
11/14/2017 16:00;13.91;-0.68;341.12;0.16;862.33;61.47;31.51
11/14/2017 17:00;13.39;-0.7;343.84;0.09;862.27;62.6;30.64
11/14/2017 18:00;12.83;-0.66;30.76;0.08;862.32;60.99;31.43
11/14/2017 19:00;11.26;0.25;114.05;0.46;862.38;105.88;53.24
11/14/2017 20:00;10.16;0.33;109.18;0.27;862.39;77.57;46.4
11/14/2017 21:00;10.03;0.52;186.89;0.13;862.41;98.92;50.4
11/14/2017 22:00;9.32;0.25;191.71;0.1;862.37;95.37;48.47
11/14/2017 23:00;8.8;-0.64;179.2;0.06;862.32;76.62;38.08
11/15/2017 00:00;8.18;-1.52;240.49;0.05;862.28;55.07;28.02
11/15/2017 01:00;7.96;-2.62;227.14;0.07;862.07;40.17;23.04
11/15/2017 02:00;7.61;-3.23;210.48;0.08;861.87;28.14;19.2
11/15/2017 03:00;7.59;-3.54;179.09;0.08;862.03;29.81;22.01
11/15/2017 04:00;6.77;-2.91;263.36;0.03;862.06;31.5;20.9
11/15/2017 05:00;6.58;-3.61;245.35;0.06;861.99;26.29;17.73
11/15/2017 06:00;6.41;-3.42;189.05;0.05;862.1;22.85;17.4
11/15/2017 07:00;6.1;-3.22;188.24;0.04;862.44;33.69;19.98
11/15/2017 08:00;6.45;-3.03;239.02;0.05;862.93;173.36;43.29
11/15/2017 09:00;7.79;-2.56;162.31;0.04;863.48;76.96;33.07
11/15/2017 10:00;9.62;-2.19;171.96;0.01;863.81;81.07;38.81
11/15/2017 11:00;12.42;-0.66;304.69;0.1;863.81;74.37;37.93
11/15/2017 12:00;13.74;0.04;313.73;0.23;863.38;77.6;39.37
11/15/2017 13:00;14.35;0.93;300.24;0.32;862.91;72.99;36.81
11/15/2017 14:00;14.85;1.8;323.71;0.26;862.62;70.32;37.31
11/15/2017 15:00;14.7;1.09;304.15;0.33;862.48;62.25;33.77
11/15/2017 16:00;14.05;0.89;326;0.18;862.43;67.93;35.27
11/15/2017 17:00;13.42;0.87;331.45;0.19;862.47;57.57;34.55
11/15/2017 18:00;12.97;1.02;1.01;0.12;862.8;56.1;31.33
11/15/2017 19:00;12.32;1.19;340.9;0.13;863.16;61.75;35.47
11/15/2017 20:00;11.22;1.23;112.75;0.37;863.51;66.55;40.62
11/15/2017 21:00;9.79;0.81;113.87;0.42;863.72;71.08;34.75
11/15/2017 22:00;9.64;0.79;188.12;0.07;863.92;67.5;34.57
11/15/2017 23:00;8.77;0.12;260.1;0.08;863.91;65.05;35.33
11/16/2017 00:00;8.57;-0.63;174.72;0.09;863.86;48.94;28.25
11/16/2017 01:00;8.56;-1.03;205.23;0.08;863.82;42.33;23.48
11/16/2017 02:00;8.38;-1.06;196.32;0.14;863.91;34.79;21.13
11/16/2017 03:00;8.07;-1.12;225.54;0.09;864.09;30.37;18.79
11/16/2017 04:00;7.87;-1.18;195.9;0.1;864.21;28.8;17.72
11/16/2017 05:00;7.64;-1.22;167.37;0.15;864.38;28.84;18.32
11/16/2017 06:00;7.08;-1.39;168.56;0.21;864.88;34.18;19.2
11/16/2017 07:00;6.64;-1.32;183.83;0.19;865.42;45.2;23.03
11/16/2017 08:00;6.79;-1.19;170.49;0.21;865.75;56.69;29.3
11/16/2017 09:00;7.47;-1.22;186.34;0.15;866.17;83.44;31.18
11/16/2017 10:00;9.14;-1.25;176.48;0.21;866.3;74.25;28.52
11/16/2017 11:00;11.94;-1.68;176.11;0.26;866.23;67.05;23.83
11/16/2017 12:00;14.41;-2.72;170.14;0.41;865.71;51.24;14.8
11/16/2017 13:00;16.09;-2.83;177.7;0.26;865.08;52.28;14.44
11/16/2017 14:00;16.69;-3.27;191.84;0.33;864.55;50.04;12.56
11/16/2017 15:00;16.52;-3.78;199.97;0.31;864.34;32.53;10.78
11/16/2017 16:00;15.41;-3.95;241.53;0.17;864.32;37.91;13.32
11/16/2017 17:00;14.08;-0.92;94.41;0.04;864.49;142.02;51.6
11/16/2017 18:00;12.82;-0.97;100.36;0.04;864.57;107.47;46.47
11/16/2017 19:00;11.93;-0.65;122.52;0.13;864.86;82.88;48.23
11/16/2017 20:00;10.87;-2.65;141.4;0.1;865.25;88.31;35.9
11/16/2017 21:00;10.56;-4.37;177.58;0.26;865.28;47.13;20.57
11/16/2017 22:00;9.92;-3.16;174.76;0.2;865.19;36.68;16.76
11/16/2017 23:00;9.3;-2.48;160.37;0.24;865.18;25.73;12.74
11/17/2017 00:00;8.62;-2.61;166.69;0.21;864.91;22.72;11.85
11/17/2017 01:00;8.09;-2.85;161.03;0.27;864.81;21.13;11.04
11/17/2017 02:00;7.73;-3.08;160.41;0.26;864.93;16.37;10.13
11/17/2017 03:00;7.49;-3.17;142.23;0.29;865.24;27.8;20.78
11/17/2017 04:00;7.04;-3.24;159.03;0.21;865.09;16.11;10.77
11/17/2017 05:00;6.72;-3.06;169.52;0.22;864.97;15.14;10.55
11/17/2017 06:00;6.32;-3;167.02;0.26;865.04;17.35;11.61
11/17/2017 07:00;5.84;-2.97;171.34;0.21;865.14;23.77;12.12
11/17/2017 08:00;5.7;-3.02;169.87;0.26;865.52;28.64;13.58
11/17/2017 09:00;6.21;-2.88;166.26;0.2;866.02;32.04;14.25
11/17/2017 10:00;7.72;-2.58;139.65;0.32;866.17;68.8;20.1
11/17/2017 11:00;10.76;-2.56;154.33;0.21;866.1;35.48;14.82
11/17/2017 12:00;12.85;-2.71;148.79;0.23;865.67;35.62;15.79
11/17/2017 13:00;13.54;-2.74;218.2;0.07;865.12;45.23;23.78
11/17/2017 14:00;14.12;-1.75;307.5;0.14;864.54;65.23;38.52
11/17/2017 15:00;13.61;-1.82;310.37;0.28;864.17;58.35;36.39
11/17/2017 16:00;13.39;-1.72;341.7;0.19;864.13;54.17;33.29
11/17/2017 17:00;12.52;-1.58;308.46;0.12;864.13;54.77;32.37
11/17/2017 18:00;11.52;-1.51;348.55;0.03;864.19;57.93;31.3
11/17/2017 19:00;10.51;-1.46;110.39;0.07;864.28;70.3;39.06
11/17/2017 20:00;9.16;-1.28;121.28;0.12;864.55;63.72;39.48
11/17/2017 21:00;8.98;-1.28;240.09;0.06;864.72;58.49;41.06
11/17/2017 22:00;8.47;-1.53;246.31;0.03;864.82;59.41;42.06
11/17/2017 23:00;8.01;-2.62;192.94;0.06;864.89;48.05;34.86
11/18/2017 00:00;7.68;-4.46;166.54;0.13;864.79;37.33;24.46
11/18/2017 01:00;7.64;-4.76;174.8;0.14;864.83;31.05;20.99
11/18/2017 02:00;7.33;-3.82;173.84;0.18;864.81;29.82;21.2
11/18/2017 03:00;6.79;-3.32;166.47;0.34;864.85;29.42;21.01
11/18/2017 04:00;6.34;-3.31;168.6;0.23;864.94;25.11;19.69
11/18/2017 05:00;6.39;-3.6;158.82;0.26;864.95;21.48;17.13
11/18/2017 06:00;6.19;-3.58;155.91;0.34;865.14;21.68;16.3
11/18/2017 07:00;5.89;-3.47;152.45;0.19;865.45;23.15;17.43
11/18/2017 08:00;6.08;-3.38;174.72;0.25;865.71;58.9;27.23
11/18/2017 09:00;6.8;-3.25;165.39;0.16;866.39;44.42;25.01
11/18/2017 10:00;8.53;-3;176.32;0.13;866.58;55.94;27.64
11/18/2017 11:00;11.29;-2.85;149.01;0.25;866.56;64.33;31.52
11/18/2017 12:00;13.05;-3.01;325.82;0.05;866.28;58.24;29.12
11/18/2017 13:00;13.73;-2.98;313.72;0.24;865.8;76.79;36.18
11/18/2017 14:00;13.92;-2.71;342.79;0.11;865.31;74.47;34.42
11/18/2017 15:00;14.28;-2.47;88.11;0.01;864.79;82.6;39.19
11/18/2017 16:00;13.26;-2.08;334.26;0.25;864.83;83.37;40.54
11/18/2017 17:00;12.61;-2.06;326.25;0.1;864.75;75.24;38.31
11/18/2017 18:00;11.9;-2.13;85.63;0.07;864.61;96.17;41.93
11/18/2017 19:00;10.42;-1.45;112.39;0.6;864.76;185.86;81.38
11/18/2017 20:00;9.57;-1.53;109.3;0.21;865.02;115.4;61.6
11/18/2017 21:00;9.34;-1.57;179.18;0.04;865.25;108.38;61.71
11/18/2017 22:00;8.93;-1.87;171.75;0.04;865.42;83.87;51.82
11/18/2017 23:00;8.55;-3.42;179.53;0.09;865.29;50.44;32.36
11/19/2017 00:00;8.22;-5.28;160.11;0.08;865.25;44.93;23.09
11/19/2017 01:00;8.06;-6.57;181.91;0.14;865.08;40.37;18.87
11/19/2017 02:00;7.89;-6.82;162.47;0.25;864.71;39.19;19.46
11/19/2017 03:00;7.53;-4.23;163.74;0.26;864.61;41.87;26.74
11/19/2017 04:00;7.06;-3.97;163.69;0.22;864.39;36;24.74
11/19/2017 05:00;6.52;-3.82;149.41;0.18;864.4;34.75;25.67
11/19/2017 06:00;6.54;-4.18;169.08;0.17;864.37;32.82;23.84
11/19/2017 07:00;6.35;-5.19;165.89;0.15;864.4;79.18;27.61
11/19/2017 08:00;6.35;-4.91;189.02;0.1;864.58;44.41;23.33
11/19/2017 09:00;6.88;-3.72;171.57;0.14;865.05;46.05;28.89
11/19/2017 10:00;8.35;-3.43;183.3;0.15;865.24;65.09;34.3
11/19/2017 11:00;11.31;-3.24;175.86;0.18;865.07;71.24;32.09
11/19/2017 12:00;13.2;-3.65;145.78;0.19;864.53;62.41;29.9
11/19/2017 13:00;13.79;-3.84;182.92;0.03;863.73;71.95;33.67
11/19/2017 14:00;14.27;-3.55;293.11;0.14;863.03;75.87;37.46
11/19/2017 15:00;14.35;-3.43;278.5;0.1;862.64;82.97;39.5
11/19/2017 16:00;13.73;-3.1;301.13;0.16;862.43;99.63;50.38
11/19/2017 17:00;13.1;-3.01;317.52;0.06;862.3;102.6;47.55
11/19/2017 18:00;11.94;-2.52;77.35;0.04;862.1;112.19;50.23
11/19/2017 19:00;10.76;-1.95;105.99;0.1;862.07;178.88;73.5
11/19/2017 20:00;10.05;-2.02;123.01;0.05;862;123.07;66.1
11/19/2017 21:00;9.92;-2.12;193.88;0.08;861.95;112.25;61.65
11/19/2017 22:00;9.54;-2.79;156.3;0.05;861.85;82.62;47.49
11/19/2017 23:00;9.14;-3.14;148.99;0.04;861.89;71.86;41.35
11/20/2017 00:00;9.1;-3.14;135.7;0.14;861.81;67.7;40.19
11/20/2017 01:00;9.45;-3.43;181.33;0.02;861.7;68.25;38.44
11/20/2017 02:00;9.19;-3.51;163.75;0.01;862.03;66.6;36.58
11/20/2017 03:00;8.83;-2.86;114.71;0.06;862.41;62.79;38.75
11/20/2017 04:00;9.26;-3.39;357.94;0.07;862.33;64.09;42.93
11/20/2017 05:00;8.85;-3.29;110.68;0.12;862.26;65.59;43.23
11/20/2017 06:00;8.43;-2.85;107.76;0.02;862.14;60.84;41.91
11/20/2017 07:00;8.08;-2.71;129.63;0.06;862.34;90.08;51.51
11/20/2017 08:00;9.15;-2.62;60.08;0.04;862.4;127.96;56.53
11/20/2017 09:00;9.81;-2.25;47.22;0.11;862.68;86.04;49.35
11/20/2017 10:00;10.68;-2.14;123.82;0.21;862.67;97.92;52.68
11/20/2017 11:00;12.37;-1.51;286.89;0.1;862.44;109.24;53.83
11/20/2017 12:00;12.89;0;345.3;0.32;861.88;101.13;52.39
11/20/2017 13:00;14.01;1.36;302.64;0.23;861;86.85;44.74
11/20/2017 14:00;14.2;1.76;2.6;0.23;860.21;81.8;39.14
11/20/2017 15:00;14.02;1.9;106.31;0.53;859.88;149.75;43.18
11/20/2017 16:00;12.58;4.03;102.79;0.38;860;63.19;32.13
11/20/2017 17:00;12.71;3.62;333.91;0.22;859.76;63.04;35.88
11/20/2017 18:00;11.79;3.92;19.33;0.44;859.79;62.81;40.15
11/20/2017 19:00;11.4;3.97;352.2;0.17;860.06;58.09;38.81
11/20/2017 20:00;10.9;4.44;77.46;0.15;860.17;53.2;38.51
11/20/2017 21:00;8.84;6.02;108.19;0.17;859.91;61.61;52.03
11/20/2017 22:00;8.52;5.91;109.34;0.08;859.76;58.12;49.63
11/20/2017 23:00;8.2;5.65;118.72;0.06;859.43;61.35;50.73
11/21/2017 00:00;8.16;5.46;137.73;0.02;859.21;67.36;49.28
11/21/2017 01:00;8.53;5.23;226.22;0.02;858.85;60.54;46.9
11/21/2017 02:00;8.7;4.98;242.35;0.01;858.63;55.67;44.39
11/21/2017 03:00;8.76;5.03;188.52;0.01;858.41;53.43;43.57
11/21/2017 04:00;8.93;4.8;125.31;0.02;858.02;51.69;42.17
11/21/2017 05:00;9;4.69;180.83;0;857.73;50.33;40.74
11/21/2017 06:00;8.49;4.63;78.88;0.01;857.51;56.77;42.82
11/21/2017 07:00;7.85;4.6;158.32;0.04;857.45;68.6;48.48
11/21/2017 08:00;8.35;4.28;156.95;0.07;857.6;78.68;54.78
11/21/2017 09:00;9.12;4.33;115.88;0.12;857.61;76.08;50.25
11/21/2017 10:00;10.06;4.81;359.12;0.11;857.46;69.23;45.84
11/21/2017 11:00;10.61;5.53;356.68;0.24;857.33;55.08;38.16
11/21/2017 12:00;10.89;5.79;5.35;0.37;856.9;55.19;40.36
11/21/2017 13:00;9.39;6.96;355.5;0.28;856.39;37.37;28.79
11/21/2017 14:00;9.36;7.57;352.16;0.28;855.29;38.06;31.37
11/21/2017 15:00;9.88;7.17;325.09;0.37;854.41;33.46;27.37
11/21/2017 16:00;10.19;6.34;337.02;0.24;853.99;35.69;22.8
11/21/2017 17:00;10.11;6.08;345.97;0.25;853.84;27.67;17.84
11/21/2017 18:00;9.42;6.71;61.52;0.14;853.97;23.7;19.39
11/21/2017 19:00;8.88;5.95;86.96;0.05;853.38;11.21;9.63
11/21/2017 20:00;9.68;5.15;343.49;0.16;853.17;14.6;11.14
11/21/2017 21:00;9.77;5.04;327.29;0.14;853.14;18.32;12.75
11/21/2017 22:00;9.17;5.11;322.75;0.21;853.03;26.68;16.44
11/21/2017 23:00;8.35;5.38;273.41;0.07;852.95;20.36;15.47
11/22/2017 00:00;8.32;5.52;139.9;0;852.43;27.42;21.18
11/22/2017 01:00;8.35;5.28;228.36;0.01;852.25;18.96;13.54
11/22/2017 02:00;7.97;5.24;115.81;0.06;851.61;22.52;16.23
11/22/2017 03:00;7.79;5.24;111.88;0.13;851.93;22.48;17.02
11/22/2017 04:00;7.99;5.05;276.29;0.02;851.54;19.84;15.86
11/22/2017 05:00;7.95;5.08;10.32;0.09;851.43;19.87;14.97
11/22/2017 06:00;7.5;5.55;62.89;0.1;851.31;16.33;13.05
11/22/2017 07:00;7.39;4.81;108.09;0.56;851.35;10.37;7.94
11/22/2017 08:00;7.36;4.1;101.05;0.61;851.92;5.82;4.26
11/22/2017 09:00;7.37;3.65;103.94;0.98;851.88;8;3.97
11/22/2017 10:00;6.7;3.44;105.8;1.46;852.22;9.43;6.38
11/22/2017 11:00;7.57;3.06;103.3;1.26;852.1;17.07;8.29
11/22/2017 12:00;8.91;3.36;291.95;0.03;851.37;17.16;7.44
11/22/2017 13:00;11.92;2.28;23.9;0.19;850.93;51.04;13.92
11/22/2017 14:00;12.93;1.22;106.26;0.98;850.56;36;10.72
11/22/2017 15:00;12.54;0.5;107.6;1.14;850.28;46.24;12.73
11/22/2017 16:00;10.89;0.31;96.81;0.68;850.56;49.37;14.76
11/22/2017 17:00;10.49;-0.1;34.68;0.43;850.75;57.95;17.09
11/22/2017 18:00;9.51;0.22;100.38;0.55;850.97;43.58;16.78
11/22/2017 19:00;8.67;-0.04;103.02;0.57;851.51;39.08;13.23
11/22/2017 20:00;8.04;-2.36;85.58;0.33;851.91;40.11;14.04
11/22/2017 21:00;7.46;-3.7;104.83;0.63;852.1;23.1;9.46
11/22/2017 22:00;6.5;-2.94;42.86;0.21;852.31;40.73;17.21
11/22/2017 23:00;5.79;-2.66;351.02;0.09;852.34;51.95;19.9
11/23/2017 00:00;5.53;-2.73;307.02;0.12;852.26;46.18;19.75
11/23/2017 01:00;5.07;-2.7;289.58;0.11;852.22;31.14;15.3
11/23/2017 02:00;4.28;-2.24;319.07;0.41;852.21;28.46;17.91
11/23/2017 03:00;3.77;-2.19;7.84;0.03;852.6;20.24;13.84
11/23/2017 04:00;4.04;-2.58;295.01;0.13;852.7;19.79;14.1
11/23/2017 05:00;3.72;-3.08;296.57;0.23;852.74;21.03;14.58
11/23/2017 06:00;3.76;-3.63;320.99;0.17;853.14;21.63;13.39
11/23/2017 07:00;3.97;-5.93;107.26;0.76;853.56;14.17;7.38
11/23/2017 08:00;3.95;-7.52;104.75;0.75;854.04;21.05;6.54
11/23/2017 09:00;4.49;-7.14;106.22;1.09;854.42;22.54;6.98
11/23/2017 10:00;5.37;-7.29;105.1;0.95;854.62;35.08;9.23
11/23/2017 11:00;6.38;-7.72;105.57;1.51;854.79;47.71;9.59
11/23/2017 12:00;7.64;-8.43;47.79;0.31;854.65;54.8;11.11
11/23/2017 13:00;8.38;-8.63;58.82;0.31;854.38;39.93;9.74
11/23/2017 14:00;7.99;-8.98;31.74;0.27;854.16;45.58;10.96
11/23/2017 15:00;7.78;-9.53;87.65;0.47;854.1;40.86;9.02
11/23/2017 16:00;6.68;-9.65;90.32;0.44;854.2;73.46;13.73
11/23/2017 17:00;6.02;-9.13;103.96;0.52;854.48;46.92;11.76
11/23/2017 18:00;5.23;-8.28;113.85;0.8;854.61;26.11;9.41
11/23/2017 19:00;4.79;-8.01;107.92;0.85;854.77;19.16;8.34
11/23/2017 20:00;4.48;-7.67;109.25;0.78;855.11;18.45;8.59
11/23/2017 21:00;4.19;-6.72;111.78;0.61;855.23;19.4;8.57
11/23/2017 22:00;3.89;-6.16;110.11;0.71;855.4;14.47;7.85
11/23/2017 23:00;3.9;-5.79;106.31;0.46;855.69;20.38;9.6
11/24/2017 00:00;3.96;-5.67;341.94;0.2;855.69;31.74;13.68
11/24/2017 01:00;3.17;-5.5;354.02;0.32;855.72;35.58;19.06
11/24/2017 02:00;2.83;-5.9;1.31;0.3;855.69;30.66;18.85
11/24/2017 03:00;2.65;-6.53;338.56;0.23;855.67;13.51;7.93
11/24/2017 04:00;2.26;-7.1;294.92;0.21;855.66;6.37;4.53
11/24/2017 05:00;2.02;-6.9;145.9;0.04;855.48;9.23;6.24
11/24/2017 06:00;1.31;-5.94;123.54;0.1;855.38;17.46;11.71
11/24/2017 07:00;1.73;-6.26;186.06;0.08;855.41;17.3;10.46
11/24/2017 08:00;1.73;-6.21;125.64;0.14;855.57;25.88;13.14
11/24/2017 09:00;2.39;-5.95;116.85;0.18;855.9;36.8;15.88
11/24/2017 10:00;3.12;-5.56;5.81;0.1;856.38;63.08;28.92
11/24/2017 11:00;3.3;-6;34.41;0.2;856.54;43.55;14.34
11/24/2017 12:00;4.78;-7.26;90.45;0.47;855.97;41.26;10.24
11/24/2017 13:00;5.03;-8.01;107.45;0.85;855.59;34.85;7.97
11/24/2017 14:00;4.34;-6.98;87.18;0.39;855.53;109.01;20.95
11/24/2017 15:00;-0.87;-4.1;356.45;0.44;856.44;71.99;37.27
11/24/2017 16:00;-2.21;-3.24;4.92;0.42;857.4;5.13;4.28
11/24/2017 17:00;-2.18;-3.22;2.45;0.21;858.11;6.23;5.34
11/24/2017 18:00;-1.9;-3.34;21.93;0.04;858.58;9.55;8.39
11/24/2017 19:00;-2.13;-5.18;313.44;0.13;859.26;7.69;6.97
11/24/2017 20:00;-1.91;-6.19;337.15;0.12;859.61;5.93;5.54
11/24/2017 21:00;-2.01;-6.37;140.86;0.02;860.07;12.74;11.05
11/24/2017 22:00;-2.77;-6.43;118.13;0.34;860.53;16.36;14.28
11/24/2017 23:00;-2.5;-6.54;122.39;0.08;860.46;15.51;11.77
11/25/2017 00:00;-2.14;-6.64;112.42;0.22;860.73;23.47;18.29
11/25/2017 01:00;-1.46;-6.37;287.35;0.11;860.92;22.36;14.25
11/25/2017 02:00;-1.54;-7.49;339.52;0.19;861.13;16.83;8.9
11/25/2017 03:00;-1.65;-7.24;107.23;0.14;861.17;19.94;13.62
11/25/2017 04:00;-2.29;-7.32;311.18;0.25;861.32;16.54;13.41
11/25/2017 05:00;-2.48;-7.34;292.56;0.06;861.82;15.15;12.35
11/25/2017 06:00;-1.96;-6.8;308.8;0.06;862.44;23.31;18.24
11/25/2017 07:00;-1.84;-6.74;311.04;0.22;863.17;28.99;20.39
11/25/2017 08:00;-1.8;-6.62;59.33;0.02;863.86;32.51;23.15
11/25/2017 09:00;-1.51;-6.45;49.46;0.03;864.44;36.32;25.56
11/25/2017 10:00;-0.49;-6.53;305.16;0.31;864.9;35.23;24.39
11/25/2017 11:00;1.07;-6.42;308.47;0.29;865.25;38.46;24.79
11/25/2017 12:00;2.22;-5.77;303.83;0.14;865.38;43.39;27.91
11/25/2017 13:00;3.4;-6.29;315.57;0.26;865.02;59;29.9
11/25/2017 14:00;4.03;-6.95;301.36;0.27;864.99;66.1;24.69
11/25/2017 15:00;3.27;-7.62;312.97;0.38;864.97;60.11;19.99
11/25/2017 16:00;2.98;-7.67;334.62;0.33;865.33;52.6;20.56
11/25/2017 17:00;2.66;-8.25;355.28;0.36;865.79;44.65;16.34
11/25/2017 18:00;1.98;-8.89;22.03;0.23;866.13;33.76;11.14
11/25/2017 19:00;1.69;-9.77;77.33;0.09;866.64;24.86;8.71
11/25/2017 20:00;1.11;-8.37;115.41;0.45;866.95;48.91;19.26
11/25/2017 21:00;0.58;-7.42;128.79;0.2;867.22;43.78;18.91
11/25/2017 22:00;0.5;-7.83;188.07;0.1;867.33;52.88;19.92
11/25/2017 23:00;-0.03;-8.22;187.45;0.12;867.41;39.57;16.3
11/26/2017 00:00;-0.8;-8.88;207.26;0.1;867.24;33.55;16.46
11/26/2017 01:00;-1.05;-9.08;178.01;0.11;867.19;29.61;19.45
11/26/2017 02:00;-1.26;-9.15;190.92;0.11;867.23;23.08;16.79
11/26/2017 03:00;-1.7;-9.26;185.73;0.11;867.2;19.49;15.33
11/26/2017 04:00;-1.87;-8.91;179.76;0.14;866.97;15.13;11.95
11/26/2017 05:00;-2.01;-8.72;170.58;0.19;866.74;14.79;12.11
11/26/2017 06:00;-2.26;-8.72;181.65;0.16;866.87;17.85;13.2
11/26/2017 07:00;-2.33;-8.63;181.79;0.17;866.89;31.87;19.07
11/26/2017 08:00;-1.8;-8.62;170.3;0.17;866.92;67.31;26.04
11/26/2017 09:00;-0.61;-8.63;171.1;0.2;866.98;55.86;23.7
11/26/2017 10:00;0.54;-8.44;166.73;0.22;866.78;52.13;25.79
11/26/2017 11:00;2.08;-8.28;171.04;0.42;866.62;43.95;25.21
11/26/2017 12:00;3.66;-7.94;173.61;0.25;866.03;48.03;24.66
11/26/2017 13:00;5.13;-7.71;110.9;0.15;865.33;61.27;30.06
11/26/2017 14:00;4.81;-7.06;285.06;0.3;864.83;75.72;32.57
11/26/2017 15:00;5.13;-6.82;344.89;0.17;864.53;71.9;33.13
11/26/2017 16:00;4.43;-6.31;317.68;0.29;864.48;60.67;29.88
11/26/2017 18:00;3.25;-5.66;5.18;0.23;864.72;57.05;29.25
11/26/2017 19:00;3.14;-5.73;313.5;0.16;864.91;54.5;28.98
11/26/2017 20:00;1.75;-5.45;112.4;0.52;865.08;63.37;37.85
11/26/2017 21:00;0.66;-5.79;109.48;0.42;865.11;54.23;36.71
11/26/2017 22:00;0.43;-5.84;117.53;0.16;865.06;65.87;37.44
11/26/2017 23:00;0.3;-6.36;166.01;0.1;864.98;57.21;34.17
11/27/2017 00:00;-0.19;-6.86;169.24;0.16;864.97;49.07;33.01
11/27/2017 01:00;-0.48;-7.2;168.51;0.14;864.74;46.89;31.54
11/27/2017 02:00;-0.75;-7.51;197.28;0.09;864.33;41.48;29.86
11/27/2017 03:00;-1.05;-7.91;198.42;0.06;864.24;37.19;28.28
11/27/2017 04:00;-1.37;-8.15;179.21;0.06;864.13;32.31;26.47
11/27/2017 05:00;-1.46;-8.22;180.71;0.06;863.82;31.81;26.52
11/27/2017 06:00;-1.6;-8.17;211.05;0.05;863.81;36.31;27.34
11/27/2017 07:00;-1.6;-8.03;191.18;0.06;863.92;42.19;29.08
11/27/2017 08:00;-1.5;-7.76;233.02;0.04;864.14;53.71;31.13
11/27/2017 09:00;-0.83;-7.92;215.15;0.08;864.45;61.52;35.62
11/27/2017 10:00;0.73;-7.28;188.65;0.09;864.34;80.99;43.53
11/27/2017 11:00;3.24;-6.23;314.66;0.16;864.19;71.2;40.99
11/27/2017 12:00;4.17;-5.66;284.62;0.3;863.95;80.45;46.19
11/27/2017 13:00;4.74;-5.42;302.59;0.31;863.25;71.43;45.96
11/27/2017 14:00;5.19;-5.13;320.73;0.36;862.8;73.72;48.11
11/27/2017 15:00;4.93;-5;298.29;0.52;862.47;67.78;44.97
11/27/2017 16:00;4.48;-4.77;294.48;0.42;862.2;67.91;44.9
11/27/2017 17:00;4.31;-4.6;298.31;0.32;862.17;65.98;44.13
11/27/2017 18:00;3.92;-4.69;302.42;0.28;861.98;65.45;42.43
11/27/2017 19:00;3.51;-4.56;288.25;0.18;862.01;66.7;41.73
11/27/2017 20:00;2.76;-4.47;126.64;0.11;862.28;91.68;54.43
11/27/2017 21:00;1.83;-4.46;118.04;0.14;862.26;83.01;55.1
11/27/2017 22:00;1.41;-4.56;114.06;0.13;862.52;77.56;52.14
11/27/2017 23:00;0.98;-4.71;115.69;0.14;862.89;72.5;52.5
11/28/2017 00:00;0.31;-5.09;117.36;0.05;863.07;59.67;44.83
11/28/2017 01:00;0.15;-5.23;124.85;0.07;863.25;56.09;43.85
11/28/2017 02:00;0.11;-5.16;192.51;0.04;863.39;62.58;50.05
11/28/2017 03:00;0.26;-5.31;176.03;0.03;863.61;55.21;45.72
11/28/2017 04:00;0.24;-5.49;188.95;0.03;863.63;45.57;39.24
11/28/2017 05:00;0.06;-6.05;241.46;0.04;863.36;41.42;35.91
11/28/2017 06:00;-0.26;-6.59;201.33;0.03;863.43;43.46;32.7
11/28/2017 07:00;-0.73;-6.42;182.13;0.06;863.74;58.62;35.1
11/28/2017 08:00;-0.24;-6.18;166.72;0.06;864.24;98.29;44.82
11/28/2017 09:00;0.84;-6;142.6;0.07;864.58;75.38;46.36
11/28/2017 10:00;2.08;-5.41;77.15;0.06;864.83;74.57;46.27
11/28/2017 11:00;4.23;-4.4;306.11;0.3;864.75;88;57.22
11/28/2017 12:00;5.38;-3.79;305.05;0.4;864.14;93.58;60.55
11/28/2017 13:00;6.55;-3.28;307.14;0.44;863.68;90.77;58.07
11/28/2017 14:00;7.17;-3.4;300.61;0.48;863.47;86.55;53.34
11/28/2017 15:00;7.33;-3.91;308.61;0.41;863.31;82.54;48.65
11/28/2017 16:00;6.86;-4.06;317.14;0.36;863.2;72.6;46
11/28/2017 17:00;6.65;-3.59;318.8;0.19;863.34;74.12;47.43
11/28/2017 18:00;6.26;-3.73;328.8;0.12;863.42;72.61;46.39
11/28/2017 19:00;5.76;-3.38;25.77;0.08;863.98;72.6;52.87
11/28/2017 20:00;4.2;-3.62;120.99;0.62;864.29;88.94;54.58
11/28/2017 21:00;3.52;-3.96;116.83;0.59;864.36;65.01;45.52
11/28/2017 22:00;2.95;-4.03;132.5;0.1;864.5;60.1;39.56
11/28/2017 23:00;2.83;-4.02;118.25;0.07;864.63;57.38;37.82
11/29/2017 00:00;2.35;-4.06;140.49;0.03;864.5;57.97;38.28
11/29/2017 01:00;2.05;-4.2;156.36;0.07;864.41;47.94;32.87
11/29/2017 02:00;1.84;-4.25;183.97;0.04;864.33;37.91;28.16
11/29/2017 03:00;2.34;-4.28;190.81;0.07;864.17;32.63;23.71
11/29/2017 04:00;2.2;-4.51;168.41;0.12;864;42.85;35.09
11/29/2017 05:00;1.83;-4.62;232.47;0.05;864.06;42.41;35.01
11/29/2017 06:00;1.67;-4.74;190.46;0.08;864.01;47.84;38.7
11/29/2017 07:00;1.78;-4.74;181.04;0.09;864.17;59.07;42.63
11/29/2017 08:00;1.78;-4.75;173.62;0.2;864.64;75.83;47.42
11/29/2017 09:00;2.33;-4.62;192.42;0.13;865;80.26;50.16
11/29/2017 10:00;3.7;-4.33;164.1;0.2;865.07;80.02;51.9
11/29/2017 11:00;6.23;-4.12;137.53;0.2;865.05;75.1;44.1
11/29/2017 12:00;7.73;-3.92;162.59;0.21;864.61;74.95;44.4
11/29/2017 13:00;8.54;-3.99;292.54;0.14;864.09;80.08;44.69
11/29/2017 14:00;9.52;-3.43;300.64;0.13;863.43;107.78;54.99
11/29/2017 15:00;9.38;-3.36;291.05;0.1;862.93;101.72;52.18
11/29/2017 16:00;8.86;-3.28;266.11;0.11;862.6;80.26;43.96
11/29/2017 17:00;8.55;-3.04;301.73;0.22;862.75;77.9;45.25
11/29/2017 18:00;7.97;-2.75;320.02;0.17;863.03;84.94;54.97
11/29/2017 19:00;6.59;-2.49;110.4;0.32;863.26;93.97;57.64
11/29/2017 20:00;5.61;-2.47;104.19;0.42;863.35;92.84;57.87
11/29/2017 21:00;5.59;-2.2;159.27;0.1;863.38;102.9;58.39
11/29/2017 22:00;5.51;-2.27;169.44;0.07;863.26;82.13;48.07
11/29/2017 23:00;4.86;-2.28;167.2;0.03;863.09;72.98;43.95
11/30/2017 00:00;4.46;-2.35;176.39;0.02;863.09;64.85;38.55
11/30/2017 01:00;4.11;-2.45;192.39;0.06;863.09;53.38;33.87
11/30/2017 02:00;3.88;-2.64;246.92;0.04;862.88;39.96;27.62
11/30/2017 03:00;3.5;-2.8;193.8;0.05;862.92;38.63;27.76
11/30/2017 04:00;2.96;-2.8;172.77;0.04;862.84;39.36;29.52
11/30/2017 05:00;2.96;-2.99;222.34;0.02;862.73;39.99;30.45
11/30/2017 06:00;2.66;-3.07;205.98;0.01;862.75;47;32.98
11/30/2017 07:00;2.4;-3.13;192.56;0.03;863.09;60.93;38.14
11/30/2017 08:00;2.94;-3.11;169.44;0.08;863.37;92.42;43.54
11/30/2017 09:00;4.22;-3.13;167.48;0.16;863.81;68.53;39.4
11/30/2017 10:00;5.72;-2.67;142.09;0.18;863.98;79.03;45.81
11/30/2017 11:00;7.65;-2.44;111.31;0.03;864.39;69.58;42.18
11/30/2017 12:00;8.79;-2.31;292;0.4;864.34;68.24;37.62
11/30/2017 13:00;9.21;-2.07;290.1;0.42;863.86;76.97;38.99
11/30/2017 14:00;9.79;-1.97;325.27;0.38;863.75;69.28;37.09
11/30/2017 15:00;9.95;-1.93;318.42;0.33;863.79;67.78;34.77
11/30/2017 16:00;9.47;-1.91;304.77;0.28;863.96;69.62;33.49
11/30/2017 17:00;9.15;-1.79;313.28;0.26;864.31;52.87;26.8
11/30/2017 18:00;8.6;-1.65;12.02;0.26;864.74;41.57;22.13
11/30/2017 19:00;8.01;-1.58;302.49;0.07;865.22;38.04;22.12
11/30/2017 20:00;7;-1.33;122.69;0.16;865.58;74.17;33.04
11/30/2017 21:00;5.8;-1.48;116.85;0.15;865.81;58.98;30.95
11/30/2017 22:00;5.16;-1.53;145.7;0.12;866.01;55.67;30.62
11/30/2017 23:00;4.9;-1.68;172.92;0.05;866.1;54.84;32.21
12/01/2017 00:00;4.67;-2.13;184.36;0.02;866.1;46.17;27.57
12/01/2017 01:00;4.06;-2.54;185.65;0.03;866.18;39.82;25.21
12/01/2017 02:00;3.8;-2.89;244.36;0.02;866.16;31.94;21.83
12/01/2017 03:00;3.42;-3.09;220.33;0.04;866.34;36.45;29.48
12/01/2017 04:00;3.36;-3.49;242.92;0.07;866.35;24.76;21.16
12/01/2017 05:00;3.28;-3.83;177.54;0.08;866.38;17.94;15.34
12/01/2017 06:00;2.95;-4.26;222.42;0.05;866.58;18.5;15.53
12/01/2017 07:00;2.75;-4.34;174.61;0.12;867.01;24.12;16.64
12/01/2017 08:00;2.32;-4.05;186.02;0.07;867.47;31.37;20.65
12/01/2017 09:00;2.92;-3.53;171.74;0.23;867.81;50.3;27.98
12/01/2017 10:00;4.57;-2.96;181.1;0.13;868.13;49.87;29.11
12/01/2017 11:00;7.29;-3.01;163.31;0.09;868.05;39.54;25.15
12/01/2017 12:00;7.96;-3.46;336.83;0.2;867.76;37.04;21.89
12/01/2017 13:00;8.8;-3.12;277.41;0.37;867.32;49.89;21.7
12/01/2017 14:00;9.28;-2.92;287.98;0.34;866.85;48.57;25.23
12/01/2017 15:00;9.09;-3.16;290.48;0.26;866.61;48.68;26.27
12/01/2017 16:00;8.31;-3.73;305.19;0.2;866.6;47.16;22.63
12/01/2017 17:00;7.92;-3.42;287.8;0.1;866.79;43.34;24.58
12/01/2017 18:00;7.39;-2.84;346.51;0.02;867.12;48.59;30.02
12/01/2017 19:00;6.21;-2.68;139.2;0.04;867.44;89.41;39.33
12/01/2017 20:00;5.35;-2.56;128.87;0.13;867.83;80.02;38.21
12/01/2017 21:00;5.25;-2.92;169.88;0.08;868.07;64.84;34.45
12/01/2017 22:00;5.06;-3.15;174.04;0.1;868.39;42.77;25.89
12/01/2017 23:00;4.65;-2.97;196.11;0.04;868.72;32.26;20.17
12/02/2017 00:00;4.1;-2.95;184.94;0.14;868.84;26.54;18.66
12/02/2017 01:00;3.56;-2.46;173.09;0.13;868.93;22.38;17.77
12/02/2017 02:00;2.83;-3;179.74;0.13;868.82;21.33;17.28
12/02/2017 03:00;2.35;-3.05;175.33;0.12;868.86;24.39;19.34
12/02/2017 04:00;1.92;-3.14;180.25;0.16;869.03;21.79;18.97
12/02/2017 05:00;1.65;-3.2;135.15;0.24;869.17;20.77;19.17
12/02/2017 06:00;1.45;-3.51;161.2;0.22;869.27;23.09;20.24
12/02/2017 07:00;1.38;-3.67;170.89;0.19;869.58;29.56;22.4
12/02/2017 08:00;1.65;-3.73;168.01;0.3;870.01;52.64;27.49
12/02/2017 09:00;2.14;-3.49;166.76;0.19;870.14;54.14;29.5
12/02/2017 10:00;3.6;-3.26;165.79;0.17;870.32;49.64;28.98
12/02/2017 11:00;5.6;-3.04;165.85;0.26;870.45;47.75;27.85
12/02/2017 12:00;6.55;-2.91;165.75;0.35;870.02;46.5;27.86
12/02/2017 13:00;8.62;-3.28;196.88;0.15;869.22;50.01;27.72
12/02/2017 14:00;9.01;-3.9;298.93;0.27;868.75;51.46;28.99
12/02/2017 15:00;9.07;-3.73;303.26;0.19;868.43;68.09;34.92
12/02/2017 16:00;8.12;-2.98;322.77;0.24;868.51;74.32;37.98
12/02/2017 17:00;7.77;-2.75;349.03;0.19;868.89;61.2;36.32
12/02/2017 18:00;7.25;-2.6;358.23;0.09;869.05;52.4;34.69
12/02/2017 19:00;5.74;-2.17;119.19;0.58;869.28;114.44;56.33
12/02/2017 20:00;4.84;-2.38;114.78;0.71;869.45;84.99;48.7
12/02/2017 21:00;4.58;-2.35;113.05;0.36;869.62;82.83;49.82
12/02/2017 22:00;3.65;-2.59;112.85;0.21;869.83;73.09;48.26
12/02/2017 23:00;3.51;-2.63;172.69;0.02;870.17;97.03;54.54
12/03/2017 00:00;2.82;-2.95;175.3;0.06;870.33;86.28;54.69
12/03/2017 01:00;2.42;-3.31;213.09;0.03;870.41;71.81;47.4
12/03/2017 02:00;2.02;-3.6;194.26;0.04;870.29;60.51;43.63
12/03/2017 03:00;1.83;-4.54;197.79;0.04;870.37;44.92;32.89
12/03/2017 04:00;1.9;-4.96;239.73;0.05;870.39;34.03;26.33
12/03/2017 05:00;1.81;-4.63;175.45;0.16;870.27;32.32;26.29
12/03/2017 06:00;1.49;-4.85;247.16;0.07;870.31;35.12;26.94
12/03/2017 07:00;1.16;-4.93;246.78;0.04;870.6;53.84;30.63
12/03/2017 08:00;1.45;-4.74;255.16;0.06;871.03;174.27;45.35
12/03/2017 09:00;1.98;-4.53;197.14;0.05;871.42;55.07;34.72
12/03/2017 10:00;3.25;-4.06;154.19;0.22;871.68;56.51;36.28
12/03/2017 11:00;6.11;-3.57;147.09;0.2;871.71;56.83;33.86
12/03/2017 12:00;6.96;-3.8;127.27;0.09;871.47;56.41;33.48
12/03/2017 13:00;8.15;-2.95;296.54;0.28;870.93;98.34;51.72
12/03/2017 14:00;8.4;-2.68;299.59;0.32;870.46;90.63;51.64
12/03/2017 15:00;8.37;-2.68;324.76;0.19;870.06;83.58;46.79
12/03/2017 16:00;7.84;-2.57;301.01;0.17;869.89;92.27;46.76
12/03/2017 17:00;7.44;-2.38;326.11;0.17;870.04;74.16;47.77
12/03/2017 18:00;6.72;-2.6;317.07;0.1;870.07;73.99;45.9
12/03/2017 19:00;5.67;-2.3;118.77;0.39;870.26;109.53;61.22
12/03/2017 20:00;4.7;-2.23;129.23;0.36;870.54;107.89;62.4
12/03/2017 21:00;4.7;-1.5;308.98;0.16;870.68;90.58;60.69
12/03/2017 22:00;3.83;-1.92;85.75;0.05;870.75;97.62;67.51
12/03/2017 23:00;2.91;-2.51;119.31;0.11;870.81;97.37;66.94
12/04/2017 00:00;2.41;-2.69;178.39;0.04;870.75;98.04;66.18
12/04/2017 01:00;2.08;-3.1;181.87;0.03;870.71;85.34;57.83
12/04/2017 02:00;1.23;-3.56;184.56;0.03;870.56;80.43;56.06
12/04/2017 03:00;0.79;-3.86;169.83;0.03;870.45;67.14;51.05
12/04/2017 04:00;1.13;-4.86;195.42;0.06;870.13;47.99;38.47
12/04/2017 05:00;1.59;-6.6;214.68;0.05;869.87;27.11;21.81
12/04/2017 06:00;1.43;-6.2;173.5;0.12;869.87;40.27;29.12
12/04/2017 07:00;1.29;-5.66;187.14;0.09;869.92;53.51;34.32
12/04/2017 08:00;1.28;-5.76;158.42;0.05;870.22;93.21;43.06
12/04/2017 09:00;2.01;-5.86;110.23;0.07;870.39;77.48;40.37
12/04/2017 10:00;3.26;-5.26;112.02;0.08;870.59;80.43;46.33
12/04/2017 11:00;5.36;-4.74;307.5;0.15;870.55;101.71;59.9
12/04/2017 12:00;6.19;-3.74;317.74;0.27;869.9;101.61;64.74
12/04/2017 13:00;6.67;-2.73;302.8;0.33;868.98;115.75;76.89
12/04/2017 14:00;7.2;-1.72;318.49;0.32;868.2;111.52;78.3
12/04/2017 15:00;7.38;-1.47;314.03;0.31;867.75;116.71;79.95
12/04/2017 16:00;6.8;-1.67;333.87;0.23;867.33;98.91;68.11
12/04/2017 17:00;6.45;-2.25;328.85;0.22;867.08;82.59;57.23
12/04/2017 18:00;6.15;-2.1;348.67;0.19;866.93;83.57;58.93
12/04/2017 19:00;5.82;-1.79;317.02;0.16;867.01;78.71;59.15
12/04/2017 20:00;4.94;-2.15;87.6;0.07;866.95;97.7;73.64
12/04/2017 21:00;3.5;-2.6;127.97;0.24;866.68;91.07;69.67
12/04/2017 22:00;2.96;-2.71;128.86;0.07;866.52;89.8;68.95
12/04/2017 23:00;2.47;-2.93;131.68;0.04;866.39;76.65;62.06
12/05/2017 00:00;2.04;-3.05;177.46;0.04;866.09;82.41;64.06
12/05/2017 01:00;1.9;-3.11;184.26;0.04;865.73;78.15;63.44
12/05/2017 02:00;2.31;-3.51;212.69;0.03;865.01;66;54.74
12/05/2017 03:00;2.26;-4.06;188.84;0.06;864.96;58.39;48.45
12/05/2017 04:00;2.06;-3.76;218.36;0.05;864.65;71.43;60.45
12/05/2017 05:00;1.78;-4.02;216.02;0.02;864.33;65.68;55.91
12/05/2017 06:00;1.81;-5.04;180.81;0.09;863.96;44.68;37.25
12/05/2017 07:00;1.9;-4.91;169.46;0.13;863.65;185.37;63.91
12/05/2017 08:00;1.51;-4.1;172.53;0.21;864.13;96.99;71.93
12/05/2017 09:00;2.42;-4.04;195.7;0.14;864.1;102.92;72.59
12/05/2017 10:00;3.66;-3.93;170.82;0.19;863.96;112.19;78.98
12/05/2017 11:00;6.65;-3.7;163.31;0.19;863.53;102.48;66.49
12/05/2017 12:00;7.25;-3.37;2.69;0.07;863.02;83.98;57.01
12/05/2017 13:00;7.76;-2.98;352.86;0.07;862.19;132.74;77.49
12/05/2017 14:00;7.91;-2.59;340.76;0.22;861.43;156.57;89.79
12/05/2017 15:00;8.42;-4.09;338.45;0.18;860.59;93.45;56.01
12/05/2017 16:00;8.17;-3.84;83.68;0.06;859.77;105.13;61.9
12/05/2017 17:00;8.13;-2.97;332.09;0.17;859.67;142.02;78.6
12/05/2017 18:00;6.93;-2.59;38.21;0.04;859.14;131.43;78.74
12/05/2017 19:00;6.53;-2.28;103.35;0.07;858.8;174.66;88.49
12/05/2017 20:00;5.49;-2.54;123.6;0.06;858.63;171.45;100.34
12/05/2017 21:00;5.83;-2.65;193.91;0.03;858.22;147.58;90.28
12/05/2017 22:00;5.26;-3.02;142.95;0.02;857.81;125.39;80.9
12/05/2017 23:00;4.61;-3.27;153.77;0.06;857.68;103.96;70.17
12/06/2017 00:00;4.8;-3.29;204.31;0.03;857.41;85.44;61.84
12/06/2017 01:00;4.56;-3.51;159.36;0.05;856.78;76.38;56.54
12/06/2017 02:00;3.92;-3.61;186.86;0.02;856.27;69.14;50.09
12/06/2017 03:00;3.77;-3.75;175.37;0.05;856.14;60.56;46.58
12/06/2017 04:00;4.3;-4.05;167.29;0.06;855.61;47.92;37.65
12/06/2017 05:00;4.54;-4.49;161.77;0.08;855.09;39.46;29.76
12/06/2017 06:00;4.11;-4.46;216.01;0.04;854.81;42.99;32.98
12/06/2017 07:00;4.04;-4.38;160.66;0.1;854.33;79.83;42.65
12/06/2017 08:00;3.99;-4.08;125.7;0.06;854.11;130.28;51.16
12/06/2017 09:00;6.58;-5.53;334.76;0.15;853.65;100.37;40.46
12/06/2017 10:00;8.73;-6.85;306.86;0.28;853.48;94.85;35.85
12/06/2017 11:00;12.14;-9.63;113.73;0.6;853.11;444.33;38.88
12/06/2017 12:00;13.47;-9.27;106.1;1.27;852.4;536.06;45.13
12/06/2017 13:00;13.52;-7.96;108.57;1.18;851.9;558.15;48.16
12/06/2017 14:00;12.25;-5.62;92.5;0.34;851.85;242.26;32.67
12/06/2017 15:00;10.81;-4.65;100.42;0.69;851.76;248.06;34.01
12/06/2017 16:00;9.77;-4.17;334.65;0.63;851.78;96.89;21.97
12/06/2017 17:00;7.84;-2.16;296.99;0.61;851.77;100.54;23.49
12/06/2017 18:00;6.61;-1.51;329.67;0.55;851.63;50.4;22.58
12/06/2017 19:00;6.15;-1.38;310.37;0.54;851.72;42.98;22.81
12/06/2017 20:00;5.9;-1.32;346.87;0.44;851.84;40.7;23.06
12/06/2017 21:00;5.99;-1.16;334.37;0.4;852.15;42.26;23.89
12/06/2017 22:00;5.58;-0.43;305.08;0.36;852.16;36.69;25.29
12/06/2017 23:00;4.76;0.37;311.66;0.3;852.49;47.91;27.13
12/07/2017 00:00;3.72;0.92;343.38;0.24;852;39.49;28.76
12/07/2017 01:00;3.62;1.15;327.18;0.14;850.97;39.79;30.63
12/07/2017 02:00;3.29;0.84;342.53;0.56;850.44;34.91;29.16
12/07/2017 03:00;1.4;-0.07;341.31;0.3;850.5;22.63;21.5
12/07/2017 04:00;0.86;-0.23;177.06;0.01;849.98;22.52;22.09
12/07/2017 05:00;1.51;0.51;319.36;0.12;849.27;17.58;17.42
12/07/2017 06:00;0.73;-0.27;299.84;0.25;849.71;18.55;18.47
12/07/2017 07:00;0.28;-0.59;305.15;0.2;850.35;7.2;7.14
12/07/2017 08:00;-0.39;-1.22;281.59;0.1;851.07;1.49;1.39
12/07/2017 09:00;-0.6;-1.53;288.45;0.05;851.42;2.57;2.25
12/07/2017 10:00;-0.48;-1.93;309.26;0.08;852.26;8.47;6.2
12/07/2017 11:00;-0.49;-2.3;348.38;0.23;852.72;7.2;5.47
12/07/2017 12:00;-0.65;-2.5;341.25;0.17;852.95;7.09;5.57
12/07/2017 13:00;-1.1;-2.33;349.61;0.03;852.7;13.21;9.88
12/07/2017 14:00;-0.81;-2.66;19.05;0.07;852.99;7.39;5.78
12/07/2017 15:00;-0.86;-3.6;24.07;0.18;853.3;6.6;5.24
12/07/2017 16:00;-1.23;-3.76;355.82;0.23;853.83;8.83;6.89
12/07/2017 17:00;-1.42;-4.14;353.45;0.25;854.5;6.46;5.04
12/07/2017 18:00;-1.58;-4.43;4.93;0.36;855.28;6.25;5.12
12/07/2017 19:00;-1.77;-4.61;14.76;0.45;856.11;8.92;7.31
12/07/2017 20:00;-1.93;-5.25;23.22;0.31;856.8;6.95;5.88
12/07/2017 21:00;-2.17;-6.04;29.51;0.06;857.28;15.79;7.91
12/07/2017 22:00;-2.35;-6.33;205.08;0.01;857.27;21.45;8.92
12/07/2017 23:00;-2.71;-6.97;48.31;0.03;857.4;30.05;12.01
12/08/2017 00:00;-3.16;-6.81;141.53;0.02;857.65;24.92;14.77
12/08/2017 01:00;-3.63;-7.7;31.36;0.19;857.86;22.53;10.18
12/08/2017 02:00;-4.63;-8.26;139.22;0.01;858.09;23.36;13.51
12/08/2017 03:00;-4.36;-8.1;20.86;0.05;858.41;17.11;9.08
12/08/2017 04:00;-4.05;-8.3;17.75;0.11;858.74;16.28;7.76
12/08/2017 05:00;-4.22;-8.2;53.74;0.01;858.72;14.81;8.33
12/08/2017 06:00;-4.54;-8.25;56.78;0.01;858.99;12.88;9.01
12/08/2017 07:00;-4.5;-8.24;128.41;0.01;859.64;17.06;10.91
12/08/2017 08:00;-5.08;-8.76;124.8;0.05;860.34;19.1;13.61
12/08/2017 09:00;-4.69;-8.49;128.54;0.07;861.1;28.07;16.1
12/08/2017 10:00;-3.42;-7.59;107.64;0.18;861.83;51.28;19.36
12/08/2017 11:00;-1.37;-6.8;307.47;0.21;862.22;39.04;17.11
12/08/2017 12:00;-0.65;-6.44;294.34;0.33;861.99;35.21;15.76
12/08/2017 13:00;-0.2;-6.26;301.26;0.44;861.51;35.98;17.08
12/08/2017 14:00;0.1;-6.3;340.86;0.43;861.44;37.74;18.48
12/08/2017 15:00;0.16;-6.16;297.1;0.48;861.49;40.17;20.82
12/08/2017 16:00;-0.39;-6.39;302.55;0.39;862.01;37.01;19.7
12/08/2017 17:00;-0.53;-6.19;297.63;0.35;862.37;40.79;20.92
12/08/2017 18:00;-0.68;-6.13;296.88;0.27;862.65;40.18;20.8
12/08/2017 19:00;-1;-6.15;100.44;0.04;863.04;46.67;25.96
12/08/2017 20:00;-1.65;-5.82;115.31;0.16;863.56;55.71;36.84
12/08/2017 21:00;-1.9;-5.98;116.72;0.39;863.95;41.54;30.14
12/08/2017 22:00;-2.14;-5.91;129.18;0.11;864.07;32.89;25.39
12/08/2017 23:00;-2.1;-5.74;126.14;0.07;864.2;35.06;27.53
12/09/2017 00:00;-1.87;-5.42;164.36;0.03;864.44;33.38;25.37
12/09/2017 01:00;-2.31;-5.79;126.28;0.05;864.66;40.07;32.72
12/09/2017 02:00;-2.64;-6.06;122.78;0.07;864.62;40.73;35.92
12/09/2017 03:00;-2.79;-6.13;175.54;0.02;864.84;25.41;22.44
12/09/2017 04:00;-2.63;-5.94;115.97;0.03;864.98;29.87;26.15
12/09/2017 05:00;-2.41;-5.63;180.44;0.03;865.03;37.72;32.88
12/09/2017 06:00;-2.81;-6.04;138.04;0.02;865.02;26.59;23.1
12/09/2017 07:00;-3.01;-6.28;154.23;0.04;865.47;42.45;33.65
12/09/2017 08:00;-2.71;-6.51;123.99;0.16;865.79;64.63;49.25
12/09/2017 09:00;-1.87;-6.22;116.28;0.28;866.15;46.93;36.71
12/09/2017 10:00;0.01;-5.15;118;0.24;866.58;83.72;67.3
12/09/2017 11:00;2.26;-4.35;318.18;0.11;866.6;74.98;44.14
12/09/2017 12:00;2.63;-4.16;314.93;0.26;866.26;72.33;41.39
12/09/2017 13:00;3.13;-4.12;336.65;0.27;865.84;65.33;37.36
12/09/2017 14:00;3.35;-4.19;336.04;0.44;865.59;70.17;37.26
12/09/2017 15:00;3.43;-3.94;313.79;0.34;865.33;88.21;47.78
12/09/2017 16:00;2.74;-4.2;321.05;0.32;865.24;83.1;43.21
12/09/2017 17:00;2.37;-4.48;322.04;0.25;865.4;68.61;37.48
12/09/2017 18:00;1.85;-4.57;40.69;0.08;865.63;71.34;42.1
12/09/2017 19:00;0.59;-4.49;118.4;0.64;865.79;78.35;54.1
12/09/2017 20:00;0.24;-4.83;118.82;0.54;866.03;65.72;43.8
12/09/2017 21:00;0.04;-4.81;114.2;0.18;866.21;77.49;50.77
12/09/2017 22:00;-0.37;-5.6;121.1;0.11;866.3;64.94;40.43
12/09/2017 23:00;-0.37;-5.66;167.27;0.04;866.24;80.93;40.65
12/10/2017 00:00;-0.7;-6.31;194.83;0.03;866.18;63.36;29.99
12/10/2017 01:00;-0.59;-7.46;215.69;0.04;865.99;38.65;18.74
12/10/2017 02:00;-0.93;-7.79;247.02;0.02;865.79;24.53;13.64
12/10/2017 03:00;-0.97;-8.82;181.33;0.06;865.82;14.05;9.37
12/10/2017 04:00;-1.12;-9.2;180.17;0.07;866.07;14.09;9.62
12/10/2017 05:00;-1.32;-8.66;200.24;0.06;866.09;14.3;11.04
12/10/2017 06:00;-1.63;-8.11;220.21;0.06;866.08;30.29;18.04
12/10/2017 07:00;-1.67;-7.62;199.66;0.04;866.02;51.25;27.33
12/10/2017 08:00;-1.38;-7.7;181.65;0.12;866.35;87.09;35.26
12/10/2017 09:00;-0.68;-7.24;199.93;0.11;866.28;77.9;39.39
12/10/2017 10:00;0.57;-6.85;146.28;0.08;866.47;77.44;44.07
12/10/2017 11:00;2.17;-5.19;322.28;0.23;866.75;117.61;65.22
12/10/2017 12:00;2.58;-4.6;331.82;0.24;865.97;95.12;62.98
12/10/2017 13:00;3.4;-4.2;349.94;0.25;865.03;98.98;61.14
12/10/2017 14:00;3.62;-3.66;303.35;0.46;864.79;100.39;62.87
12/10/2017 15:00;3.12;-3.37;308.04;0.36;864.6;89.82;54.84
12/10/2017 16:00;2.51;-3.43;319.87;0.32;864.25;79.53;48.47
12/10/2017 17:00;2.28;-3.67;327.21;0.18;864.56;75.65;45.14
12/10/2017 18:00;1.86;-3.47;96.91;0.22;864.61;83.99;57.06
12/10/2017 19:00;1.01;-3.98;76.57;0.28;864.95;91.57;60.11
12/10/2017 20:00;0.38;-4.06;120.55;0.48;865.12;87.47;65
12/10/2017 21:00;-0.3;-4.49;118.66;0.39;865.03;80.88;61.23
12/10/2017 22:00;-0.4;-4.69;112.59;0.27;864.85;71.72;53.6
12/10/2017 23:00;-0.89;-5.15;107.45;0.14;864.94;62.23;48.23
12/11/2017 00:00;-1.1;-5.2;145.93;0.08;864.85;63.43;47.2
12/11/2017 01:00;-1.37;-5.18;179.08;0.04;864.4;64.27;48.96
12/11/2017 02:00;-1.47;-5.27;162.44;0.07;864.33;57.35;46.9
12/11/2017 03:00;-1.78;-5.47;178.64;0.04;864.31;55.37;47.16
12/11/2017 04:00;-2.14;-5.59;192.22;0.04;864.19;54.34;46.99
12/11/2017 05:00;-2.2;-5.7;187.22;0.06;864.03;57.88;51.04
12/11/2017 06:00;-2.19;-5.96;175.91;0.03;864.25;54.27;46.44
12/11/2017 07:00;-2.03;-6.26;205.27;0.04;864.37;57.99;46.28
12/11/2017 08:00;-1.67;-6.13;196.74;0.05;864.58;70.19;52.43
12/11/2017 09:00;-0.87;-5.8;191.64;0.06;865.03;81.89;55.84
12/11/2017 10:00;0.23;-5.16;287.67;0.15;865.32;94.38;65.14
12/11/2017 11:00;1.31;-5.03;299.9;0.38;865.59;113.66;71.02
12/11/2017 12:00;2.5;-4.16;307.9;0.35;865.35;101.99;70.95
12/11/2017 13:00;3.66;-3.63;307.9;0.51;864.81;101.37;70.06
12/11/2017 14:00;3.95;-3.73;295.83;0.4;864.69;91.68;61.97
12/11/2017 15:00;4.24;-3.84;307.55;0.44;864.67;110.8;69.48
12/11/2017 16:00;3.5;-3.49;296.85;0.33;865.1;121;80.68
12/11/2017 17:00;3.31;-3.25;336.37;0.24;865.62;122.63;82.97
12/11/2017 18:00;2.2;-3.84;317.79;0.23;866.19;104.5;71.83
12/11/2017 19:00;1.82;-3.92;352.85;0.04;866.81;94.65;71.95
12/11/2017 20:00;1.27;-3.7;146.84;0.02;867.25;120.57;92.33
12/11/2017 21:00;1.63;-3.92;26.05;0.02;867.68;110.7;78.91
12/11/2017 22:00;1.56;-4.18;267.7;0.06;867.95;122.68;69.53
12/11/2017 23:00;1;-5.28;147.02;0.01;868.44;99.56;45.21
12/12/2017 00:00;0.14;-5.45;180.56;0.04;868.68;76.36;46.76
12/12/2017 01:00;-0.73;-6.03;173.9;0.01;868.32;57.93;43.21
12/12/2017 02:00;-0.87;-6.12;189.08;0.02;868.02;41.68;31.36
12/12/2017 03:00;-0.48;-5.85;23.15;0.01;868.4;37.27;28.26
12/12/2017 04:00;-1.43;-6.39;206.84;0.01;868.49;35.66;28.36
12/12/2017 05:00;-1.59;-6.52;179.19;0.06;868.09;30.59;26.76
12/12/2017 06:00;-1.22;-6.54;187.68;0.02;867.98;30.38;22.45
12/12/2017 07:00;-0.53;-6.75;196.82;0.05;868.55;44.77;22.56
12/12/2017 08:00;-0.38;-6.79;205.81;0.07;868.97;64.58;35.71
12/12/2017 09:00;0.32;-6.58;178.15;0.07;868.96;97.77;42.63
12/12/2017 10:00;1.55;-6.64;251.36;0.02;869.19;64.1;38.66
12/12/2017 11:00;3.26;-5.6;319.26;0.29;869.41;111.63;63.49
12/12/2017 12:00;3.91;-5.1;308.42;0.28;868.96;91.39;59.39
12/12/2017 13:00;4.68;-4.29;317.44;0.31;868.48;104.36;67.58
12/12/2017 14:00;4.62;-3.47;313.62;0.3;868.29;109.06;77.49
12/12/2017 15:00;4.47;-3.17;309.11;0.25;867.94;128.82;89.77
12/12/2017 16:00;3.33;-3.07;326.69;0.25;867.91;123.51;91.89
12/12/2017 17:00;3.14;-2.91;320.82;0.15;867.73;137.49;98.4
12/12/2017 18:00;2.8;-2.86;330.4;0.02;867.52;154.14;106.29
12/12/2017 19:00;1.98;-2.7;115.83;0.01;867.76;138.8;105.59
12/12/2017 20:00;2.14;-3.26;10.24;0.18;868.2;117.47;89.41
12/12/2017 21:00;1.45;-3.42;48.37;0.01;868.4;125.41;97.43
12/12/2017 22:00;0.81;-3.41;178.54;0.01;868.49;127.81;98.96
12/12/2017 23:00;0.3;-4.02;181.02;0.01;868.47;100.45;78.98
12/13/2017 00:00;0.2;-4.58;183.41;0.08;868.36;80.18;62.92
12/13/2017 01:00;-0.2;-5.21;183.77;0.04;868.16;59.69;46.42
12/13/2017 02:00;-0.81;-5.64;187.63;0.02;867.88;47.97;39.97
12/13/2017 03:00;-0.83;-5.76;190.34;0.02;867.79;40.27;36.06
12/13/2017 04:00;-1.09;-5.9;191.83;0.03;867.62;42.11;37.65
12/13/2017 05:00;-0.94;-6.36;188.33;0.08;867.45;37.63;33.76
12/13/2017 06:00;-0.68;-6.16;183.86;0.06;867.29;53.06;43.91
12/13/2017 07:00;-0.69;-6.19;187.51;0.1;867.28;67.96;47.55
12/13/2017 08:00;-0.52;-6.36;202.45;0.03;867.6;79.66;47.39
12/13/2017 09:00;0.23;-6.54;173.27;0.04;867.71;76.15;43.45
12/13/2017 10:00;1.38;-6.14;325.21;0.02;867.71;74.68;48.01
12/13/2017 11:00;3.56;-4.65;303.08;0.19;867.48;100.72;63.79
12/13/2017 12:00;4.41;-4.04;314.75;0.26;866.97;99.17;68.91
12/13/2017 13:00;5.18;-3.78;317.05;0.24;866.31;97.86;70.21
12/13/2017 14:00;5.87;-3.67;313.68;0.28;865.5;116.18;76.85
12/13/2017 15:00;5.29;-3.29;312.84;0.32;864.94;129.12;87.69
12/13/2017 16:00;3.75;-3.34;314.34;0.34;864.83;102.95;78.49
12/13/2017 17:00;3.03;-3.48;336.98;0.15;864.8;105.91;75.02
12/13/2017 18:00;2.91;-3.11;43.57;0.07;864.65;125.07;92.32
12/13/2017 19:00;2.28;-2.79;38.63;0.06;864.49;140.53;109.52
12/13/2017 20:00;2.46;-3.16;297.89;0.25;864.89;140.16;94.92
12/13/2017 21:00;1.44;-3.61;22.81;0.14;865.08;120.66;89.61
12/13/2017 22:00;0.77;-3.45;178;0.01;864.72;134.73;106.65
12/13/2017 23:00;0.5;-3.63;178.27;0.03;864.27;136.17;104.11
12/14/2017 00:00;0.56;-4.72;199;0.02;864.18;108.1;78.03
12/14/2017 01:00;-0.07;-5.61;200.78;0.02;863.73;92.26;65.93
12/14/2017 02:00;-0.97;-5.43;183.55;0.04;863.56;84.29;69.26
12/14/2017 03:00;-0.79;-6.21;185.43;0.07;863.28;63.34;52.52
12/14/2017 04:00;-0.05;-7.11;202.96;0.07;862.99;50.51;41.23
12/14/2017 05:00;0.11;-7.72;214.4;0.05;862.64;37.66;31.29
12/14/2017 06:00;-0.27;-8.98;195.14;0.03;862.53;37.98;24.93
12/14/2017 07:00;-0.38;-8.04;207.23;0.03;862.68;83.28;43.32
12/14/2017 08:00;-0.63;-7.19;207.48;0.02;863.28;124.12;58.86
12/14/2017 09:00;-0.18;-6.11;176.11;0.02;863.58;90.36;64.42
12/14/2017 10:00;1.24;-5.85;171.54;0.04;863.67;86.9;63.03
12/14/2017 11:00;3.96;-5.1;323.51;0.07;863.55;95.1;66.1
12/14/2017 12:00;4.96;-4.64;336.2;0.25;862.85;122.59;81.78
12/14/2017 13:00;5.08;-4.08;294.13;0.36;862.17;135.75;86.85
12/14/2017 14:00;5.2;-3.61;314.74;0.26;861.65;149.72;102.28
12/14/2017 15:00;5.14;-3.33;318.28;0.26;861.11;135.91;95.12
12/14/2017 16:00;4.23;-3.28;323.97;0.21;860.91;124.09;89.1
12/14/2017 17:00;3.18;-3.26;339.91;0.23;861.03;120.65;94.2
12/14/2017 18:00;2.81;-3.18;349.93;0.18;861.14;142.34;105.45
12/14/2017 19:00;2.1;-3.3;37.91;0.15;861.27;157.8;113.25
12/14/2017 20:00;1.24;-3.22;86.41;0;861.33;170.02;124.32
12/14/2017 21:00;0.81;-3.45;107.33;0;861.28;139.1;113.39
12/14/2017 22:00;0.63;-3.62;197.64;0;861.02;131.12;109.41
12/14/2017 23:00;0.39;-3.87;184.2;0.06;860.62;125.12;106.53
12/15/2017 00:00;0.08;-4.34;179.34;0.01;860.77;106.13;91.19
12/15/2017 01:00;-0.33;-4.78;186.28;0.02;860.5;95.6;81.32
12/15/2017 02:00;-0.72;-5;194.06;0;860.38;89.5;77.08
12/15/2017 03:00;-1.23;-5.48;195.31;0;860.72;72.25;63.81
12/15/2017 04:00;-1.54;-5.88;184.99;0;860.61;59.81;54.63
12/15/2017 05:00;-1.47;-5.78;186.95;0.01;860.35;57.35;54.62
12/15/2017 06:00;-1.79;-5.85;165.42;0;860.55;63.25;60.36
12/15/2017 07:00;-1.83;-6.04;181.96;0.05;860.9;64.38;58.98
12/15/2017 08:00;-1.38;-6.08;184.96;0.03;861.5;76.41;62.34
12/15/2017 09:00;-0.72;-5.56;185.33;0.02;861.93;99.39;72.65
12/15/2017 10:00;1.09;-4.87;127.71;0.01;862.35;100.06;73.76
12/15/2017 11:00;3.29;-3.47;337.37;0.04;862.5;111.21;89.5
12/15/2017 12:00;4.49;-3.1;301.15;0.15;862.23;126.49;98.05
12/15/2017 13:00;4.83;-2.81;325.26;0.24;861.78;122.71;98.1
12/15/2017 14:00;5.09;-2.59;315.56;0.33;861.55;114.9;93.8
12/15/2017 15:00;5.11;-2.6;304.08;0.22;861.37;101.69;84.03
12/15/2017 16:00;4.54;-2.38;287.34;0.36;861.61;118.63;96.63
12/15/2017 17:00;3.9;-2.3;320;0.1;862.06;131.55;105.74
12/15/2017 18:00;3.27;-2.3;282.17;0.11;862.34;130.5;107.25
12/15/2017 19:00;2.66;-2.22;277.43;0.09;862.94;134.15;111.98
12/15/2017 20:00;1.64;-2.53;-9999;0;863.22;136.55;117.62
12/15/2017 21:00;1.44;-2.74;189.84;0;863.45;124.61;109.65
12/15/2017 22:00;1.22;-2.92;178.85;0.01;863.34;118.38;105.38
12/15/2017 23:00;0.83;-3.1;186.33;0.01;863.34;115.79;103.52
12/16/2017 00:00;0.47;-3.51;185.76;0.01;863.51;97.46;87.03
12/16/2017 01:00;0.5;-3.38;186.18;0.02;863.64;94.4;86.7
12/16/2017 02:00;0.23;-3.69;183.62;0.04;863.59;77.27;72.72
12/16/2017 03:00;0.38;-4.44;189.83;0.05;863.75;54.1;50.46
12/16/2017 04:00;0.06;-5;208.5;0.02;863.94;50.56;47.12
12/16/2017 05:00;-1.1;-5.05;185.99;0;864.25;57.9;55.31
12/16/2017 06:00;-1.26;-5.18;183.92;0.03;864.67;55.48;52.95
12/16/2017 07:00;-0.76;-5.3;202.48;0.04;864.85;61.49;52.29
12/16/2017 08:00;-0.18;-5.25;184.85;0.05;865.36;77.31;56.47
12/16/2017 09:00;0.66;-5.03;165.58;0;865.62;81.38;57.52
12/16/2017 10:00;1.97;-4.34;185.55;0.08;866.1;94.03;76.31
12/16/2017 11:00;4.11;-3.68;139.18;0.04;866.3;100.03;82.42
12/16/2017 12:00;5.28;-3.32;306.9;0.17;865.92;132.37;94.97
12/16/2017 13:00;5.8;-2.66;304.57;0.21;865.3;131.9;99.96
12/16/2017 14:00;6.25;-2.28;316.31;0.28;864.74;130.94;99.61
12/16/2017 15:00;6.18;-2.2;315.45;0.23;864.58;123.21;94.84
12/16/2017 16:00;5.51;-2.36;313.3;0.18;864.44;120.35;90.69
12/16/2017 17:00;5.21;-2.05;2.43;0.18;864.54;136.62;99.12
12/16/2017 18:00;4.56;-1.82;315;0.17;864.92;150.99;108.3
12/16/2017 19:00;3.66;-1.8;341.64;0.1;865.23;161.97;119.52
12/16/2017 20:00;2.66;-2.23;106.09;0.02;865.46;154.76;121.45
12/16/2017 21:00;2.22;-2.31;130.47;0;865.62;138.92;113.1
12/16/2017 22:00;2.57;-2.94;212.73;0.03;865.64;131.74;96.32
12/16/2017 23:00;2.49;-4.63;181.33;0.06;865.63;93.26;58.88
12/17/2017 00:00;1.73;-5.17;181.16;0.07;865.81;75.83;49.46
12/17/2017 01:00;1.46;-5.06;234.13;0.02;865.68;72.45;54.7
12/17/2017 02:00;1.07;-5.56;200.02;0.06;865.68;53.63;44.05
12/17/2017 03:00;0.65;-6.2;185.75;0.02;865.84;29.94;23.2
12/17/2017 04:00;-0.24;-5.64;199.05;0.01;865.81;42.34;37.49
12/17/2017 05:00;-0.58;-5.36;181.91;0;865.94;46.65;43.77
12/17/2017 06:00;-0.31;-5.15;186.62;0.03;865.79;48.79;44.82
12/17/2017 07:00;0.56;-4.75;187.74;0.03;865.98;62.7;54.66
12/17/2017 08:00;1.31;-4.49;189.63;0;866.21;96.67;62.32
12/17/2017 09:00;1.96;-4.57;134.09;0.01;866.38;95.44;62.66
12/17/2017 10:00;3.11;-3.73;294.35;0.03;866.59;114.85;77.05
12/17/2017 11:00;4.37;-2.89;312.38;0.15;866.52;142.83;97.89
12/17/2017 12:00;5.58;-2.64;286.02;0.26;866.04;148.62;104.08
12/17/2017 13:00;5.84;-2.35;309.49;0.26;865.38;149.24;105.6
12/17/2017 14:00;6.65;-2.03;310.58;0.25;864.66;141.32;103.08
12/17/2017 15:00;6.51;-1.73;309.76;0.25;864.16;143.21;108.57
12/17/2017 16:00;5.81;-1.97;325.46;0.17;864.09;113.46;88.6
12/17/2017 17:00;5.52;-2.03;317.86;0.19;864.33;107.55;82.36
12/17/2017 18:00;4.59;-1.91;345.59;0.04;864.5;120.59;94.32
12/17/2017 19:00;3.25;-2.28;139.38;0.01;864.61;115.96;92.09
12/17/2017 20:00;2.95;-2.49;80.9;0;864.75;100.23;80.64
12/17/2017 21:00;2.59;-2.6;144.84;0;864.84;98.82;79.97
12/17/2017 22:00;2.13;-2.88;182.58;0.01;864.95;95.92;75.02
12/17/2017 23:00;1.77;-3.06;182.02;0.01;865.06;85.74;71.82
12/18/2017 00:00;1.42;-3.41;186.42;0.04;865.18;88.54;71.56
12/18/2017 01:00;0.79;-3.6;186.94;0.01;865.27;81.45;70.9
12/18/2017 02:00;0.3;-3.68;179.42;0;865.06;84.84;76.79
12/18/2017 03:00;0.08;-3.76;190.43;0.02;865.06;86.23;80.09
12/18/2017 04:00;0.07;-3.93;202.46;0.01;865.08;74.64;69.76
12/18/2017 05:00;-0.34;-4.16;185.31;0.01;865.06;70.36;66.61
12/18/2017 06:00;-0.44;-4.25;190.35;0;864.93;70.5;66.83
12/18/2017 07:00;0.41;-4.14;192.4;0.02;864.78;76.6;67.66
12/18/2017 08:00;0.76;-4.17;186;0.02;865.5;91.28;73.94
12/18/2017 09:00;1.12;-3.9;152.89;0.01;866.08;99.81;79.41
12/18/2017 10:00;2.54;-3.51;158.01;0.03;866.4;104.42;81.88
12/18/2017 11:00;5.13;-2.49;277.75;0.03;865.97;118.98;92.18
12/18/2017 12:00;5.91;-2.02;309.6;0.33;865.59;119.4;93.14
12/18/2017 13:00;6.44;-1.7;315.43;0.38;865.29;125.35;96.09
12/18/2017 14:00;6.93;-1.58;319.84;0.26;865.11;120.83;94.41
12/18/2017 15:00;6.64;-1.89;308.87;0.23;864.81;120.09;91.14
12/18/2017 16:00;5.91;-2.2;320.76;0.24;864.79;107.14;82.36
12/18/2017 17:00;5.28;-2.2;308.16;0.22;865.2;104.5;83.01
12/18/2017 18:00;4.9;-1.97;18.98;0.23;865.18;121.86;95.14
12/18/2017 19:00;4.68;-1.8;23.34;0.22;865.35;126.05;97.7
12/18/2017 20:00;3.55;-1.9;46.41;0.03;865.46;139.86;109.99
12/18/2017 21:00;3.25;-1.73;189.65;0;865.55;146.2;112.26
12/18/2017 22:00;3.04;-1.79;173.66;0.03;865.5;156.54;113.28
12/18/2017 23:00;2.86;-1.78;175.62;0.02;865.54;129.18;105.51
12/19/2017 01:00;2.51;-2.43;184.8;0.04;865.38;93.76;81.44
12/19/2017 02:00;1.74;-2.81;186.75;0.01;865.36;80.19;71.87
12/19/2017 03:00;1.76;-3.08;184.38;0.07;865.31;66.94;60.71
12/19/2017 04:00;2.11;-3.61;208.11;0.03;865.27;57.09;50.99
12/19/2017 05:00;2.19;-4.08;210.76;0.03;865.17;51.86;46.4
12/19/2017 06:00;1.83;-4.23;190.96;0.07;865.29;51.59;44.24
12/19/2017 07:00;1.81;-4.5;190.4;0.06;865.55;67.33;46.02
12/19/2017 08:00;1.75;-4.38;196.99;0.02;866.19;111.47;58.21
12/19/2017 09:00;2.39;-4.27;193.67;0.04;866.23;97.58;57.81
12/19/2017 10:00;4.23;-3.98;88.04;0.02;866.27;97.06;61.52
12/19/2017 11:00;5.91;-3.63;333.61;0.06;866.27;97.01;67.31
12/19/2017 12:00;6.67;-3.03;310.92;0.21;866.18;115.97;79.51
12/19/2017 13:00;7.94;-2.42;315.59;0.32;865.61;116.97;78.75
12/19/2017 14:00;7.24;-2.58;297.31;0.38;865.14;100.15;69.14
12/19/2017 15:00;6.59;-2.54;307.15;0.32;864.52;91.59;72.4
12/19/2017 16:00;6.63;-2.39;309.62;0.31;864.72;96.28;70.13
12/19/2017 17:00;6.28;-2.2;314.2;0.22;865.13;109.94;77.61
12/19/2017 18:00;5.85;-2.27;349.87;0.18;865.7;114.4;78.65
12/19/2017 19:00;5.26;-2.13;77.62;0.03;866.12;93.86;74.26
12/19/2017 20:00;4.78;-1.63;94.12;0;866.49;103.35;77.91
12/19/2017 21:00;4.81;-1.3;152.36;0.01;866.48;98.26;77.16
12/19/2017 22:00;5.23;-1.14;138.08;0;866.55;97.6;77.09
12/19/2017 23:00;5.29;-1.09;299.71;0.07;866.75;135.97;87.42
12/20/2017 00:00;5.21;-1.26;311.15;0.05;867.09;122.97;87.95
12/20/2017 01:00;4.92;-1.02;176.47;0.03;866.77;123.26;91.14
12/20/2017 02:00;5.47;-0.78;208.22;0.01;866.73;105.93;81.64
12/20/2017 03:00;5.51;-1.16;178.13;0.08;866.94;81.98;70.69
12/20/2017 04:00;5.02;-1.6;176.91;0.18;866.95;76.18;67.58
12/20/2017 05:00;4.45;-2.37;176.01;0.21;866.94;71.87;63.56
12/20/2017 06:00;4.37;-2.36;175.34;0.17;867.22;72.75;63.26
12/20/2017 07:00;4.77;-2.15;177.18;0.24;867.48;80.15;64.34
12/20/2017 08:00;4.88;-2.35;177.55;0.22;867.89;99.45;64.87
12/20/2017 09:00;5.47;-2.21;173.45;0.13;868.4;113.93;64.84
12/20/2017 10:00;6.68;-1.77;173.46;0.21;868.68;92.11;61.04
12/20/2017 11:00;8.74;-1.21;152.96;0.13;868.91;82.17;56.82
12/20/2017 12:00;10.25;-0.79;190.21;0.03;868.68;80.92;55.77
12/20/2017 13:00;10.36;-0.29;339.04;0.29;868.46;76.19;47.15
12/20/2017 14:00;10.98;0.02;306.64;0.33;868.18;80.52;47.71
12/20/2017 15:00;10.95;0.64;320.1;0.26;867.91;79.16;47.49
12/20/2017 16:00;10.62;0.85;303.32;0.23;867.83;75.46;50.66
12/20/2017 17:00;10.5;1.12;356.73;0.11;868.05;92.89;55.14
12/20/2017 18:00;9.21;1.03;113.77;0.05;868.29;98.6;58.44
12/20/2017 19:00;8.51;1.2;171.7;0.04;868.62;112.79;63.06
12/20/2017 20:00;8.95;1.36;169.6;0.06;868.63;98.44;62.82
12/20/2017 21:00;9.01;1.43;172.37;0.03;868.77;88.61;58.56
12/20/2017 22:00;9.03;1.57;163.48;0.02;868.89;82.32;54.55
12/20/2017 23:00;9.28;1.56;186.8;0.02;868.66;86.48;53.27
12/21/2017 00:00;8.97;1.63;183.88;0.02;868.62;73.97;48.05
12/21/2017 01:00;8.91;1.34;186.14;0.02;868.61;58.83;38.77
12/21/2017 02:00;8.66;1.32;148.82;0.01;868.61;54.07;36.29
12/21/2017 03:00;8.37;1.45;145.31;0.03;868.58;46.48;35.08
12/21/2017 04:00;8.1;1.36;197.18;0.02;868.67;38.82;31.73
12/21/2017 05:00;8.13;1.55;174.22;0.03;868.7;34.02;28.03
12/21/2017 06:00;7.94;1.69;176.87;0.02;868.78;34.44;27.79
12/21/2017 07:00;7.38;2.32;162.17;0.02;868.9;41.74;29.38
12/21/2017 08:00;7.86;2.9;36.75;0.02;869.2;53.96;33.61
12/21/2017 09:00;8.74;3.09;286.63;0;869.66;74.14;37.35
12/21/2017 10:00;9.49;3.39;158.08;0.03;870.05;73.95;40.1
12/21/2017 11:00;10.26;3.45;122.33;0.03;869.98;72.25;40.09
12/21/2017 12:00;10.62;3.31;313.13;0.08;869.64;70.7;36.4
12/21/2017 13:00;11.06;2.72;309.08;0.2;869.05;65.25;25.27
12/21/2017 14:00;11.24;2.74;317.17;0.21;868.71;66.48;25.79
12/21/2017 15:00;11.15;2.93;303.13;0.19;868.41;57.7;25.27
12/21/2017 16:00;11.6;3.17;326.56;0.16;868.3;70.8;29.41
12/21/2017 17:00;11.29;3.24;24.47;0.05;868.37;76.9;34.26
12/21/2017 18:00;10.11;3.45;139.17;0.01;868.37;95.98;52.49
12/21/2017 19:00;10.11;3.01;166.27;0.04;868.58;80.24;44.53
12/21/2017 20:00;10.07;3.17;173.76;0.06;868.69;48.78;31.68
12/21/2017 21:00;9.66;4.03;186.03;0.07;868.68;43.46;31.83
12/21/2017 22:00;9.26;3.42;180.55;0.15;868.17;38.24;28.82
12/21/2017 23:00;8.88;2.94;188.88;0.1;868.13;36.35;26.16
12/22/2017 00:00;8.58;2.8;178.18;0.09;868.14;36;24.77
12/22/2017 01:00;9.09;2.89;178.56;0.13;867.61;34.79;21.41
12/22/2017 02:00;9.08;2.84;189.54;0.06;867.12;35.22;21.69
12/22/2017 03:00;8.38;2.6;175.19;0.06;866.92;31.78;21.69
12/22/2017 04:00;7.6;2.34;183.42;0.07;866.71;25.8;19.28
12/22/2017 05:00;6.96;2.16;267.48;0.01;866.24;26.22;20.4
12/22/2017 06:00;6.67;1.89;189.41;0.07;865.73;27.71;21.07
12/22/2017 07:00;6.27;1.68;221.75;0.02;865.6;27.73;20.78
12/22/2017 08:00;6.08;1.54;173.08;0.05;865.61;31.28;22.06
12/22/2017 09:00;6.28;1.69;113.2;0;865.57;32.85;23.47
12/22/2017 10:00;7.86;1.98;268.73;0.04;865.87;44.56;27.88
12/22/2017 11:00;10.06;2.05;308.32;0.18;865.82;53.23;29
12/22/2017 12:00;10.57;1.81;334.66;0.27;865.2;48.33;25.02
12/22/2017 13:00;10.98;1.69;293.71;0.36;864.87;45.54;24.95
12/22/2017 14:00;11.21;1.94;309.57;0.36;864.76;49.68;26.39
12/22/2017 15:00;10.76;2.58;327.1;0.26;864.2;48.99;29.27
12/22/2017 16:00;10.77;2.53;307.78;0.17;863.73;49.43;26.13
12/22/2017 17:00;10.71;2.81;339.61;0.11;863.82;52.05;24.88
12/22/2017 18:00;10.57;2.94;306.22;0.22;863.76;54.13;27.4
12/22/2017 19:00;10.43;2.6;337.44;0.09;863.87;62.03;32.18
12/22/2017 20:00;9.77;2.51;151.53;0.01;863.63;53.74;31.62
12/22/2017 21:00;8.73;2.35;155.57;0.01;863.88;50.96;33.4
12/22/2017 22:00;8.93;2.17;313.33;0;863.6;53.73;31.58
12/22/2017 23:00;9.86;1.74;306.05;0.14;863.76;63.41;32.12
12/23/2017 00:00;9.97;1.17;315.01;0.24;863.55;55.14;30.61
12/23/2017 01:00;9.79;1.04;9.23;0.33;863.1;45.97;27.43
12/23/2017 02:00;9.04;1.47;324.58;0.17;862.93;40.16;26.59
12/23/2017 03:00;8.77;1.61;315.66;0.19;862.94;29.74;21.79
12/23/2017 04:00;8.76;1.88;355.78;0.1;862.69;27.95;20.95
12/23/2017 05:00;8.9;2.1;8.13;0.03;862.06;23.58;17.76
12/23/2017 06:00;8.54;2.67;49.91;0.03;861.63;25.7;20.32
12/23/2017 07:00;8.37;2.85;128.31;0.05;861.51;40.62;24.36
12/23/2017 08:00;8.84;3.34;65.84;0.01;861.34;32.33;24.52
12/23/2017 09:00;9.42;3.82;343.79;0.07;861.1;38.88;26.81
12/23/2017 10:00;9.66;2.74;297.64;0.33;861.4;54.37;29.48
12/23/2017 11:00;10.38;2.2;302.19;0.29;861.27;57.26;30.6
12/23/2017 12:00;10.83;2.32;345.31;0.31;860.66;54.6;30.86
12/23/2017 13:00;12.27;2.08;352.82;0.21;859.51;51.35;27.84
12/23/2017 14:00;12.46;1.77;337.07;0.22;858.09;54.09;29.81
12/23/2017 15:00;12.91;2.02;319.67;0.26;857.43;58.35;30.58
12/23/2017 16:00;12.74;2.36;324.7;0.24;857.41;52.63;31.39
12/23/2017 17:00;12.6;1.74;14.86;0.27;856.87;61.34;33.86
12/23/2017 18:00;13.56;-0.9;24.86;0.2;857.04;69.22;24.74
12/23/2017 19:00;14.34;-2.45;2.59;0.31;856.88;101.26;21.12
12/23/2017 20:00;13.94;-2.09;347.07;0.23;856.94;70.12;23.18
12/23/2017 21:00;13.17;-2.33;33.58;0.09;856.91;53.41;18.34
12/23/2017 22:00;12.61;-2.62;22.13;0.07;856.51;53.88;20.02
12/23/2017 23:00;11.88;-2.52;6.89;0.1;856.13;70.59;24.22
12/24/2017 00:00;11.59;-2.85;3.26;0.3;855.77;59.41;21.11
12/24/2017 01:00;11.37;-3;1.18;0.35;855.59;56.26;18.6
12/24/2017 02:00;10.36;-1.88;350.52;0.35;855.49;43.62;18.38
12/24/2017 03:00;9.72;-1.65;338.9;0.27;855.3;32.04;17.59
12/24/2017 04:00;9.55;-2.23;355.51;0.16;855.25;35.32;19.47
12/24/2017 05:00;9.09;-2.38;10.66;0.13;854.92;36.42;20.48
12/24/2017 06:00;9.44;-3.06;351.42;0.16;854.2;41.73;21.9
12/24/2017 07:00;10.02;-4.18;346.42;0.11;853.6;63.59;24.61
12/24/2017 08:00;9.79;-3.77;324.83;0.21;853.82;135.92;35.1
12/24/2017 09:00;9.92;-3.68;45.75;0.19;853.82;93.54;27.57
12/24/2017 10:00;12.22;-5.33;58.38;0.16;854.13;108.34;26.71
12/24/2017 11:00;13.57;-6.54;103.59;1.32;853.91;399.11;40.96
12/24/2017 12:00;14.21;-6.42;92.25;0.89;853.39;1180.91;85.26
12/24/2017 13:00;14.36;-6.23;74.13;0.67;852.89;912.53;86.25
12/24/2017 14:00;14.19;-6.08;92.83;0.89;852.29;506.07;63.39
12/24/2017 15:00;13.92;-6.01;90.22;0.8;851.99;243.98;43.14
12/24/2017 16:00;12.79;-2.85;334.9;0.89;852.6;146.82;38.64
12/24/2017 17:00;10.08;1.05;311.42;0.69;853.65;57.79;28.68
12/24/2017 18:00;9.79;1.23;328.44;0.21;854.06;49.28;26.18
12/24/2017 19:00;9.58;1.79;35.36;0.36;854.87;43.68;25.68
12/24/2017 20:00;8.39;2.03;104.9;0.65;854.71;43.27;23.6
12/24/2017 21:00;7.82;1.75;109.86;1.01;854.63;38.41;25
12/24/2017 22:00;7.01;2.91;92.13;0.36;854.19;61.53;40.36
12/24/2017 23:00;6.32;3.98;310.82;0.41;854.27;56.36;39.43
12/25/2017 00:00;5.86;4;341.71;0.36;854.32;52;36.96
12/25/2017 01:00;6.24;3.7;319.03;0.42;854.31;60.45;40.59
12/25/2017 02:00;6.09;3.51;339.93;0.49;854.31;83.35;55.74
12/25/2017 03:00;6.01;3.24;330.13;0.44;854.43;82.5;55.74
12/25/2017 04:00;5.58;3.11;319.17;0.15;854.64;70.06;49.03
12/25/2017 05:00;5.62;3.14;340.67;0.13;854.51;57.59;43.54
12/25/2017 06:00;5.83;3.1;325.12;0.29;854.9;46.43;35.64
12/25/2017 07:00;5.89;2.98;297.97;0.4;855.54;32.21;23.42
12/25/2017 08:00;6.26;3.04;313.56;0.27;856.41;38;26.5
12/25/2017 09:00;6.51;2.9;303.29;0.38;856.76;38.32;26.17
12/25/2017 10:00;6.94;2.64;304.89;0.5;857.47;55.28;26.15
12/25/2017 11:00;7.76;2.76;302.57;0.61;857.65;52.83;22.06
12/25/2017 12:00;9.25;3.24;313.09;0.55;857.75;53;22.5
12/25/2017 13:00;10.43;3.15;310.29;0.57;857.54;55.99;23.54
12/25/2017 14:00;10.95;2.81;303.59;0.66;857.31;51.33;23.24
12/25/2017 15:00;10.65;1.53;301.78;0.6;857.38;48.59;20.41
12/25/2017 16:00;9.89;1.08;319.44;0.45;857.56;41.21;18.54
12/25/2017 17:00;9.67;0.8;295.91;0.39;858.11;41.49;17.5
12/25/2017 18:00;8.55;0.1;326.73;0.46;858.55;31.49;13.65
12/25/2017 19:00;7.54;-1.19;334.03;0.39;859.44;28.58;11.57
12/25/2017 20:00;6.7;-1.95;337.46;0.43;859.93;26.58;10.56
12/25/2017 21:00;5.83;-2.67;331.39;0.3;860.56;28.28;10.46
12/25/2017 22:00;5.04;-3.22;340.21;0.4;860.75;27.26;10.53
12/25/2017 23:00;4.46;-3.98;322.99;0.23;860.98;23.4;8.75
12/26/2017 00:00;3.9;-4.72;289.64;0.23;861.2;18.78;7.63
12/26/2017 01:00;3.42;-4.37;317.89;0.06;860.96;22.63;9.76
12/26/2017 02:00;3.09;-4.65;331.31;0.16;861.17;15.1;7.58
12/26/2017 03:00;2.94;-5.42;358.17;0.18;861.74;10.87;5.76
12/26/2017 04:00;2.69;-5.46;313.42;0.16;862.08;8.88;5.39
12/26/2017 05:00;2.14;-5.12;28.97;0.04;862.3;10.82;6.66
12/26/2017 06:00;2.14;-5.3;12.94;0.11;862.72;14.38;7.1
12/26/2017 07:00;2;-6.14;21.2;0.07;863.66;35.99;10.1
12/26/2017 08:00;2.3;-6.04;306.02;0.07;864.64;49.97;12.99
12/26/2017 09:00;2.96;-5.82;101.43;0.16;865.6;51.64;14.89
12/26/2017 10:00;3.91;-6.38;312.53;0.08;866.34;27.91;9.33
12/26/2017 11:00;6.11;-6.43;320.39;0.2;866.99;25.24;9.31
12/26/2017 12:00;7.35;-6.57;114.02;0.31;867.07;21.58;8.24
12/26/2017 13:00;8.57;-6.37;333.15;0.18;866.95;36.49;10.93
12/26/2017 14:00;8.84;-5.27;309.22;0.58;866.69;40.55;11.77
12/26/2017 15:00;8.88;-5.39;312.26;0.61;866.7;30.05;9.7
12/26/2017 16:00;8.03;-5.17;305.45;0.6;867.04;20.16;7.85
12/26/2017 17:00;7.93;-5.3;330.01;0.33;867.17;25.81;8.72
12/26/2017 18:00;7.3;-4.9;340.21;0.29;867.59;27.16;9.22
12/26/2017 19:00;6.54;-5.08;314.74;0.25;868.09;22.45;8.97
12/26/2017 20:00;5.79;-4.87;42.56;0.07;868.58;29.15;12.21
12/26/2017 21:00;4.24;-4.33;110.59;0.29;869.12;33.08;14.17
12/26/2017 22:00;4.34;-4.5;258.48;0.03;869.39;42.71;17.67
12/26/2017 23:00;4;-4.73;174.84;0.05;869.62;43.39;18.59
12/27/2017 00:00;3.73;-4.9;148.89;0.06;869.59;38.54;16.85
12/27/2017 01:00;3.54;-4.83;222.83;0.04;869.57;20.6;10.85
12/27/2017 02:00;3.26;-4.53;170.85;0.21;869.55;16.09;9.73
12/27/2017 03:00;2.92;-4.71;171.82;0.24;869.6;15.66;11.25
12/27/2017 04:00;2.77;-4.91;168.32;0.22;869.37;15.24;11.34
12/27/2017 05:00;2.48;-4.87;165.16;0.18;869.33;15.17;11.96
12/27/2017 06:00;2.15;-5.12;174.24;0.19;869.32;18.83;13.42
12/27/2017 07:00;1.97;-5.14;177.04;0.24;869.74;26.57;16.35
12/27/2017 08:00;1.99;-5.06;164.35;0.24;870.09;41.16;21.37
12/27/2017 09:00;2.56;-4.8;159.75;0.21;870.29;48.2;24.2
12/27/2017 10:00;3.56;-4.51;158.94;0.08;870.56;50.24;23.84
12/27/2017 11:00;6.05;-4.18;155.32;0.13;870.71;44.21;21.55
12/27/2017 12:00;7.68;-3.97;152.84;0.14;870.39;43.73;21.97
12/27/2017 13:00;8.92;-3.86;303.27;0.12;869.73;53.48;28.55
12/27/2017 14:00;9.19;-2.74;304.52;0.35;869.05;82.68;47.37
12/27/2017 15:00;9.19;-2.7;319.34;0.25;868.5;68.99;39.27
12/27/2017 16:00;8.51;-2.88;324.21;0.21;868.3;59.68;35.16
12/27/2017 17:00;8.22;-2.84;310.76;0.27;868.24;59.85;32.48
12/27/2017 18:00;7.66;-2.97;329.89;0.18;868.25;53.96;30.76
12/27/2017 19:00;6.18;-2.34;119.92;0.55;868.35;111.74;62.98
12/27/2017 20:00;5.46;-2.56;104.62;0.53;868.68;83.75;52.13
12/27/2017 21:00;4.98;-2.6;119.38;0.26;868.97;87.42;53.41
12/27/2017 22:00;4.76;-2.69;156.83;0.11;868.85;87.31;53.23
12/27/2017 23:00;4.14;-3.25;204.13;0.05;868.72;69.65;40.56
12/28/2017 00:00;3.91;-3.68;211.54;0.05;868.57;53.14;30.88
12/28/2017 01:00;3.9;-3.92;215.9;0.06;868.46;38.8;23.93
12/28/2017 02:00;3.68;-3.69;219.46;0.04;868.32;38.36;22.86
12/28/2017 03:00;3.63;-4.26;159.5;0.1;868.04;31.18;19.47
12/28/2017 04:00;3.62;-3.47;174.71;0.17;867.86;39.29;22.94
12/28/2017 05:00;3.2;-3.2;166.02;0.16;867.9;41.1;24.31
12/28/2017 06:00;3.29;-3.13;180.91;0.13;867.97;49.49;26.93
12/28/2017 07:00;3.03;-3.44;172.12;0.08;868.33;55.2;27.64
12/28/2017 08:00;2.92;-3.36;190.59;0.1;868.5;67.16;31.8
12/28/2017 09:00;3.31;-3.18;170.6;0.14;868.63;70.51;33.13
12/28/2017 10:00;4.09;-2.8;149.44;0.23;868.65;70.25;34.11
12/28/2017 11:00;6.39;-2.35;172.62;0.15;868.8;70.81;33.61
12/28/2017 12:00;7.33;-2.45;225.76;0.06;868.58;79.01;39.96
12/28/2017 13:00;7.93;-2.18;317.1;0.35;867.67;85.65;50.74
12/28/2017 14:00;8.7;-2.35;4.19;0.04;866.85;74.39;46.37
12/28/2017 15:00;8.46;-2.36;310.9;0.37;866.36;71.51;41.61
12/28/2017 16:00;7.64;-1.62;305.29;0.44;866.48;68.52;41.79
12/28/2017 17:00;7.16;-1.13;299.2;0.21;866.59;71.18;40.7
12/28/2017 18:00;6.78;-1.62;302.02;0.11;866.73;67.6;36.77
12/28/2017 19:00;6.56;-1.25;96.81;0.07;866.63;89.23;45.98
12/28/2017 20:00;6.33;-1.41;39.96;0.06;866.71;80.73;44.07
12/28/2017 21:00;5.3;-1.25;104.52;0.21;866.63;98.37;55.69
12/28/2017 22:00;4.89;-1.41;115.73;0.13;866.7;94.73;57.24
12/28/2017 23:00;4.67;-1.7;121.25;0.15;866.84;89.14;55.43
12/29/2017 00:00;5.05;-1.58;109.69;0.14;866.73;88.22;53.05
12/29/2017 01:00;5.59;-2.13;171.92;0.06;866.42;80.08;46.36
12/29/2017 02:00;5.83;-2.51;45.92;0.02;866.37;65.32;37.87
12/29/2017 03:00;5.77;-1.96;139.21;0.01;866.37;67.99;40.48
12/29/2017 04:00;5.71;-1.39;1.12;0.18;866.05;80.28;45.5
12/29/2017 05:00;5.67;-1.43;84.66;0.07;865.98;71.46;43.37
12/29/2017 06:00;5.17;-1.93;116.04;0.14;866.26;55.19;35.52
12/29/2017 07:00;4.67;-2.02;185.68;0.01;866.51;69.11;37.29
12/29/2017 08:00;4.06;-1.91;191.38;0.01;866.93;68.53;40.07
12/29/2017 09:00;3.94;-1.86;308.13;0.03;867.34;89.27;46.97
12/29/2017 10:00;4.45;-1.19;93.51;0.08;867.66;94.77;56.1
12/29/2017 11:00;6.79;-1.54;108.74;0.25;867.49;88.57;52.07
12/29/2017 12:00;8.75;-1.72;302.14;0.24;866.99;79.01;47.85
12/29/2017 13:00;9.43;-1.54;298.72;0.39;866.28;82.29;49.59
12/29/2017 14:00;9.77;-1.03;322.34;0.32;865.73;83.63;52.05
12/29/2017 15:00;10.18;-0.78;322.75;0.21;865.33;90.69;56.85
12/29/2017 16:00;9.65;-0.47;300.71;0.28;865.23;88.83;56.72
12/29/2017 17:00;9.61;-0.78;286.39;0.1;865.34;77;52.52
12/29/2017 18:00;8.67;-1.23;121.8;0.01;865.54;67.72;43.09
12/29/2017 19:00;7.51;-0.65;118.79;0.06;865.79;121.15;65.08
12/29/2017 20:00;7.51;-0.89;171.58;0.06;865.92;106.37;61.36
12/29/2017 21:00;7.27;-1.41;169.75;0.02;866.1;95.25;55.23
12/29/2017 22:00;7.09;-1.87;180.22;0.06;865.83;77.4;45.62
12/30/2017 00:00;6.84;-2.09;168.31;0.05;865.62;58.69;33.65
12/30/2017 01:00;6.59;-2.41;170.86;0.09;865.42;51.74;29.72
12/30/2017 02:00;5.87;-2.39;174.25;0.04;865.37;49;29.16
12/30/2017 03:00;5.8;-2.6;220.18;0.04;865.47;45.88;27.65
12/30/2017 04:00;5.73;-2.85;181.84;0.1;865.33;41.87;26.39
12/30/2017 05:00;5.59;-2.9;170.54;0.08;865.23;42.92;26.84
12/30/2017 06:00;5.48;-2.82;198.95;0.07;865.32;44.99;28.03
12/30/2017 07:00;5.5;-2.88;170.23;0.17;865.48;52.37;31.55
12/30/2017 08:00;5.38;-2.67;178.6;0.23;865.57;72.04;40.81
12/30/2017 09:00;5.94;-2.6;174.94;0.15;865.69;68.47;39.93
12/30/2017 10:00;6.87;-2.42;171.4;0.14;865.95;74.81;40.66
12/30/2017 11:00;8.75;-2.27;182.72;0.13;866.2;71.95;38.49
12/30/2017 12:00;11.22;-1.94;164.22;0.22;865.49;66.47;35.73
12/30/2017 13:00;13.28;-1.63;159.68;0.25;864.48;59.81;31.17
12/30/2017 14:00;14.87;-1.27;79.4;0.12;863.45;62.21;31.3
12/30/2017 15:00;15.31;-0.78;156.52;0.17;862.52;69.78;35.04
12/30/2017 16:00;14.38;-0.48;152.85;0.24;862.23;61.41;31.15
12/30/2017 17:00;13.72;0.15;335.66;0.04;862.18;82.2;37.78
12/30/2017 18:00;12.84;2.15;349.56;0.18;862.25;82.2;43.47
12/30/2017 19:00;11.79;1.95;111.28;0.41;862.39;85.72;50.25
12/30/2017 20:00;11.76;1.06;142.08;0.15;862.26;75.43;46.32
12/30/2017 21:00;12.03;0.48;147.03;0.12;861.57;68.92;39.54
12/30/2017 22:00;11.32;0.04;135.77;0.03;861.12;55.33;31.17
12/30/2017 23:00;10.77;0;144.86;0.02;861.21;48.49;28.7
12/31/2017 00:00;9.82;1.42;304.61;0.08;861.63;94.62;51.91
12/31/2017 01:00;8.42;1.37;121.45;0.04;861.7;68.83;38.8
12/31/2017 02:00;8.09;1.18;7.86;0.1;861.34;69.81;38.3
12/31/2017 03:00;7.72;1.34;351.02;0.06;861.84;76.41;44.41
12/31/2017 04:00;6.87;1.14;138.01;0.06;861.93;70.1;45.68
12/31/2017 05:00;5.86;0.7;124.19;0.1;861.84;64.94;46.39
12/31/2017 06:00;5.59;0.62;170.53;0.08;861.95;63.81;44.96
12/31/2017 07:00;5.85;0.27;167.4;0.14;862.29;62.73;42.79
12/31/2017 08:00;5.83;-0.09;162.74;0.12;862.57;85.72;46.26
12/31/2017 09:00;6.21;-0.04;172;0.04;862.93;89.05;54.66
12/31/2017 10:00;7.36;-0.35;166.01;0.09;863.28;86.62;50.19
12/31/2017 11:00;10.04;-0.55;72.69;0.1;863.32;72.47;41.98
12/31/2017 12:00;11.61;-1.31;321.9;0.19;863.03;75.05;43.04
12/31/2017 13:00;12.28;-1.91;323.62;0.36;862.4;69.82;34.77
12/31/2017 14:00;13.04;-1.97;333.62;0.43;861.77;71.2;34.54
12/31/2017 15:00;13.44;-2.16;304.73;0.38;860.99;66.53;32.18
12/31/2017 16:00;12.8;-2.46;318.07;0.3;860.69;63.87;31.59
12/31/2017 17:00;12.44;-2.21;325.98;0.25;860.45;67.7;33.02
12/31/2017 18:00;11.58;-2.01;59.4;0.1;860.23;78.35;39.84
12/31/2017 19:00;9.94;-1.32;108.61;0.42;860.23;95.53;50.52
12/31/2017 20:00;9.35;-1.37;122.02;0.13;860.19;78.29;46.28
12/31/2017 21:00;9.09;-1.75;143.83;0.1;860.29;75.64;47.04
12/31/2017 22:00;8.86;-2.17;168.16;0.13;859.65;66.76;41.57
12/31/2017 23:00;9;-2.43;155.11;0.16;859.38;61.86;36.89
01/01/2018 00:00;8.72;-2.57;155.66;0.23;858.75;54.63;33.01
01/01/2018 01:00;8.41;-3.08;164.86;0.28;857.81;44.74;24.32
01/01/2018 02:00;8.14;-3.07;231.33;0.06;857.84;32.54;20.14
01/01/2018 03:00;8.41;-3.09;173.09;0.1;857.86;29.55;19.26
01/01/2018 04:00;8.04;-3.09;163.66;0.05;857.83;27.9;18.07
01/01/2018 05:00;7.78;-2.96;144.41;0.06;857.33;30.74;20.21
01/01/2018 06:00;7.18;-2.69;150.73;0.04;857.1;36.96;23.13
01/01/2018 07:00;6.9;-2.54;151.72;0.05;857.01;70.63;31.36
01/01/2018 08:00;8.1;-2.01;142.32;0.07;857.01;108.71;37.71
01/01/2018 09:00;9.16;-1.64;71.43;0.04;856.9;71.32;32.31
01/01/2018 10:00;9.07;-0.51;142.68;0.08;856.97;53.92;27.14
01/01/2018 11:00;8.57;1.16;117.1;0.27;856.71;49.66;28.53
01/01/2018 12:00;9.1;2.3;19.15;0.13;855.95;42.27;27.11
01/01/2018 13:00;9.89;2.5;329.55;0.25;854.73;39.12;23.72
01/01/2018 14:00;11.12;2.18;305.52;0.08;853.61;51.68;29.45
01/01/2018 15:00;10.61;2.57;358.97;0.09;853.15;49.87;27.92
01/01/2018 16:00;9.82;3.05;86.63;0.24;852.83;36.48;23.71
01/01/2018 17:00;8.47;3.16;106.46;0.78;852.78;25.09;19.35
01/01/2018 18:00;7.24;3.59;62.87;0.18;852.68;24.74;20.57
01/01/2018 19:00;6.35;4.23;325.09;0.26;852.62;27.32;24.02
01/01/2018 20:00;6.03;4.26;316.14;0.09;852.41;27.94;25.77
01/01/2018 21:00;5.88;4.05;102.15;0.12;852.27;24.65;22.84
01/01/2018 22:00;5.94;3.94;207.2;0.02;851.89;22.01;20.78
01/01/2018 23:00;6.1;3.38;116.6;0.18;851.15;13.67;12.74
01/02/2018 00:00;5.98;2.47;253.09;0.11;850.11;14.78;14.04
01/02/2018 01:00;5.87;2.19;295.1;0.45;850.19;22.13;20.35
01/02/2018 02:00;5.49;1.91;289.2;0.35;850.21;24.67;22.26
01/02/2018 03:00;4.97;1.78;2.36;0.21;850.3;26.73;21.36
01/02/2018 04:00;5.4;0.65;309.31;0.07;850.4;28.87;20.96
01/02/2018 05:00;4.99;0.35;2.99;0.17;849.98;30.02;20.93
01/02/2018 06:00;4.19;0.33;332.85;0.29;849.85;33.11;24.03
01/02/2018 07:00;3.53;-0.07;302.42;0.4;850.43;41.84;31.54
01/02/2018 08:00;3.2;-0.01;345.83;0.36;850.91;43.75;30.98
01/02/2018 09:00;3.87;-0.28;303.91;0.37;851.48;55.67;31.84
01/02/2018 10:00;4.23;-0.44;298.11;0.4;851.92;73.89;36.05
01/02/2018 11:00;5.11;-0.07;316.62;0.38;852.3;82.03;44.68
01/02/2018 12:00;6.6;0.19;306.16;0.5;851.9;69.07;35.21
01/02/2018 13:00;8.01;0.27;324.06;0.49;851.4;51.85;23.94
01/02/2018 14:00;9.23;-0.78;307.48;0.76;850.99;38.68;14.38
01/02/2018 15:00;9.07;-1.5;314.19;0.87;850.88;45.25;16.7
01/02/2018 16:00;8.47;-1.76;334.94;0.54;851.24;37.96;12.81
01/02/2018 17:00;7.75;-1.44;312.9;0.69;851.59;32.72;13.69
01/02/2018 18:00;7.01;-0.3;314.48;0.64;852.13;31.51;14.57
01/02/2018 19:00;4.69;1.05;334.07;0.43;853.04;18.53;15.85
01/02/2018 20:00;3.96;1.29;318.1;0.12;853.71;22.06;19.51
01/02/2018 21:00;3.61;0.8;342.81;0.53;854.12;16.19;15.03
01/02/2018 22:00;1.28;-0.1;312.71;0.09;854.62;13.2;12.6
01/02/2018 23:00;1.52;0.36;89.9;0.07;854.96;16.44;15.85
01/03/2018 00:00;2.08;0.88;114.69;0.05;855.06;17.04;16.35
01/03/2018 01:00;2.08;0.44;108.93;0.33;855.16;10.74;10.16
01/03/2018 02:00;2.37;0.48;130.73;0.03;855.22;8.77;8.18
01/03/2018 03:00;2.72;0.34;295.53;0.31;855.74;11.97;10.83
01/03/2018 04:00;2.35;-0.06;290.48;0.55;856.23;13.15;12.07
01/03/2018 05:00;2.35;0.51;321.21;0.2;856.28;13.7;13.07
01/03/2018 06:00;2.74;0.3;339.87;0.11;856.49;13.92;13.01
01/03/2018 07:00;2.74;-0.29;312.58;0.42;857.13;11.7;10.76
01/03/2018 08:00;3.09;-0.17;86.44;0.15;857.69;13.81;13.06
01/03/2018 09:00;3.06;-0.16;321.77;0.28;858.24;18.22;16.14
01/03/2018 10:00;3.29;-0.33;303.63;0.53;858.78;32.09;20.24
01/03/2018 11:00;4.18;-0.5;300.28;0.59;859.31;77.97;25.21
01/03/2018 12:00;5.32;-0.24;309.08;0.57;858.99;75.61;27.8
01/03/2018 13:00;6.47;-0.9;316.02;0.47;858.61;62.01;23.89
01/03/2018 14:00;6.33;-1.46;297.29;0.65;858.39;53.78;21.47
01/03/2018 15:00;6.21;-1.42;295.9;0.65;858.34;50.9;20.5
01/03/2018 16:00;6.41;-1.78;304.88;0.55;858.27;40.81;18.72
01/03/2018 17:00;6.48;-1.83;309.83;0.49;858.24;39.85;18.95
01/03/2018 18:00;6.34;-1.99;307.17;0.33;858.38;48.05;20.74
01/03/2018 19:00;6.01;-1.82;314.13;0.32;858.68;60.62;27.05
01/03/2018 20:00;5.53;-1.96;333.09;0.23;859.07;60.27;26.96
01/03/2018 21:00;4.87;-2.17;346.98;0.11;859.17;55.45;26.57
01/03/2018 22:00;4.48;-2.53;326.76;0.09;859.27;60.66;25.55
01/03/2018 23:00;3.22;-2.42;133.69;0.03;859.08;78.39;33.22
01/04/2018 00:00;3.28;-2.37;302.26;0.09;859.3;92.8;35.74
01/04/2018 01:00;2.72;-2.84;290.87;0.03;859.14;64.23;29.32
01/04/2018 02:00;1.57;-3.48;167.9;0.02;858.91;32.9;19.96
01/04/2018 03:00;1.03;-3.63;-9999;0;859.07;23.89;19.02
01/04/2018 04:00;0.81;-3.48;190.28;0.03;859.1;22.53;18.75
01/04/2018 05:00;0.55;-3.21;193.73;0.01;858.91;30.2;22.55
01/04/2018 06:00;0.25;-3.41;188.09;0.02;858.9;31.06;24.03
01/04/2018 07:00;0.09;-3.63;189.08;0.05;858.9;40.31;28.61
01/04/2018 08:00;0.42;-3.36;178.17;0.03;859.21;58.72;39.44
01/04/2018 09:00;1.22;-3.15;178.73;0.02;859.34;60.53;38.32
01/04/2018 10:00;2.63;-3;106.56;0.05;859.3;64.62;32.14
01/04/2018 11:00;3.83;-2.67;96.82;0.08;859.2;43.1;27.23
01/04/2018 12:00;5.3;-2.59;256.92;0.03;858.5;54.25;31.78
01/04/2018 13:00;6.11;-2.4;306.34;0.41;857.86;63.43;35.94
01/04/2018 14:00;6.08;-2.24;299.17;0.48;857.22;56.47;33.72
01/04/2018 15:00;5.69;-2.54;317.12;0.37;856.93;44.5;25.19
01/04/2018 16:00;5.52;-2.43;315.41;0.36;856.75;49.4;27.6
01/04/2018 17:00;5.17;-2.56;317.65;0.26;856.38;43.76;24.01
01/04/2018 18:00;4.96;-2.26;350.96;0.3;855.99;51.21;27.65
01/04/2018 19:00;4.53;-1.74;291.78;0.35;856.45;54.01;31.52
01/04/2018 20:00;3.95;-2.02;306.98;0.2;856.56;51.13;29.81
01/04/2018 21:00;3.25;-1.99;51.91;0.14;856.29;55.7;34.53
01/04/2018 22:00;2.24;-2.11;100.18;0.12;856.12;55.42;38.36
01/04/2018 23:00;1.8;-2.46;109.06;0.13;855.98;51.99;36.91
01/05/2018 00:00;1.49;-2.77;126.66;0.03;856.01;58.89;41.45
01/05/2018 01:00;1.29;-2.89;174.54;0.01;855.77;50.94;36.03
01/05/2018 02:00;1.26;-3.12;109.57;0.05;855.61;43.13;32.21
01/05/2018 03:00;1.86;-3.1;244.7;0.01;855.49;46.56;34.54
01/05/2018 04:00;1.53;-3.11;150.88;0.03;855.31;43.66;34.27
01/05/2018 05:00;0.89;-3.28;175.4;0.04;854.9;42.3;33.31
01/05/2018 06:00;0.83;-3.49;159.94;0.04;854.95;40.13;31.36
01/05/2018 07:00;0.94;-3.45;184.77;0.03;855.22;39.4;29.79
01/05/2018 08:00;1.07;-3.63;318.74;0.06;855.47;49.8;31.55
01/05/2018 09:00;2.04;-4.52;336.42;0.17;855.96;55.31;26.22
01/05/2018 10:00;2.85;-5.02;312.66;0.21;856.28;39.14;22.13
01/05/2018 11:00;4.53;-5.86;311.98;0.33;856.04;32.93;19.02
01/05/2018 12:00;5.14;-5.41;303.71;0.4;855.59;40.39;20.46
01/05/2018 13:00;5.99;-5.1;312.79;0.43;855.13;39.86;20.66
01/05/2018 14:00;6.82;-4.71;303.03;0.51;854.9;41.77;24.29
01/05/2018 15:00;7;-4.12;310.08;0.42;854.71;44.94;26.13
01/05/2018 16:00;6.49;-3.89;293.77;0.44;854.67;41.4;24.95
01/05/2018 17:00;6.19;-3.85;290.96;0.29;854.64;37.96;22.35
01/05/2018 18:00;5.78;-3.79;348.73;0.18;854.8;34.18;21.53
01/05/2018 19:00;5.47;-3.77;332.96;0.03;854.99;44.12;26.45
01/05/2018 20:00;4.01;-3.13;113.44;0.11;855.31;78.31;37.38
01/05/2018 21:00;3.32;-3.36;128.24;0.05;855.48;58.44;31.49
01/05/2018 22:00;3.76;-3.38;173.34;0.06;855.53;55.84;31.31
01/05/2018 23:00;3.79;-4.07;176.94;0.08;855.55;43.08;25.32
01/06/2018 00:00;3.68;-4.3;195.53;0.08;855.55;40.02;23.75
01/06/2018 01:00;3.41;-4.75;169.16;0.08;855.53;36.73;22.78
01/06/2018 02:00;2.94;-4.96;182.53;0.04;855.47;33.39;21.88
01/06/2018 03:00;2.6;-5.11;186.92;0.07;855.59;28.65;19.95
01/06/2018 04:00;2.4;-5.15;206.95;0.07;855.58;28.32;21.4
01/06/2018 05:00;2.05;-4.61;204.77;0.07;855.46;36.12;28.59
01/06/2018 06:00;1.78;-4.69;193.73;0.06;855.7;39.97;31.52
01/06/2018 07:00;1.46;-4.47;195.38;0.05;856.2;56.6;37.62
01/06/2018 08:00;1.79;-4.71;234.68;0.03;856.68;68.95;37.13
01/06/2018 09:00;2.74;-4.19;112.15;0.03;857.23;84.92;41.39
01/06/2018 10:00;3.93;-3.92;136.21;0.06;857.58;92.4;41.95
01/06/2018 11:00;4.27;-3.75;301.11;0.32;858.06;74.56;41.82
01/06/2018 12:00;4.78;-3.4;294.8;0.35;858.1;65.03;36.39
01/06/2018 13:00;5.3;-2.05;301.4;0.55;857.92;48.04;28.59
01/06/2018 14:00;5.72;-1.88;299.08;0.44;857.85;50.07;30.27
01/06/2018 15:00;5.86;-1.42;296.02;0.44;858.1;58.74;35.53
01/06/2018 16:00;5.7;-1.58;306.78;0.45;858.65;53.5;31.53
01/06/2018 17:00;5.54;-1.66;309.79;0.38;859.18;47.71;28.94
01/06/2018 18:00;4.81;-1.79;356.21;0.55;859.71;41.17;25.95
01/06/2018 19:00;3.61;-2.47;0.9;0.36;860.46;37.65;23.55
01/06/2018 20:00;3.16;-2.35;102.61;0.28;861.01;46.3;28.19
01/06/2018 21:00;2.51;-2.55;316.57;0.2;861.58;44.29;27.05
01/06/2018 22:00;1.83;-2.67;289.67;0.02;862.08;42.27;27.8
01/06/2018 23:00;1.41;-2.8;114.36;0.14;862.45;49.23;34.39
01/07/2018 00:00;1.11;-3.09;124.84;0.08;862.77;43.41;29.74
01/07/2018 01:00;0.62;-3.66;109.84;0.19;863;32.44;23.07
01/07/2018 02:00;0.37;-3.94;181.27;0.03;863.48;26.04;20.12
01/07/2018 03:00;0.28;-4.19;182.03;0.07;863.97;22.31;18.65
01/07/2018 04:00;0.4;-4.99;202.39;0.01;864.29;16.55;13.55
01/07/2018 05:00;0.48;-5.57;223.45;0.02;864.67;14.53;12.21
01/07/2018 06:00;0.48;-5.58;217.2;0.02;865.08;16.02;12.61
01/07/2018 07:00;0.71;-5.69;160.53;0.04;865.73;27.98;15.92
01/07/2018 08:00;0.92;-5.52;171.19;0.06;866.44;73.8;25.62
01/07/2018 09:00;1.37;-5.7;218.69;0.06;867.01;44.59;21.32
01/07/2018 10:00;2.57;-5.5;160.61;0.06;867.7;57.13;26.82
01/07/2018 11:00;4.92;-4.39;150.86;0.19;868.16;41.62;20.78
01/07/2018 12:00;6.8;-3.51;211.28;0.18;867.93;35.31;16.51
01/07/2018 13:00;7.55;-2.6;219.51;0.23;867.7;33.68;16.75
01/07/2018 14:00;8.38;-3.69;177.51;0.25;867.56;25.47;13.76
01/07/2018 15:00;8.85;-4.51;176.14;0.23;867.55;26.58;11.11
01/07/2018 16:00;7.71;-4.22;172.28;0.17;867.69;21.09;10.84
01/07/2018 17:00;6.99;-4.54;262.86;0.08;867.9;19.25;10.36
01/07/2018 18:00;6.58;-4.28;173.43;0.16;868.26;20.86;11.9
01/07/2018 19:00;5.8;-2.7;9.02;0.39;868.87;35.54;20.8
01/07/2018 20:00;4.75;-2.24;318.65;0.27;869.13;36.35;23.3
01/07/2018 21:00;3.9;-2.37;79.01;0.09;869.37;42.91;26.46
01/07/2018 22:00;2.73;-3.06;115.77;0.22;869.47;45.85;26.89
01/07/2018 23:00;2.03;-4.08;187.1;0.04;869.44;52.16;26.16
01/08/2018 00:00;1.95;-5.48;189.32;0.04;869.61;34.84;19.31
01/08/2018 01:00;1.68;-6.42;266.78;0.05;869.5;25.94;16.52
01/08/2018 02:00;1.34;-7.08;184.17;0.13;869.37;19.1;13.69
01/08/2018 03:00;1.01;-7.23;226.46;0.03;869.55;19.15;13.45
01/08/2018 04:00;0.62;-7.16;248.87;0.06;869.5;15.54;12.36
01/08/2018 05:00;0.52;-7.64;241.13;0.04;869.34;13.59;11.27
01/08/2018 06:00;0.27;-7.77;197.5;0.06;869.28;14.65;11.41
01/08/2018 07:00;0.07;-7.71;222.92;0.06;869.35;22.61;13.71
01/08/2018 08:00;0.29;-7.34;199.16;0.03;869.64;49.01;19.85
01/08/2018 09:00;0.68;-6.76;229.53;0.02;870.15;53.23;23.38
01/08/2018 10:00;1.43;-6.12;160.6;0.14;870.52;52.22;26.93
01/08/2018 11:00;3.84;-5.25;120.19;0.05;870.51;46.38;25.52
01/08/2018 12:00;5.16;-4.81;315.35;0.09;869.95;39.32;23.36
01/08/2018 13:00;5.78;-4.66;305.77;0.39;869.26;35.24;19.88
01/08/2018 14:00;6.42;-4.63;292.34;0.44;868.74;41.84;21.33
01/08/2018 15:00;6.71;-4.53;298.78;0.43;868.21;36.82;18.5
01/08/2018 16:00;6.02;-4.59;298.01;0.51;868.08;37.37;17.89
01/08/2018 17:00;5.86;-4.49;334.79;0.27;867.97;35.36;19.88
01/08/2018 18:00;5.57;-4.36;346.7;0.3;867.84;37.45;21.61
01/08/2018 19:00;5.1;-4.04;344.3;0.18;867.98;36.4;20.74
01/08/2018 20:00;3.72;-3.82;121.45;0.45;868.22;80.63;39.44
01/08/2018 21:00;2.74;-4.09;110.38;0.43;868.4;57.17;30.68
01/08/2018 22:00;1.9;-4.71;112.62;0.35;868.4;43.45;25.8
01/08/2018 23:00;1.8;-5.42;186.53;0.05;868.4;44.34;25.16
01/09/2018 00:00;0.98;-5.97;204.71;0.01;868.44;50.66;24.4
01/09/2018 01:00;0.69;-6.49;186.52;0.05;868.08;37.97;20.1
01/09/2018 02:00;0.71;-7.39;183;0.05;867.89;23.37;14.62
01/09/2018 03:00;0.38;-7.58;190.73;0.08;867.74;18.52;13.42
01/09/2018 04:00;0.16;-8.24;242.93;0.05;867.37;18.21;13.82
01/09/2018 05:00;-0.29;-7.11;185.95;0.08;867.14;24.6;18.77
01/09/2018 06:00;-0.64;-7.05;255.51;0.09;867.17;26.44;19.73
01/09/2018 07:00;-0.73;-7.27;222.33;0.07;867.4;41.62;24.1
01/09/2018 08:00;-0.55;-7.82;221.62;0.1;867.41;104.28;30.86
01/09/2018 09:00;0.16;-7.68;256.9;0.04;867.59;80.51;30.33
01/09/2018 10:00;1.29;-6.88;48.82;0.03;867.67;55.6;29.1
01/09/2018 11:00;3.38;-5.65;326.31;0.23;867.47;67.56;34.86
01/09/2018 12:00;4.41;-5.26;298.01;0.5;866.88;61.51;38.13
01/09/2018 13:00;5.06;-4.54;318.62;0.46;865.82;66.38;40.97
01/09/2018 14:00;5.71;-4.3;306.46;0.54;864.49;62.48;37.69
01/09/2018 15:00;5.57;-3.9;307.92;0.5;863.46;56.12;34.79
01/09/2018 16:00;5;-3.63;308.66;0.54;862.84;48.15;32.16
01/09/2018 17:00;4.88;-3.66;314.69;0.45;862.35;48.33;30.92
01/09/2018 18:00;4.48;-3.91;302.89;0.42;861.89;47.69;29.78
01/09/2018 19:00;4.05;-3.72;299.91;0.42;862.65;71.32;36.42
01/09/2018 20:00;3.66;-3.94;326.82;0.08;863.6;52.15;32.55
01/09/2018 21:00;3.08;-3.94;92.93;0.27;863.38;54.12;40.24
01/09/2018 22:00;3.09;-4.21;325.2;0.13;863.36;57.68;35.73
01/09/2018 23:00;2.41;-4.69;321.27;0.15;863.24;51.15;32.5
01/10/2018 00:00;1.89;-4.97;320.9;0.13;863.18;49.68;32.19
01/10/2018 01:00;1.31;-4.82;3.33;0.28;863.24;56;35.14
01/10/2018 02:00;0.57;-5.32;108.57;0.13;863.57;36.13;27.31
01/10/2018 03:00;0.22;-5.57;209.61;0.02;863.77;34.47;27.37
01/10/2018 04:00;0.14;-5.62;122.2;0.11;864.02;36.25;29.03
01/10/2018 05:00;-0.52;-6.57;157.56;0.03;863.89;30.39;23.37
01/10/2018 06:00;-0.71;-6.1;166.56;0.05;863.82;42.94;30.79
01/10/2018 07:00;-0.67;-6.3;167.62;0.04;864.3;64.74;36.39
01/10/2018 08:00;-0.13;-5.92;149.21;0.05;864.86;91.7;44.21
01/10/2018 09:00;0.73;-5.58;114.31;0.1;865.11;88.56;45.26
01/10/2018 10:00;2.04;-5.31;295.83;0.15;865.54;78.34;44.43
01/10/2018 11:00;4.1;-5.73;294.76;0.11;865.76;76.83;43.71
01/10/2018 12:00;5.83;-6.29;301.86;0.41;865.28;68.44;37.69
01/10/2018 13:00;6.68;-6.13;305.04;0.49;864.85;60.78;35.05
01/10/2018 14:00;7.01;-5.91;305.51;0.69;864.59;52.48;30.57
01/10/2018 15:00;7.04;-6.69;309.23;0.56;864.13;48.53;27.18
01/10/2018 16:00;6.46;-5.22;302.46;0.46;863.84;59.69;34.34
01/10/2018 17:00;6.23;-5.62;301.89;0.42;863.82;49.12;29.35
01/10/2018 18:00;5.84;-5.46;312.66;0.34;863.93;46.97;28.37
01/10/2018 19:00;5.26;-5.34;302.19;0.2;864.08;55.93;34.13
01/10/2018 20:00;4.16;-4.97;118.22;0.4;864.49;57.99;36.71
01/10/2018 21:00;2.82;-5.56;118.1;0.52;864.61;55.28;33.64
01/10/2018 22:00;2.69;-6.19;168.01;0.05;864.83;55.95;30.72
01/10/2018 23:00;2.22;-7.14;168.33;0.1;864.83;49.42;25.69
01/11/2018 00:00;1.66;-8.21;168.89;0.17;864.54;42.53;23.29
01/11/2018 01:00;1.25;-8.96;208.52;0.08;864.31;32.35;19.43
01/11/2018 02:00;1.12;-9.82;196.84;0.03;864.09;24.26;16.39
01/11/2018 03:00;0.84;-9.98;192.48;0.07;863.95;22.54;16.12
01/11/2018 04:00;0.5;-9.59;223.74;0.07;863.62;21.43;16.68
01/11/2018 05:00;0.35;-10.18;225.43;0.06;863.54;17.79;14.19
01/11/2018 06:00;0.18;-10.07;191.26;0.1;863.71;18.56;15
01/11/2018 07:00;-0.06;-9.81;189.72;0.08;864.01;29.13;18.13
01/11/2018 08:00;0.19;-9.47;189.92;0.06;864.35;43.67;24.45
01/11/2018 09:00;0.41;-9.57;241.88;0.06;864.67;41.55;23.71
01/11/2018 10:00;1.39;-8.91;208.69;0.03;864.79;56.31;31.37
01/11/2018 11:00;3.77;-8.14;278.59;0.1;864.81;60.58;35.76
01/11/2018 12:00;4.71;-7.89;313.38;0.33;864.34;47.25;29.03
01/11/2018 13:00;5.35;-8.03;321.46;0.43;863.69;48.85;26.2
01/11/2018 14:00;6.06;-7.84;315.26;0.44;863.27;64.59;31.77
01/11/2018 15:00;6.2;-7.8;311.9;0.5;862.89;53.22;27.8
01/11/2018 16:00;5.8;-7.42;304.84;0.34;862.7;52.67;27.83
01/11/2018 17:00;5.86;-7.36;323.4;0.1;862.48;57.37;29.51
01/11/2018 18:00;5.63;-7.53;322.11;0.09;862.58;58.38;30.18
01/11/2018 19:00;5.36;-6.74;100.04;0.1;862.71;102.97;43.74
01/11/2018 20:00;5.25;-6.18;105.22;0.46;863.01;92.25;45.53
01/11/2018 21:00;5.35;-6.16;111.5;0.44;863.09;68.78;38.06
01/11/2018 22:00;5.65;-6.39;114.81;0.18;862.72;79.47;35.18
01/11/2018 23:00;5.72;-6.76;150.94;0.03;862.01;69.83;33.99
01/12/2018 00:00;4.99;-6.61;130.26;0.04;861.8;67.47;35.92
01/12/2018 01:00;3.71;-6.51;129.94;0.08;861.83;68.71;43.11
01/12/2018 02:00;3.01;-6.54;131.32;0.06;861.75;50.07;34.62
01/12/2018 03:00;3.94;-6.41;328.77;0.03;861.26;41.34;23.59
01/12/2018 04:00;3.35;-6.08;125.81;0.07;861.43;42.61;27.56
01/12/2018 05:00;2.74;-6.33;131.6;0.04;861.3;40.62;24.14
01/12/2018 06:00;2.38;-6.58;141.12;0.03;861.1;36.09;21.08
01/12/2018 07:00;2.73;-6.83;45.12;0.01;861.18;47.01;21.9
01/12/2018 08:00;3.42;-8.62;305.85;0.18;861.48;60.7;21.89
01/12/2018 09:00;3.69;-8.98;290.88;0.22;861.79;62.72;22.91
01/12/2018 10:00;3.84;-9.49;300.16;0.41;862.04;61.6;22.3
01/12/2018 11:00;5.53;-8.97;284.89;0.57;862.14;73.4;25.49
01/12/2018 12:00;7.01;-8;288.34;0.56;861.62;66.95;23.41
01/12/2018 13:00;8.5;-8.32;310.27;0.51;860.66;67.14;25.43
01/12/2018 14:00;9.78;-9.41;294.9;0.66;859.82;67.09;26.5
01/12/2018 15:00;10.17;-11.33;300.1;0.74;859.24;74.27;17.59
01/12/2018 16:00;10.6;-11.5;310.62;0.51;859.2;70.89;16.67
01/12/2018 17:00;10.19;-10.97;330.64;0.36;859.28;72.34;16.61
01/12/2018 18:00;8.85;-8.95;315.96;0.43;859.42;59.01;21.39
01/12/2018 19:00;8.41;-9.35;28.18;0.13;859.88;67.86;22.43
01/12/2018 20:00;7.85;-7.9;303.62;0.42;860.15;59.41;20.94
01/12/2018 21:00;7;-7.93;315.43;0.2;860.44;56.74;22.13
01/12/2018 22:00;6.79;-9.08;19.19;0.11;860.48;43.97;15.25
01/12/2018 23:00;6.08;-8.48;307.63;0.42;860.39;52.84;19.65
01/13/2018 00:00;4.02;-7.72;344.2;0.49;860.46;49.31;23.09
01/13/2018 01:00;3.57;-7.82;290.79;0.42;860.4;43.95;21.22
01/13/2018 02:00;3.15;-7.99;282.43;0.45;860.69;40.24;20.81
01/13/2018 03:00;2.78;-8.06;305.52;0.31;861.04;38.27;21.62
01/13/2018 04:00;2.37;-8.19;285.4;0.26;861.41;38.2;24.48
01/13/2018 05:00;1.92;-7.75;242.6;0.01;861.38;41.4;26.39
01/13/2018 06:00;1.76;-7.46;157.22;0.04;861.52;49.78;25.57
01/13/2018 07:00;2.52;-7.78;334.51;0.1;862.03;77.66;31.9
01/13/2018 08:00;3.07;-7.84;303.25;0.26;862.58;93.35;34.49
01/13/2018 09:00;3.09;-7.89;296.32;0.32;863.01;60.03;32.61
01/13/2018 10:00;3.81;-7.97;307;0.38;863.43;55.7;30.13
01/13/2018 11:00;5.32;-8.01;309.71;0.51;863.63;55.47;27.28
01/13/2018 12:00;6.74;-7.24;309.37;0.44;863.28;61.6;28.78
01/13/2018 13:00;7.94;-6.39;329.88;0.4;862.48;67.66;30.9
01/13/2018 14:00;10.02;-5.93;316.05;1.11;861.6;146.41;34.94
01/13/2018 15:00;10.01;-5.82;313.57;0.52;861.37;73.24;30.92
01/13/2018 16:00;9.59;-5.83;315.79;0.62;861.36;73.48;30.2
01/13/2018 17:00;9.01;-5.54;309.88;0.48;861.5;61.54;29.93
01/13/2018 18:00;8.36;-5.37;332.91;0.32;861.46;66.94;32.24
01/13/2018 19:00;7.11;-5.41;98.3;0.2;861.69;84.23;39.54
01/13/2018 20:00;5.13;-5.37;103.48;0.36;862.01;74.61;38.29
01/13/2018 21:00;5.23;-5.73;161.07;0.27;862.05;59.25;34.84
01/13/2018 22:00;4.6;-6.62;185.01;0.11;861.97;55.8;30.13
01/13/2018 23:00;4.39;-7.37;182.95;0.14;861.58;51.73;25.53
01/14/2018 00:00;4.11;-7.13;167.21;0.26;861.18;54.09;26.98
01/14/2018 01:00;3.57;-6.87;162.81;0.18;860.84;52.24;28.01
01/14/2018 02:00;3.23;-7;172.75;0.24;860.64;44.6;27.23
01/14/2018 03:00;2.71;-7.28;175.77;0.37;860.17;48.61;26.31
01/14/2018 04:00;2.24;-7.63;173.38;0.25;859.81;35.41;24.02
01/14/2018 05:00;1.9;-7.83;164.56;0.17;859.52;34.24;23.55
01/14/2018 06:00;1.87;-7.75;170.65;0.12;859.2;35.44;24.34
01/14/2018 07:00;1.9;-7.91;179.59;0.12;859.32;38.18;23.64
01/14/2018 08:00;2.04;-7.73;169.09;0.24;859.33;58.64;28.46
01/14/2018 09:00;2.41;-7.63;166.04;0.35;859.25;59.91;29.83
01/14/2018 10:00;3.4;-7.75;161.12;0.33;859.16;53.59;26.87
01/14/2018 11:00;5.68;-7.88;171.87;0.27;859.03;61.41;25.06
01/14/2018 12:00;8.02;-8.03;162.65;0.22;858.3;60.46;22.9
01/14/2018 13:00;10.06;-8.55;150.64;0.26;857.23;54.15;20.09
01/14/2018 14:00;11.21;-8.93;127.52;0.23;856.07;57.21;20.85
01/14/2018 15:00;11.16;-9.3;308.24;0.01;855.38;60.22;24.05
01/14/2018 16:00;10.45;-9.05;308.01;0.21;855.14;75.93;29.47
01/14/2018 17:00;9.75;-8.26;311.77;0.31;855.03;84.96;32.19
01/14/2018 18:00;9.06;-8.49;326.15;0.12;854.99;82.94;32.59
01/14/2018 19:00;8.34;-7.67;101.33;0.25;855.15;107.35;39.89
01/14/2018 20:00;7.63;-6.99;125.25;0.3;855.22;114.05;43.01
01/14/2018 21:00;6.48;-6.93;162.28;0.69;854.85;91.86;25.9
01/14/2018 22:00;5.37;-6.64;186.07;0.4;854.62;107.11;22.63
01/14/2018 23:00;4.6;-6.41;168.21;0.53;854.92;104.05;21.64
01/15/2018 00:00;4.26;-6.26;166.11;0.54;855.5;46.56;16.43
01/15/2018 01:00;3.23;-5.95;170.01;0.33;855.86;29.1;13.73
01/15/2018 02:00;1.64;-4.46;175.49;0.31;856.38;42.27;20.99
01/15/2018 03:00;0.18;-2.72;152.41;0.19;856.66;18.89;13.92
01/15/2018 04:00;0.06;-2.87;170.14;0.23;856.92;10.26;8.24
01/15/2018 05:00;0.08;-3.28;173.51;0.17;856.92;9.77;7.86
01/15/2018 06:00;0.07;-3.31;169.28;0.38;857.31;8.42;7.04
01/15/2018 07:00;-0.15;-3.57;173.03;0.47;857.75;9.22;7.35
01/15/2018 08:00;-0.42;-3.99;198.37;0.24;858.4;7.89;6.23
01/15/2018 09:00;-0.34;-4.1;184.98;0.28;859.19;12.19;9.09
01/15/2018 10:00;-0.52;-3.66;166.55;0.34;860.11;19.53;13.94
01/15/2018 11:00;-1.13;-3.27;202.35;0.1;860.87;12.41;8.98
01/15/2018 12:00;-0.37;-3.13;213.38;0.07;861.26;10.19;7.81
01/15/2018 13:00;0.23;-3.35;184.03;0.08;861.21;8.72;6.49
01/15/2018 14:00;0.63;-3.6;171.94;0.14;861.12;9.24;6.22
01/15/2018 15:00;0.83;-4.27;162.1;0.46;861.21;9.62;6.2
01/15/2018 16:00;1.02;-4.27;177.37;0.08;861.42;12.95;8.19
01/15/2018 17:00;0.77;-5.03;167.21;0.3;861.85;14.76;7.61
01/15/2018 18:00;0.27;-5.27;158.83;0.32;862.23;16.89;8.95
01/15/2018 19:00;-0.15;-5.81;168.1;0.19;862.41;22.46;9.75
01/15/2018 20:00;-0.24;-5.62;173.27;0.05;862.59;23.93;10.71
01/15/2018 21:00;-0.38;-6.07;185.69;0.06;862.87;38.89;14.55
01/15/2018 22:00;-0.53;-6.67;254.26;0.09;863.19;34.59;12.26
01/15/2018 23:00;-0.97;-6.93;180.52;0.05;863.32;28;11.77
01/16/2018 00:00;-1.19;-7.05;186.38;0.06;863.28;22.21;11.41
01/16/2018 01:00;-1.4;-6.79;193.77;0.05;863.26;17.77;11.67
01/16/2018 02:00;-1.3;-6.7;230.05;0.07;863.17;13.7;11.24
01/16/2018 03:00;-1.27;-6.72;237.6;0.09;863.04;11.76;10.04
01/16/2018 04:00;-1.3;-7.02;176.16;0.05;863.19;9.52;8.92
01/16/2018 05:00;-1.36;-6.84;227.42;0.06;863.29;10.39;9.7
01/16/2018 06:00;-1.05;-6.36;225.14;0.05;863.08;16.35;12.34
01/16/2018 07:00;-1.32;-6.38;173.92;0.15;863.04;24.03;15.24
01/16/2018 08:00;-1.31;-6.47;168.39;0.22;863.12;29.88;14.99
01/16/2018 09:00;-1.16;-6.51;193.18;0.06;863.26;37.92;18.67
01/16/2018 10:00;-0.64;-6.41;170.76;0.07;863.35;45.37;24.25
01/16/2018 11:00;0.83;-5.67;174.06;0.12;863.52;56.76;32.24
01/16/2018 12:00;1.67;-5.37;347.37;0.04;863.13;45.24;26.9
01/16/2018 13:00;2.05;-5.3;351.52;0.16;862.25;46.11;27.83
01/16/2018 14:00;2.48;-5.27;294.23;0.39;861.46;58.46;31.84
01/16/2018 15:00;2.43;-5.06;322.65;0.31;860.97;59.02;33.75
01/16/2018 16:00;2.57;-4.68;331.87;0.27;860.64;53.64;34.13
01/16/2018 17:00;2.35;-4.56;356.01;0.15;860.48;51.13;35.02
01/16/2018 18:00;2.31;-4.23;171.22;0.07;860.45;53.38;31.86
01/16/2018 19:00;1.77;-4.16;165.17;0.13;860.17;46.69;30.72
01/16/2018 20:00;0.58;-4.59;161.28;0.27;860.04;38.89;27.38
01/16/2018 21:00;0.48;-4.64;163.35;0.26;860.07;32.71;23.9
01/16/2018 22:00;-0.08;-2.94;206.46;0.09;860.07;32.28;28.05
01/16/2018 23:00;-0.3;-1.92;192.61;0.01;859.91;31.24;29.47
01/17/2018 00:00;-0.3;-1.69;201.68;0;859.74;30;29.21
01/17/2018 01:00;-0.41;-2.06;90.52;0;859.31;36.88;35.32
01/17/2018 02:00;0.1;-2.18;272.63;0;859.09;26.05;25
01/17/2018 03:00;-0.04;-2.26;286.81;0.02;858.99;29.89;28.51
01/17/2018 04:00;-0.29;-2.37;287.9;0.04;858.65;29.45;28.69
01/17/2018 05:00;-0.31;-3.26;271.22;0.06;858.25;25.87;25.14
01/17/2018 06:00;-0.36;-3.56;268.27;0.01;858;27.63;26.9
01/17/2018 07:00;-0.8;-3.58;181.17;0;858.21;32.78;31.46
01/17/2018 08:00;-0.87;-3.74;186.91;0.01;858.34;35.2;33.27
01/17/2018 09:00;-0.85;-4.08;276.63;0.01;858.68;33.13;30.21
01/17/2018 10:00;-0.75;-4.09;254.83;0.01;858.9;36.28;31.41
01/17/2018 11:00;-0.35;-4.03;271.83;0.07;859.01;38.08;32.19
01/17/2018 12:00;0.58;-3.83;270.5;0.04;858.67;39.75;33.38
01/17/2018 13:00;0.29;-3.36;318.28;0.18;857.9;30.83;27.9
01/17/2018 14:00;0.4;-3.52;290.87;0.16;857.26;33.33;30.21
01/17/2018 15:00;0.68;-3.39;353.59;0.16;856.84;42.27;34.31
01/17/2018 16:00;1.03;-3.12;336.54;0.28;856.8;57.26;37.96
01/17/2018 17:00;0.92;-3.27;0.47;0.27;856.74;57.44;39.68
01/17/2018 18:00;1.09;-3.4;342.16;0.2;856.76;56.55;41.74
01/17/2018 19:00;1.11;-3.42;90.81;0.13;856.75;58.65;44.74
01/17/2018 20:00;-0.25;-4.32;99.15;0.24;856.79;52.77;42.92
01/17/2018 21:00;-0.99;-6.22;182.89;0.07;856.75;77.53;43.94
01/17/2018 22:00;-1.37;-6.88;169.93;0.12;856.68;66.55;42.8
01/17/2018 23:00;-1.66;-7.35;172.28;0.21;856.53;61.63;41.33
01/18/2018 00:00;-1.93;-7.65;198.29;0.08;856.32;62.22;40.96
01/18/2018 01:00;-1.88;-7.16;171.93;0.12;856.18;56.67;41.52
01/18/2018 02:00;-1.93;-6.76;174.82;0.13;855.72;48.75;40
01/18/2018 03:00;-2.54;-6.88;205.3;0.11;855.68;43.29;38.84
01/18/2018 04:00;-2.92;-6.94;174.4;0.16;855.35;41.59;38.18
01/18/2018 05:00;-3.11;-7.27;182.16;0.11;855.36;38.32;34.8
01/18/2018 06:00;-2.86;-7.28;182.47;0.13;855.44;39.92;35.3
01/18/2018 07:00;-2.56;-7.17;214.58;0.08;855.46;54.83;39.73
01/18/2018 08:00;-2.15;-6.89;160.29;0.09;855.5;74.81;43.45
01/18/2018 09:00;-1.95;-6.95;180.55;0.17;856.01;66.16;42.86
01/18/2018 10:00;-0.93;-6.71;178.78;0.13;856.41;81.28;48.25
01/18/2018 11:00;0.25;-6.34;167.14;0.2;856.48;70.48;42.67
01/18/2018 12:00;2.53;-5.57;148.32;0.19;855.68;91.29;48.51
01/18/2018 13:00;3.57;-4.86;165.93;0.15;854.61;79.48;44.07
01/18/2018 14:00;3.58;-4.84;145.17;0.16;853.96;81.19;44.75
01/18/2018 15:00;3.88;-4.05;124.92;0.13;853.53;82.65;48.33
01/18/2018 16:00;3.24;-4.35;135.65;0.17;853.19;85.23;49.57
01/18/2018 17:00;5.23;-3.4;95.41;0.35;852.7;62.89;30.8
01/18/2018 18:00;6.07;-3.87;105.97;0.61;852.46;32.75;12.97
01/18/2018 19:00;5.59;-3.71;323.62;0.16;852.88;37.05;17.16
01/18/2018 20:00;5.35;-3.54;104.85;0.57;852.82;26.66;13.93
01/18/2018 21:00;5.29;-3.18;103.76;0.48;852.75;29.43;14.68
01/18/2018 22:00;5.2;-3.17;103.3;0.34;852.53;29.55;11.49
01/18/2018 23:00;5.84;-3.15;106.04;1.02;852.38;23.5;6.86
01/19/2018 00:00;5.95;-3.16;106.27;1.34;852.09;29.68;7.18
01/19/2018 01:00;6.24;-3.35;105.74;1.11;851.68;30.41;7.62
01/19/2018 02:00;6.09;-3.56;106.15;1.17;851.47;20.78;7.37
01/19/2018 03:00;5.57;-3.28;106.51;1.05;851.39;24.21;8.6
01/19/2018 04:00;6.06;-3.88;106.64;1.29;850.83;22.18;7.5
01/19/2018 05:00;5.64;-3.71;104.13;1.12;850.59;18.88;7.74
01/19/2018 06:00;5.6;-4.12;105.07;0.96;850.69;9.01;5.92
01/19/2018 07:00;5.82;-4.41;105.14;1.01;850.77;15.54;6.61
01/19/2018 08:00;5.81;-4.03;105.63;0.7;851.12;12.83;7.84
01/19/2018 09:00;6.5;-3.61;103.8;0.51;851.63;16.41;10.03
01/19/2018 10:00;7.87;-3.26;106.32;0.79;852.19;30.68;15.94
01/19/2018 11:00;8.48;-4.06;120.58;0.51;851.93;38.69;16.65
01/19/2018 12:00;9.93;-3.52;165.93;0.27;851.86;37.01;16.22
01/19/2018 13:00;9.97;-3.79;173.2;0.17;851.19;50.23;20.37
01/19/2018 14:00;10.18;-3.85;158.54;0.37;850.7;53.24;20.38
01/19/2018 15:00;10.35;-2.48;173.59;0.41;850.97;45.88;21.01
01/19/2018 16:00;9.74;-3.57;179.33;0.4;851.11;41.92;18.38
01/19/2018 17:00;8.94;-3.67;173.33;0.35;851.12;37.24;16.97
01/19/2018 18:00;7.65;-3.04;169.68;0.58;850.59;33.79;15.72
01/19/2018 19:00;6.72;-2.02;164.4;0.37;850.69;48.31;17.91
01/19/2018 20:00;6.4;-1.12;159.49;0.22;851.16;35.92;17.62
01/19/2018 21:00;5.84;0.05;203.68;0.21;851.49;29.39;16.72
01/19/2018 22:00;5.3;0.91;180.28;0.29;851.64;15.15;11.67
01/19/2018 23:00;4.92;1.28;176.01;0.3;851.98;11.63;9.19
01/20/2018 00:00;3.62;1.45;179.47;0.1;852.48;8.94;7.42
01/20/2018 01:00;2.02;0.55;153.71;0.06;852.66;5.43;5.04
01/20/2018 02:00;2.29;0.88;117.03;0.36;852.56;3.4;3.1
01/20/2018 03:00;2.58;1.18;108.95;0.06;852.51;3.71;3.33
01/20/2018 04:00;2.78;1.17;105.32;0.06;852.99;7.9;6.28
01/20/2018 05:00;2.75;0.79;122.4;0.06;853.44;12.75;9.82
01/20/2018 06:00;2.96;0.73;262.64;0.05;853.81;16.7;12.4
01/20/2018 07:00;3.16;0.42;124.78;0.04;854.6;20.77;15.13
01/20/2018 08:00;3.2;0.01;307.31;0.27;855.6;22.85;15.42
01/20/2018 09:00;2.9;-0.43;326.75;0.39;856.65;31.88;21.26
01/20/2018 10:00;2.87;-0.64;302.6;0.44;857.41;58.23;38.83
01/20/2018 11:00;3.4;-1.05;301.91;0.42;858.33;139.65;49.59
01/20/2018 12:00;3.65;-1.22;315.15;0.43;859.02;229.25;74.48
01/20/2018 13:00;3.39;-0.36;339.68;0.39;858.97;126.07;82.34
01/20/2018 14:00;3.81;-0.41;331.45;0.42;859.15;199.18;86.94
01/20/2018 15:00;4.42;-0.57;306.16;0.43;859.59;231.35;83.69
01/20/2018 16:00;4.79;-0.73;334.16;0.38;860.15;221.95;80.7
01/20/2018 17:00;3.49;0.62;104;0.39;860.71;105.56;65.69
01/20/2018 18:00;3.77;0.47;104.1;0.29;861.25;97.49;65
01/20/2018 19:00;4.05;0.12;112.94;0.1;861.74;94.25;62.84
01/20/2018 20:00;4.11;-0.3;106.02;0.4;862.17;109.73;53.42
01/20/2018 21:00;4.28;-0.36;342.06;0.25;862.9;107.07;38.59
01/20/2018 22:00;3.75;-0.43;355.31;0.17;863.06;81.09;46.38
01/20/2018 23:00;3.03;-0.92;116.06;0.21;863.2;55.66;34.57
01/21/2018 00:00;1.95;-1.64;120.1;0.1;863.21;49.82;33.24
01/21/2018 01:00;1.45;-1.77;139.28;0.03;863.13;52.64;35.11
01/21/2018 02:00;1.01;-2.22;117.98;0.02;863.23;64.58;43.68
01/21/2018 03:00;0.77;-2.52;139.63;0.02;863.5;41.68;27.82
01/21/2018 04:00;0.86;-2.63;113.72;0.02;863.47;35.75;23.86
01/21/2018 05:00;0.63;-2.69;105.51;0.05;863.31;37.06;24.73
01/21/2018 06:00;0.18;-3.49;150.94;0.01;863.31;38.9;25.95
01/21/2018 07:00;0.35;-3.18;244.84;0.01;863.66;52.65;35.11
01/21/2018 08:00;1.22;-3.18;300.94;0.05;864.29;72.5;38.87
01/21/2018 09:00;1.95;-2.62;66.47;0.07;864.54;77.89;39.51
01/21/2018 10:00;2.89;-2.02;74.06;0.05;864.41;93.97;45.48
01/21/2018 11:00;3.4;-1.56;289.66;0.4;864.59;113.95;53.89
01/21/2018 12:00;3.41;-1.45;338.48;0.39;864.32;105.06;50.31
01/21/2018 13:00;3.72;-1.29;319.47;0.37;863.77;116.34;55.61
01/21/2018 14:00;4.2;-1.31;320.98;0.38;863.26;131.4;65.06
01/21/2018 15:00;4.62;-1.3;311.1;0.3;862.8;142.3;71.07
01/21/2018 16:00;4.61;-1.3;327.23;0.4;862.92;138.37;72.48
01/21/2018 17:00;4.26;-1.28;7.51;0.34;863.12;137.8;74.4
01/21/2018 18:00;3.83;-1.26;54.34;0.18;863.17;122.56;64.24
01/21/2018 19:00;3.65;-1.31;36.64;0.03;863.48;122.11;65.87
01/21/2018 20:00;2.97;-1.36;108.39;0.47;863.68;113.31;70.66
01/21/2018 21:00;2.81;-1.39;147.9;0.05;863.54;110.73;72.17
01/21/2018 22:00;2.62;-1.88;211.71;0.07;863.55;113.38;66.68
01/21/2018 23:00;1.73;-2.52;171.78;0.14;863.1;87.68;58.09
01/22/2018 00:00;1.41;-2.77;192.2;0.11;863.03;88.65;59.37
01/22/2018 01:00;0.98;-3.56;166.19;0.16;862.57;89.22;55.82
01/22/2018 02:00;0.67;-3.12;165.98;0.23;862.24;82.33;56.86
01/22/2018 03:00;0.38;-3.29;171.05;0.34;862.09;74.63;51.77
01/22/2018 04:00;0.13;-3.36;169.4;0.29;861.78;75.98;53.04
01/22/2018 05:00;-0.14;-3.39;173.57;0.37;861.46;79.06;54.75
01/22/2018 06:00;-0.21;-3.34;171.75;0.35;861.37;78.25;53.94
01/22/2018 07:00;-0.33;-3.36;177.38;0.2;860.95;75.47;51.49
01/22/2018 08:00;-0.24;-3.54;175.49;0.2;860.66;75.34;51.28
01/22/2018 09:00;-0.25;-3.83;158.98;0.38;860.54;61.18;42.82
01/22/2018 10:00;0.01;-4.1;145;0.44;860.19;70.74;47.15
01/22/2018 11:00;0.76;-4.15;174.31;0.39;859.8;71.52;45.66
01/22/2018 12:00;2.06;-3.74;174.59;0.23;859.23;78.26;48.48
01/22/2018 13:00;3.65;-3.34;193.81;0.11;858.26;83.66;48.53
01/22/2018 14:00;6.38;-3.44;199.4;0.12;857.37;78.98;42.98
01/22/2018 15:00;7.63;-4.62;158.11;0.24;856.78;65.01;32.69
01/22/2018 16:00;6.79;-4.64;166.79;0.24;856.32;63.87;32.51
01/22/2018 17:00;6.02;-5.24;164.49;0.07;855.93;65.12;32.78
01/22/2018 18:00;5.06;-4.94;183.94;0.06;855.8;67.47;34.15
01/22/2018 19:00;4.14;-4.5;150.87;0.11;856.13;58.62;30.84
01/22/2018 20:00;3.71;-4.11;120.02;0.15;856.22;80.65;41.88
01/22/2018 21:00;3.36;-4.39;120.65;0.06;856.26;78.03;40.65
01/22/2018 22:00;2.94;-4.51;137.23;0.08;856.11;80.96;41.24
01/22/2018 23:00;2.45;-4.12;162.95;0.11;855.92;81.63;40.86
01/23/2018 00:00;2.37;-4.82;162.68;0.07;855.48;72.31;36.71
01/23/2018 01:00;1.7;-4.47;167.71;0.04;855.37;72.34;36.43
01/23/2018 02:00;1.49;-4.36;184.23;0.02;855.32;63.09;34.33
01/23/2018 03:00;1.49;-5.4;199.38;0.05;855.39;49.51;28.87
01/23/2018 04:00;0.84;-5.46;219.17;0.02;855.41;46.01;27.97
01/23/2018 05:00;-0.05;-5.19;190.83;0.02;855.31;45.91;30.39
01/23/2018 06:00;0.19;-5.41;179.31;0.03;855.52;46.24;29.07
01/23/2018 07:00;0.45;-6.13;166.1;0.1;855.88;54.73;29.97
01/23/2018 08:00;0.43;-7.06;187.07;0.08;856.16;75.32;33.55
01/23/2018 09:00;1.41;-7;160.99;0.08;856.29;86.54;37.07
01/23/2018 10:00;2.75;-7.1;158.08;0.11;856.61;104.54;44.18
01/23/2018 11:00;5.18;-7.94;161.49;0.11;856.6;75.96;31.92
01/23/2018 12:00;6.71;-7.94;162.74;0.34;856.34;65.91;28.71
01/23/2018 13:00;7.74;-7.87;168.76;0.27;855.51;71.9;27.32
01/23/2018 14:00;7.83;-8.07;153.96;0.21;854.91;75.89;29.16
01/23/2018 15:00;8.13;-7.33;145.12;0.12;854.63;92.28;34.06
01/23/2018 16:00;8.37;-6.89;164.86;0.21;854.61;92.06;34.63
01/23/2018 17:00;8.06;-6.59;164.61;0.42;854.67;91.71;33.61
01/23/2018 18:00;7.12;-6.42;178.03;0.18;854.55;97.5;34.05
01/23/2018 19:00;6.4;-6.4;184.69;0.1;854.49;87.68;33.21
01/23/2018 20:00;5.93;-6.32;166.79;0.2;854.47;88.43;32.83
01/23/2018 21:00;5.38;-5.36;162.06;0.11;854.76;86.11;36.44
01/23/2018 22:00;5.18;-5.1;178.7;0.13;854.9;85.8;37.37
01/23/2018 23:00;4.88;-5.22;190.35;0.02;855.02;89.43;37.4
01/24/2018 00:00;4.4;-4.89;215.74;0.02;855.2;88.43;35.17
01/24/2018 01:00;3.79;-4.85;177.07;0.02;855.41;101.22;36.2
01/24/2018 02:00;3.39;-4.65;137.24;0.08;855.48;104.44;40.59
01/24/2018 03:00;3.07;-4.43;257.48;0.02;855.74;97.36;37.74
01/24/2018 04:00;2.85;-3.57;171.72;0.04;856.03;82.75;37.13
01/24/2018 05:00;2.7;-3.35;146.28;0.01;856.14;80.98;35.82
01/24/2018 06:00;2.13;-3.3;170.88;0.04;856.19;68.66;35.35
01/24/2018 07:00;1.92;-3.71;206.57;0.05;856.7;78.39;38.22
01/24/2018 08:00;1.99;-4.07;168.6;0.12;857.43;92.88;43.39
01/24/2018 09:00;2.91;-4.24;174.52;0.2;857.93;92.82;45.69
01/24/2018 10:00;4.05;-4.06;186.16;0.12;858.3;106.58;49.8
01/24/2018 11:00;6.41;-3.66;126.7;0.12;858.55;112.88;52.9
01/24/2018 12:00;7.87;-2.97;148.07;0.18;858.46;103.63;48.76
01/24/2018 13:00;9.15;-2.81;161.45;0.17;858.02;107.72;46.89
01/24/2018 14:00;9.84;-2.73;161.45;0.07;857.6;103.02;46.19
01/24/2018 15:00;9.62;-2.53;162.04;0.16;857.77;106.09;46.23
01/24/2018 16:00;9.03;-2.42;143.05;0.3;858.07;101.26;46.41
01/24/2018 17:00;8.5;-2.34;161.72;0.29;858.31;96.18;44.77
01/24/2018 18:00;8.17;-2.18;151.51;0.2;858.39;94.08;46.68
01/24/2018 19:00;7.71;-2;154.17;0.05;858.7;99.54;47.91
01/24/2018 20:00;7.29;-1.74;138.48;0.08;858.99;117.96;54.48
01/24/2018 21:00;6.92;-2.04;136;0.16;859.23;112.76;55.08
01/24/2018 22:00;6.63;-2.07;134.64;0.15;859.32;111.62;53.79
01/24/2018 23:00;6.09;-1.76;175.21;0.16;859.31;101.85;49.99
01/25/2018 00:00;5.38;-1.15;155.77;0.22;859.33;96.45;51.47
01/25/2018 01:00;5.39;-1.2;177.41;0.19;859.17;94.37;49.99
01/25/2018 02:00;5.14;-1.37;161.57;0.25;858.81;91.5;49.74
01/25/2018 03:00;4.87;-1.64;163.54;0.18;858.81;92.91;49.36
01/25/2018 04:00;4.79;-1.64;174.11;0.13;858.97;94.88;49.8
01/25/2018 05:00;5.34;-1.64;177.49;0.08;858.9;99.24;49.04
01/25/2018 06:00;5.11;-1.01;164.43;0.31;859.26;96.35;48.27
01/25/2018 07:00;4.56;0.15;186.06;0.18;859.47;74.56;47.56
01/25/2018 08:00;4.6;0.66;177.86;0.09;859.8;73.24;48.88
01/25/2018 09:00;4.59;0.88;172.56;0.25;859.99;68.54;45.77
01/25/2018 10:00;4.78;0.63;170.6;0.38;860;67.23;44.89
01/25/2018 11:00;5.66;0.53;172.39;0.42;860.14;90.13;46.48
01/25/2018 12:00;6.63;0.26;173.86;0.44;859.87;91.52;44.29
01/25/2018 13:00;7.19;-0.06;167.9;0.52;859.36;88.66;42.81
01/25/2018 14:00;8.21;-0.22;179.33;0.33;858.98;88.68;43.9
01/25/2018 15:00;8.58;-0.27;165.34;0.41;858.78;83.94;43.54
01/25/2018 16:00;8.84;-0.28;187.62;0.14;858.72;86.41;43.92
01/25/2018 17:00;8.57;0.14;192.61;0.12;858.71;97.3;46.13
01/25/2018 18:00;8.04;0.14;184.42;0.13;858.75;96.88;46.01
01/25/2018 19:00;7.57;-0.07;170.89;0.34;858.61;88.84;44.58
01/25/2018 20:00;6.92;-0.22;159.81;0.88;858.68;77.68;40.85
01/25/2018 21:00;6.07;-0.45;162.19;0.75;858.66;67.91;38.14
01/25/2018 22:00;5.51;-0.82;161.81;1.02;858.44;62.16;35.39
01/25/2018 23:00;5.09;-1.16;161.77;1.02;858.05;59.81;32.76
01/26/2018 00:00;4.92;-1.57;160.73;1.12;857.71;57.49;31.82
01/26/2018 01:00;4.43;-1.94;173.27;0.59;857.57;65.11;31.51
01/26/2018 02:00;4.1;-2.2;169.54;0.42;858.34;51.4;28.67
01/26/2018 03:00;3.14;-1.76;162.21;1.08;858.27;38.83;24.01
01/26/2018 04:00;1.92;-0.63;164.69;0.81;857.91;19.76;16.07
01/26/2018 05:00;1.41;-0.56;173.04;0.62;857.51;11.27;9.86
01/26/2018 06:00;1.71;-0.56;177.82;0.6;856.84;6.05;5.31
01/26/2018 07:00;1.69;-0.75;162.62;1.45;856.24;8.34;6.65
01/26/2018 08:00;1.69;-1.02;161.43;1.29;856.43;9.96;7.86
01/26/2018 09:00;1.71;-1.16;164.55;1.23;856.4;7.88;6.16
01/26/2018 10:00;1.8;-1.21;165.86;1.16;856.81;5.49;4.51
01/26/2018 11:00;1.25;-0.84;162.8;1.04;857.03;12.93;9.58
01/26/2018 12:00;1.64;-0.47;158.88;1.26;856.51;3.59;3.06
01/26/2018 13:00;1.9;-1.14;170.19;0.9;856.23;4.18;3.4
01/26/2018 14:00;1.5;-1.16;162.64;1.02;856.39;6.94;5.15
01/26/2018 15:00;0.93;-0.99;160.86;0.83;856.49;3.71;3.01
01/26/2018 16:00;1.27;-1.19;166.05;0.69;856.78;4.44;3.5
01/26/2018 17:00;1.34;-1.98;186.44;0.36;857.34;3.38;2.82
01/26/2018 18:00;1.06;-3.06;160.8;1.06;857.74;3.81;1.88
01/26/2018 19:00;1.03;-3.05;168.11;0.73;858.49;5.97;2.68
01/26/2018 20:00;0.93;-3.37;174.69;0.62;858.85;8.4;3.48
01/26/2018 21:00;0.4;-3.57;165.81;1.03;859.15;6.17;3.12
01/26/2018 22:00;0.1;-3.62;160.65;1.38;859.25;2.75;2.06
01/26/2018 23:00;0.38;-4.07;161.58;1.38;859.03;5.72;2.41
01/27/2018 00:00;0.49;-4.36;166.34;1.05;859.4;5.3;2.32
01/27/2018 01:00;0.19;-4.03;161.52;0.99;859.6;15.89;7.79
01/27/2018 02:00;-0.47;-3.68;159.11;1.09;859.53;14.81;10.09
01/27/2018 03:00;-0.37;-3.94;157.96;1.22;859.63;2.43;1.92
01/27/2018 04:00;-0.44;-3.96;159.3;1.09;859.5;2.36;1.92
01/27/2018 05:00;-0.52;-4.17;158.81;0.93;859.36;2.84;2.36
01/27/2018 06:00;-0.54;-4.72;157.68;0.88;859.39;2.65;1.83
01/27/2018 07:00;-0.43;-5.1;159.78;0.87;859.56;3.29;2.11
01/27/2018 08:00;-0.15;-5.09;167.53;0.93;859.66;4.82;2.71
01/27/2018 09:00;0.05;-5.43;166.42;0.85;860.11;4.85;2.53
01/27/2018 10:00;0.2;-5.73;164.14;1.1;860.35;8.62;3.15
01/27/2018 11:00;0.9;-5.48;171.05;0.91;860.56;21.26;4.73
01/27/2018 12:00;1.41;-5.5;179.82;0.86;860.46;38.27;7.89
01/27/2018 13:00;0.74;-6;177.45;0.8;860.07;27;6.43
01/27/2018 14:00;0.79;-6.1;194.92;0.49;859.96;27.76;7.12
01/27/2018 15:00;0.68;-5.96;180.7;0.52;860.36;28.48;7.57
01/27/2018 16:00;0.42;-6.46;186.55;0.45;860.53;20.98;5.24
01/27/2018 17:00;0.1;-6.96;181.6;0.39;860.91;19.97;4.77
01/27/2018 18:00;-0.34;-7.09;185.62;0.54;861.38;20.41;4.29
01/27/2018 19:00;-0.89;-7.21;176.09;0.5;861.97;14.41;4.56
01/27/2018 20:00;-1.33;-7.72;188.84;0.38;862.62;20.01;7.79
01/27/2018 21:00;-1.72;-7.95;171.76;0.46;863.13;29.7;9.1
01/27/2018 22:00;-2.56;-6.84;172.54;0.53;863.6;34.9;11
01/27/2018 23:00;-2.44;-8.22;172.73;0.53;863.6;14.28;4
01/28/2018 00:00;-2.78;-8.89;171.36;0.57;863.8;15.29;3.37
01/28/2018 01:00;-3.39;-9.31;179.09;0.44;863.96;22.65;4.3
01/28/2018 02:00;-3.9;-9.97;178.26;0.24;864.26;17.83;3.68
01/28/2018 03:00;-4.05;-10.42;176.13;0.31;864.47;16.32;3.56
01/28/2018 04:00;-4.47;-9.55;191.77;0.18;864.54;18.85;4.59
01/28/2018 05:00;-5.1;-9.46;203.26;0.21;864.75;38.59;10.85
01/28/2018 06:00;-5.45;-9.76;175.25;0.39;865.03;27.41;8.82
01/28/2018 07:00;-5.39;-10.17;183.17;0.28;865.27;23.37;5.77
01/28/2018 08:00;-5.31;-11.11;184.91;0.55;865.89;29.07;7.37
01/28/2018 09:00;-4.96;-13.74;181.57;0.47;866.44;21.73;5.9
01/28/2018 10:00;-4.62;-16.53;175.62;0.66;866.81;43.06;6.64
01/28/2018 11:00;-3.54;-14.06;204.97;0.42;867.11;76.91;10.27
01/28/2018 12:00;-3.56;-13.72;173.32;0.77;867.19;48.05;7.67
01/28/2018 13:00;-3.33;-12.99;179.45;0.42;866.88;37.35;7.3
01/28/2018 14:00;-3.11;-12.67;174.65;0.6;866.52;35.02;6.89
01/28/2018 15:00;-2.33;-13.71;172.93;0.48;866.14;40.06;7.97
01/28/2018 16:00;-2.11;-14.02;195.43;0.25;866.12;34.63;7.48
01/28/2018 17:00;-2.93;-14.62;195.48;0.29;866.36;30.82;7.15
01/28/2018 18:00;-3.67;-15.25;176.37;0.33;866.51;24.86;5.86
01/28/2018 19:00;-4.15;-14.85;175.96;0.18;866.69;23.39;6.85
01/28/2018 20:00;-4.65;-15.38;209.11;0.09;866.96;26.77;8.14
01/28/2018 21:00;-5.14;-16.02;239.28;0.12;866.9;23.68;6.06
01/28/2018 22:00;-5.49;-16.81;174.63;0.31;866.94;17.84;5.06
01/28/2018 23:00;-5.89;-17.74;203.17;0.13;866.83;18.32;4.74
01/29/2018 00:00;-6.33;-20.47;186.88;0.28;866.44;12.1;3.51
01/29/2018 01:00;-6.5;-21.49;191.98;0.14;866.17;11.54;3.41
01/29/2018 02:00;-6.78;-22.03;203.19;0.1;865.92;7.07;2.55
01/29/2018 03:00;-7.64;-22.9;193.71;0.12;865.79;9.51;4.81
01/29/2018 04:00;-8.16;-23.38;252.62;0.09;865.26;10.54;4.66
01/29/2018 05:00;-8.45;-22.73;204.81;0.08;864.71;9.34;4.11
01/29/2018 06:00;-8.51;-21.89;162.99;0.12;864.74;9.72;3.95
01/29/2018 07:00;-8.78;-21.61;172.76;0.17;864.79;30.95;6.73
01/29/2018 08:00;-8.93;-21.12;198.73;0.07;864.84;45.01;10.44
01/29/2018 09:00;-9.03;-21.04;176.92;0.15;864.93;38.86;9.42
01/29/2018 10:00;-8.61;-21.14;192.84;0.12;864.94;39.29;8.98
01/29/2018 11:00;-6.52;-21.05;168.66;0.16;864.74;33.9;9.47
01/29/2018 12:00;-3.95;-21.47;196.09;0.11;864.39;32.79;9.74
01/29/2018 13:00;-2.5;-19.83;182.41;0.23;863.7;37.83;10.4
01/29/2018 14:00;-1.51;-20.73;240.9;0.13;862.82;32.51;8.98
01/29/2018 15:00;-0.67;-23.51;188.88;0.09;862.03;31.37;8.75
01/29/2018 16:00;-1.08;-22.75;159.28;0.1;861.7;40.21;12.61
01/29/2018 17:00;-1.91;-19.66;173.89;0.18;861.48;62.3;22.1
01/29/2018 18:00;-3.03;-18.03;161.79;0.14;861.35;57.9;23.2
01/29/2018 19:00;-3.97;-18.22;221.87;0.04;861.18;48.68;20.55
01/29/2018 20:00;-4.74;-17.44;217.86;0.08;861.12;34.95;13.38
01/29/2018 21:00;-5.23;-16.81;213.49;0.09;861.3;37.46;15.52
01/29/2018 22:00;-5.66;-17.12;208.34;0.08;861.28;37.96;15.21
01/29/2018 23:00;-6.02;-17.05;209.85;0.09;861.23;33.1;12.6
01/30/2018 00:00;-6.28;-16.46;180.66;0.16;860.88;35.65;16.69
01/30/2018 01:00;-6.46;-16.25;182.98;0.11;860.57;25.25;13.11
01/30/2018 02:00;-6.4;-14.86;189.19;0.1;860.49;28.05;16.77
01/30/2018 03:00;-6.26;-14.49;190.32;0.06;860.28;23.53;15.15
01/30/2018 04:00;-6.31;-13.14;181.14;0.03;860.13;23.79;16.34
01/30/2018 05:00;-6.44;-12.38;199.46;0.02;860.04;22.04;16.31
01/30/2018 06:00;-6.14;-12.22;203.13;0.03;860.16;24.8;17.95
01/30/2018 07:00;-5.76;-12.38;152.75;0.11;860.49;40.41;21.27
01/30/2018 08:00;-5.61;-12.53;253.96;0.07;860.66;56.77;26.73
01/30/2018 09:00;-4.77;-11.76;123.98;0.04;860.91;61.77;29.67
01/30/2018 10:00;-3.82;-11.3;105.07;0.14;861.1;56.18;26.85
01/30/2018 11:00;-2.59;-11.17;326.67;0.25;861.29;67.22;34.66
01/30/2018 12:00;-1.82;-10.99;335.8;0.43;861.24;65.17;35.03
01/30/2018 13:00;-0.77;-10.49;316.08;0.26;860.77;56.86;30.63
01/30/2018 14:00;-0.56;-10.36;333.68;0.55;860.4;51.67;27.56
01/30/2018 15:00;-0.12;-9.75;309.71;0.48;860.28;51.54;27.89
01/30/2018 16:00;-0.36;-9.01;324.47;0.24;860.42;44.53;25.02
01/30/2018 17:00;0.12;-8.74;84.87;0.23;860.51;35.85;21.08
01/30/2018 18:00;0.26;-8.95;312.92;0.47;860.65;39.23;20.83
01/30/2018 19:00;-0.05;-8.72;312.52;0.38;861.07;43.53;23.52
01/30/2018 20:00;-0.31;-8.11;316.87;0.3;861.75;44.71;24.49
01/30/2018 21:00;-0.91;-7.72;310.08;0.41;862.21;46.58;29.28
01/30/2018 22:00;-1.54;-7.67;309.48;0.3;862.52;46.67;28.79
01/30/2018 23:00;-2.31;-8.28;12.41;0.5;862.56;48.4;29.9
01/31/2018 00:00;-2.58;-8.82;345.2;0.23;862.48;45.78;29.78
01/31/2018 01:00;-2.79;-8.85;328.21;0.26;862.43;44.33;30.94
01/31/2018 02:00;-3.26;-8.78;297.36;0.42;862.15;39.83;33.21
01/31/2018 03:00;-3.9;-8.37;280.59;0.38;862.02;37.55;33.47
01/31/2018 04:00;-4.04;-8.61;282.4;0.32;861.8;38.55;34.03
01/31/2018 05:00;-4.13;-8.86;299.26;0.19;861.87;39.13;33.96
01/31/2018 06:00;-4.84;-9.08;288.67;0.04;862.02;45.06;38.13
01/31/2018 07:00;-4.76;-9.16;308.79;0.11;862.06;53.25;39.93
01/31/2018 08:00;-4.28;-9.22;301.57;0.06;862.26;69.26;42.03
01/31/2018 09:00;-4.05;-9.14;324.37;0.41;862.61;56.03;41.3
01/31/2018 10:00;-3.59;-9.06;346.24;0.34;862.79;70.46;45.11
01/31/2018 11:00;-1.94;-9.03;325.34;0.39;863.16;75.66;42.31
01/31/2018 12:00;-0.31;-8.97;314.51;0.45;862.94;69.38;40.66
01/31/2018 13:00;0.87;-8.65;301.61;0.52;862.22;77.92;44.41
01/31/2018 14:00;2.08;-8.19;308.74;0.62;861.48;78.51;41.76
01/31/2018 15:00;2.59;-7.76;313.76;0.61;861.11;69.05;35.35
01/31/2018 16:00;3.58;-7.81;307.91;0.68;860.83;58.42;25.7
01/31/2018 17:00;3.35;-7.34;309.16;0.68;860.66;46.64;22.28
01/31/2018 18:00;2.68;-6.81;299.88;0.67;860.69;39.32;21.36
01/31/2018 19:00;1.8;-6.55;294.81;0.47;861.03;39.46;21.62
01/31/2018 20:00;1.33;-6.55;298.17;0.43;861.17;41.95;25.53
01/31/2018 21:00;0.86;-6.64;11.1;0.11;861.46;46.72;27.6
01/31/2018 22:00;-0.54;-6.51;112.87;0.53;861.63;44.53;29.05
01/31/2018 23:00;-1.2;-6.87;112.63;0.39;861.47;37.23;27.19
02/01/2018 00:00;-1.68;-7.1;119.56;0.18;861.36;40.69;28.75
02/01/2018 01:00;-1.73;-7.06;142.93;0.03;861.29;44.52;31.25
02/01/2018 02:00;-1.99;-7.22;138.43;0.07;861.33;39.83;31.72
02/01/2018 03:00;-2.35;-7.12;162.5;0.04;861.3;36.4;31.04
02/01/2018 04:00;-2.73;-7.3;183.31;0.04;861.37;35.86;31.02
02/01/2018 05:00;-3.17;-7.4;170.39;0.02;861.44;36.46;32.05
02/01/2018 06:00;-2.41;-6.6;2.53;0.04;861.8;36.3;32.25
02/01/2018 07:00;-2.02;-6.45;304.37;0.08;861.96;41.77;34.91
02/01/2018 08:00;-2.66;-6.93;117.85;0.12;862.78;49.17;40.04
02/01/2018 09:00;-2.02;-6.66;75.19;0.09;863.3;49.78;40.28
02/01/2018 10:00;-0.45;-6.13;312.73;0.2;863.57;58.01;40.41
02/01/2018 11:00;1.32;-5.71;295.04;0.59;863.83;83.33;47.02
02/01/2018 12:00;2.98;-5.43;316.01;0.5;863.83;78.65;45.51
02/01/2018 13:00;4.58;-5.1;304.99;0.6;863.29;82;43.92
02/01/2018 14:00;5.46;-5.51;301.75;0.73;862.97;77.12;35.9
02/01/2018 15:00;6.31;-7.04;317.04;0.82;862.82;77.11;27.65
02/01/2018 16:00;6.05;-7.84;317.89;0.85;862.92;61.14;23.1
02/01/2018 17:00;5.51;-8.25;312.55;0.83;863.21;47.65;19.78
02/01/2018 18:00;4.96;-7.78;317.32;0.64;863.62;43.32;22
02/01/2018 19:00;4.21;-7.42;315.64;0.5;864.03;57.22;30.03
02/01/2018 20:00;3.44;-6.78;303.57;0.32;864.6;49.25;29.56
02/01/2018 21:00;2.73;-6.16;43.08;0.09;865.02;60.65;33.33
02/01/2018 22:00;1.6;-7.39;130.31;0.2;865.28;54.45;28.38
02/01/2018 23:00;0.98;-7.71;119.37;0.12;865.72;37.24;23.84
02/02/2018 00:00;0.44;-8.51;117.78;0.04;866.06;31.23;19.39
02/02/2018 01:00;-0.13;-8.16;143.3;0.08;866.11;35.11;21.55
02/02/2018 02:00;-0.6;-8.34;101.09;0;866.02;37.09;22.06
02/02/2018 03:00;-0.15;-7.05;34.1;0.01;866.19;55.76;33.31
02/02/2018 04:00;-0.43;-7.12;121.52;0.04;866.26;39.02;30.25
02/02/2018 05:00;-1.43;-7.68;127.63;0.03;866.33;33.99;27.89
02/02/2018 06:00;-1.83;-7.84;109.61;0.04;866.42;29.1;24.47
02/02/2018 07:00;-2.25;-8.05;189.78;0.03;866.61;34.33;25.67
02/02/2018 08:00;-2.07;-8.1;136.02;0.09;866.95;61.02;30.44
02/02/2018 09:00;-1.01;-8.55;197.26;0.03;867.47;61.9;29.15
02/02/2018 10:00;0.73;-7.54;218.76;0.05;867.73;68.33;34.23
02/02/2018 11:00;3.62;-6.74;115.11;0.1;867.85;63.63;34.49
02/02/2018 12:00;5.11;-6.38;300.42;0.46;867.81;66.88;40.41
02/02/2018 13:00;6.19;-6.19;315.39;0.39;867.18;63.71;38.44
02/02/2018 14:00;6.7;-7.24;305.43;0.53;866.62;60.31;34.64
02/02/2018 15:00;6.74;-7.62;306.77;0.56;866.38;51.45;30.68
02/02/2018 16:00;6.36;-7.73;309.52;0.45;866.21;45.3;29.81
02/02/2018 17:00;5.68;-7.36;303.78;0.48;866.04;45.59;29.75
02/02/2018 18:00;5.05;-7.14;303.33;0.31;865.98;46.1;30.1
02/02/2018 19:00;4.4;-6.52;291.3;0.16;866;50.73;32.55
02/02/2018 20:00;3.01;-6.18;129.65;0.2;866.04;74.94;46.64
02/02/2018 21:00;2.16;-6.12;129.08;0.05;866.28;70.15;41.87
02/02/2018 22:00;1.79;-6.24;168.87;0.1;866.48;73.36;44.29
02/02/2018 23:00;0.99;-7.12;252.19;0.06;866.41;61.37;38.52
02/03/2018 00:00;0.33;-7.75;228.03;0.05;866.28;52.7;36.73
02/03/2018 01:00;-0.14;-8.43;210.32;0.12;866.04;50.08;35.05
02/03/2018 02:00;-0.51;-8.61;227.2;0.03;865.72;45.72;34.51
02/03/2018 03:00;-0.68;-9.23;235.28;0.08;865.66;40.66;32.05
02/03/2018 04:00;-0.82;-9.8;216.87;0.05;865.43;35.92;28.86
02/03/2018 05:00;-1.05;-9.85;231.84;0.09;865.16;36.47;28.98
02/03/2018 06:00;-1.42;-8.11;167.04;0.1;864.94;44.29;39.42
02/03/2018 07:00;-2.36;-7.89;176.37;0.15;865.04;56.58;44.38
02/03/2018 08:00;-2.18;-8.24;167.79;0.14;865.35;69.36;48.3
02/03/2018 09:00;-1.72;-8.32;175.7;0.11;865.83;73.27;48.2
02/03/2018 10:00;-0.05;-7.95;206.53;0.12;866.21;86.6;48.97
02/03/2018 11:00;3.16;-7.36;131.91;0.12;866.05;80.36;47.3
02/03/2018 12:00;5.12;-6.76;315.35;0.21;865.67;91.34;54.07
02/03/2018 13:00;5.9;-6.2;299.61;0.39;865.02;82.64;52.76
02/03/2018 14:00;6;-5.73;307.67;0.38;864.51;80.67;51.5
02/03/2018 15:00;6.61;-5.69;243.76;0.03;863.79;79.79;49.49
02/03/2018 16:00;6.61;-5.8;311.77;0.22;863.37;84.38;52.47
02/03/2018 17:00;6.01;-5.39;307.47;0.45;863.71;83.28;51.12
02/03/2018 18:00;5.14;-5.08;325.23;0.26;863.86;64.69;45.47
02/03/2018 19:00;4.52;-4.98;64.55;0.19;864.52;84.97;53.63
02/03/2018 20:00;3.18;-4.69;110.55;0.48;865.04;103.68;61.51
02/03/2018 21:00;2.65;-4.78;131.15;0.15;864.67;91.55;58.23
02/03/2018 22:00;2.45;-4.95;180.95;0.06;864.76;111.41;69.4
02/03/2018 23:00;2.04;-5.41;208.64;0.03;865.01;101.07;65.66
02/04/2018 00:00;1.54;-5.49;289.02;0.04;864.94;85.23;59.55
02/04/2018 01:00;1.05;-5.99;232.21;0.03;864.72;72.49;53.68
02/04/2018 02:00;0.81;-7.19;271.04;0.06;864.7;55.84;39.02
02/04/2018 03:00;0.61;-7.83;193.02;0.15;864.42;41.37;31.69
02/04/2018 04:00;0.54;-7.61;217.32;0.06;864.91;44.44;36.4
02/04/2018 05:00;0.14;-7.41;208.72;0.12;864.74;50.88;41.71
02/04/2018 06:00;0.11;-7.7;224.81;0.05;864.39;47.37;37.34
02/04/2018 07:00;0.05;-7.94;230.86;0.03;864.56;63.57;37.52
02/04/2018 08:00;-0.2;-6.74;274.79;0.08;865.16;89.04;54.52
02/04/2018 09:00;0.05;-6.67;224.5;0.1;865.63;80.17;54.65
02/04/2018 10:00;1.83;-6.58;164.58;0.06;865.62;91.14;55.97
02/04/2018 11:00;4.64;-6.32;345.28;0.04;865.85;87.3;54.83
02/04/2018 12:00;6.12;-5.34;312.46;0.44;866.16;109.22;67.87
02/04/2018 13:00;6.85;-4.95;358.56;0.2;864.97;96.74;64.57
02/04/2018 14:00;7.42;-5.02;312.76;0.4;863.92;99.46;67.38
02/04/2018 15:00;7.85;-4.53;303.07;0.48;863.31;107.64;70.25
02/04/2018 16:00;7.52;-3.96;306.36;0.5;863.23;89.19;63.26
02/04/2018 17:00;7.04;-3.77;314.91;0.44;863.35;91.25;63.61
02/04/2018 18:00;6.6;-3.46;313.48;0.32;863.29;82.97;62
02/04/2018 19:00;6.05;-3.35;307.16;0.39;863.46;78.73;64.31
02/04/2018 20:00;5.75;-3.1;295.29;0.4;863.73;83.53;63.33
02/04/2018 21:00;5.4;-3.02;316.14;0.2;863.62;91.64;68.8
02/04/2018 22:00;4.73;-3.14;301.78;0.23;863.36;103.67;71.37
02/04/2018 23:00;4.11;-3.06;90.1;0.05;862.97;105.97;73.56
02/05/2018 00:00;3.93;-2.93;307.09;0.37;862.81;112.24;84.05
02/05/2018 01:00;3.12;-3.13;345.46;0.24;862.95;100.95;78.72
02/05/2018 02:00;2.98;-3.2;322.69;0.04;862.75;88.31;72.08
02/05/2018 03:00;3.31;-3.2;164.28;0.03;861.87;85.76;71.89
02/05/2018 04:00;3.69;-3.08;287.94;0.23;861;74.7;66.61
02/05/2018 05:00;3.11;-3.49;302.57;0.23;861.26;70.72;62.6
02/05/2018 06:00;2.69;-3.42;127.32;0.03;861.05;78.23;66.12
02/05/2018 07:00;2.3;-4.1;148.01;0.04;860.77;79.47;63.22
02/05/2018 08:00;3.02;-4.02;121.42;0.1;861.13;112.39;67.6
02/05/2018 09:00;4.24;-3.76;215.13;0.03;861.39;102.75;65.34
02/05/2018 10:00;5.72;-3.68;106.09;0.17;861.65;98.95;66.18
02/05/2018 11:00;6.98;-3.85;308.11;0.11;861.73;100.13;66.48
02/05/2018 12:00;8.15;-3.66;313.96;0.41;861.55;105.84;69.85
02/05/2018 13:00;9.28;-3.77;337.29;0.29;860.86;101.01;64.42
02/05/2018 14:00;10.11;-3.85;301.4;0.46;860.39;84.8;56.82
02/05/2018 15:00;10.75;-3.33;301.49;0.48;860.15;90.35;57.38
02/05/2018 16:00;10.53;-2.55;295.82;0.43;859.83;85.35;58.89
02/05/2018 17:00;10.39;-2.19;296.43;0.31;859.96;82.41;54.33
02/05/2018 18:00;10.08;-2.1;318.35;0.22;860.07;73.61;49.26
02/05/2018 19:00;9.45;-1.88;100.06;0.16;860.34;95.72;59.77
02/05/2018 20:00;7.62;-1.7;116.71;0.57;860.93;115.2;72.21
02/05/2018 21:00;7.33;-1.58;115.77;0.16;861.1;116.13;67.01
02/05/2018 22:00;7.2;-1.39;187.6;0.03;861.37;129.59;71.41
02/05/2018 23:00;6.83;-1.62;233.76;0.02;861.56;105.69;59.71
02/06/2018 00:00;6.31;-1.98;203.71;0.07;861.52;78.53;51.64
02/06/2018 01:00;5.76;-1.9;200.36;0.05;861.5;78.02;59.44
02/06/2018 02:00;5.34;-2.01;176.53;0.2;861.63;64.62;54.26
02/06/2018 03:00;5.21;-2.3;182.12;0.11;862.03;55.9;46.5
02/06/2018 04:00;5.05;-2.51;182.48;0.14;862.22;51.43;43.49
02/06/2018 05:00;4.91;-2.87;181.27;0.09;862.24;42.02;34.88
02/06/2018 06:00;4.59;-2.92;248.16;0.07;862.7;45.78;37.57
02/06/2018 07:00;4.38;-3.06;198.79;0.02;863.34;56.39;33.91
02/06/2018 08:00;4.49;-3.23;282.66;0.06;863.75;72.2;30.84
02/06/2018 09:00;5.38;-3.34;196.24;0.09;864.31;63.34;32.63
02/06/2018 10:00;6.99;-2.77;177.73;0.14;864.6;75.98;42.6
02/06/2018 11:00;9.94;-2.13;145.4;0.19;864.85;79.9;46.19
02/06/2018 12:00;11.75;-1.88;144.45;0.08;864.45;74.89;48.76
02/06/2018 13:00;12.18;-2.37;305.53;0.34;863.91;72.29;44.94
02/06/2018 14:00;12.61;-2.69;320.68;0.3;863.38;81.09;44.59
02/06/2018 15:00;13.05;-2.86;295.99;0.3;863.03;87.42;46.75
02/06/2018 16:00;12.34;-2.88;330.62;0.39;863.01;73.82;42.78
02/06/2018 17:00;11.8;-3.35;355.09;0.23;863.13;65.51;37.41
02/06/2018 18:00;11.53;-3.68;320.13;0.24;863.28;58.88;28.64
02/06/2018 19:00;10.28;-3.23;103.87;0.18;863.51;100.7;43.5
02/06/2018 20:00;8.33;-2.3;99.31;0.23;863.93;80.2;47.11
02/06/2018 21:00;7.99;-1.61;161.23;0.11;864.14;79.29;49.22
02/06/2018 22:00;7.29;-1.88;237.32;0.05;864.26;90.96;49.14
02/06/2018 23:00;6.64;-2.73;201.2;0.04;864.3;73.86;41.67
02/07/2018 00:00;6.13;-3.73;200.14;0.09;864.32;50.63;29.16
02/07/2018 01:00;5.89;-3.66;193.67;0.08;864.39;46.82;27.58
02/07/2018 02:00;5.28;-3.65;190.32;0.1;864.41;37.54;25
02/07/2018 03:00;4.57;-3.23;228.06;0.05;864.68;37.72;27.18
02/07/2018 04:00;4.35;-3.93;209.38;0.03;864.67;31.29;22.02
02/07/2018 05:00;3.99;-4.35;264.55;0.06;864.87;28.09;19.4
02/07/2018 06:00;3.86;-4.85;183.42;0.06;865.11;26.35;17.99
02/07/2018 07:00;3.5;-5.16;234.76;0.07;865.49;33.43;18.38
02/07/2018 08:00;3.68;-4.94;181.87;0.12;865.96;82.07;27.89
02/07/2018 09:00;4.51;-4.92;210.96;0.1;866.5;67.03;29.67
02/07/2018 10:00;6.13;-4.71;207.02;0.05;866.73;76.3;36.14
02/07/2018 11:00;9;-4.08;132.57;0.17;866.83;79.99;36.73
02/07/2018 12:00;11.21;-4.03;155.55;0.2;866.73;54.63;27.89
02/07/2018 13:00;12.62;-4.71;177.34;0.17;866.14;58.06;25.35
02/07/2018 14:00;13.2;-5.09;197.34;0.07;865.48;56.61;23.64
02/07/2018 15:00;13.17;-5.46;157.01;0.35;865.21;48.93;22.63
02/07/2018 16:00;12.49;-4.58;151.98;0.24;865.14;54.8;24.67
02/07/2018 17:00;11.52;-3.76;171.56;0.32;865.17;45.89;24.17
02/07/2018 18:00;10.7;-3.96;167.14;0.42;865.32;45.08;22.21
02/07/2018 19:00;9.52;-4.64;167.13;0.51;865.8;37.52;18.88
02/07/2018 20:00;8.55;-3.99;163.7;0.09;866.14;41.04;22.58
02/07/2018 21:00;7.45;-3.08;152.12;0.14;866.49;40.5;24.49
02/07/2018 22:00;6.68;-2.64;162.66;0.17;866.62;44.86;24.28
02/07/2018 23:00;5.73;-2.61;153.99;0.29;866.59;40.59;21.35
02/08/2018 00:00;5.03;-2.38;185.9;0.17;866.34;37.07;20.4
02/08/2018 01:00;4.42;-2.19;167.91;0.12;866.18;34.47;21.08
02/08/2018 02:00;3.72;-2.21;179.72;0.16;866.1;29.26;20.18
02/08/2018 03:00;3.4;-2.23;186.71;0.11;866.04;26.19;19.61
02/08/2018 04:00;3.31;-2.42;183.77;0.18;865.89;26.85;18.61
02/08/2018 05:00;3.04;-2.52;183.6;0.14;865.93;25.82;18.65
02/08/2018 06:00;2.75;-2.49;173.42;0.11;866.05;26.89;19.61
02/08/2018 07:00;2.62;-2.56;168.98;0.17;866.37;32.42;20.73
02/08/2018 08:00;2.74;-2.69;181.25;0.23;866.63;49.66;25.54
02/08/2018 09:00;3.04;-2.79;180.95;0.16;866.79;44.56;23.55
02/08/2018 10:00;3.74;-2.71;182.47;0.33;866.96;45.43;22.96
02/08/2018 11:00;5.53;-2.83;173.24;0.55;866.66;58.62;22.79
02/08/2018 12:00;8.08;-2.95;167.91;0.4;866.03;52.21;22.56
02/08/2018 13:00;9.63;-3.56;166.87;0.49;865.08;53.8;21.2
02/08/2018 14:00;10.3;-4.55;161.4;0.64;864.19;49.09;19.66
02/08/2018 15:00;11.14;-5.57;166.55;0.31;863.52;50.63;18.85
02/08/2018 16:00;10.37;-5.84;179.4;0.31;863.2;52.24;19.71
02/08/2018 17:00;9.55;-6.24;166.32;0.48;863.13;50.21;19.42
02/08/2018 18:00;8.71;-5.69;166.96;0.52;863.23;49.43;21
02/08/2018 19:00;8.01;-5.11;195.26;0.09;863.51;63.85;26.07
02/08/2018 20:00;7.18;-4.97;235.51;0.06;863.71;75.33;27.82
02/08/2018 21:00;6.07;-5.34;187.11;0.26;863.69;65.26;28.71
02/08/2018 22:00;5.2;-5.77;165.42;0.18;863.54;59.15;27.88
02/08/2018 23:00;4.83;-6.09;171.41;0.25;863.25;48.67;25.74
02/09/2018 00:00;4.1;-5.43;167.26;0.2;862.94;48.09;25.93
02/09/2018 01:00;3.74;-5.83;189.47;0.09;862.57;41.59;25.2
02/09/2018 02:00;3.29;-5.65;175.87;0.15;862.11;38.2;22.84
02/09/2018 03:00;2.81;-5.18;177.07;0.19;861.99;36.56;21.57
02/09/2018 04:00;2.23;-5.11;179.81;0.13;861.37;35.42;21.75
02/09/2018 05:00;1.91;-4.68;175.4;0.17;861;36.41;23.48
02/09/2018 06:00;1.32;-4.86;172.69;0.26;861.06;36.3;24.03
02/09/2018 07:00;0.96;-5.3;171.22;0.2;860.87;45.57;25.39
02/09/2018 08:00;1.04;-5.58;183.51;0.25;860.78;42.46;25.61
02/09/2018 09:00;1.95;-5.36;180.96;0.22;860.89;50.4;27.87
02/09/2018 10:00;3.48;-5.23;172.45;0.2;860.53;50.3;25.38
02/09/2018 11:00;4.94;-5.34;169.09;0.3;860.19;50.96;24.53
02/09/2018 12:00;5.52;-5.42;164.22;0.49;859.23;57.03;24.48
02/09/2018 13:00;7.07;-5.84;150.01;0.15;858.85;59.64;25.09
02/09/2018 14:00;9.33;-6.07;66.87;0.06;858;55.29;25.65
02/09/2018 15:00;9.79;-5.82;116.89;0.19;857.32;64.47;33.28
02/09/2018 16:00;9.52;-5.56;315.89;0.17;856.34;75.21;37.65
02/09/2018 17:00;9.14;-5.33;307.13;0.19;855.95;82.49;41.15
02/09/2018 18:00;8.32;-4.24;297.04;0.38;855.92;70.36;39.13
02/09/2018 19:00;7.7;-4.23;331.04;0.19;855.79;74.29;40.33
02/09/2018 20:00;6.82;-4.33;55.11;0.11;855.52;81.66;42.74
02/09/2018 21:00;5.39;-3.88;118.75;0.09;855.48;84.32;47.54
02/09/2018 22:00;4.93;-3.4;164.09;0.07;855.75;101.54;51.97
02/09/2018 23:00;4.58;-3.24;167.18;0.08;855.94;94.13;52.23
02/10/2018 00:00;4.19;-3.52;170.2;0.12;855.87;81.26;48.54
02/10/2018 01:00;3.86;-3.67;213.38;0.04;855.71;79.45;46.34
02/10/2018 02:00;3.52;-3.97;174.25;0.03;855.66;69.42;43.01
02/10/2018 03:00;2.44;-4.44;183.55;0.05;856.05;52.61;33.47
02/10/2018 04:00;1.69;-4.8;183.96;0.05;856.18;47.52;30.63
02/10/2018 05:00;1.54;-4.99;170.8;0.03;856.44;46.93;30.97
02/10/2018 06:00;1.23;-5.09;182.51;0.04;856.77;48.43;31.35
02/10/2018 07:00;1.14;-5;178.81;0.1;856.96;66.72;37.58
02/10/2018 08:00;2.13;-4.57;217.35;0.04;857.5;103.63;46.93
02/10/2018 09:00;3.69;-4.12;104.96;0.08;857.97;93.99;46.12
02/10/2018 10:00;5.01;-4.17;103.9;0.22;858.06;81.74;43.44
02/10/2018 11:00;7.22;-4.12;320.53;0.35;858.25;74.12;40.39
02/10/2018 12:00;8.78;-4.14;316.12;0.46;858.2;61.33;29.57
02/10/2018 13:00;9.8;-4.66;298.09;0.43;857.57;63.18;27.99
02/10/2018 14:00;10.26;-5.92;308.96;0.42;857.01;64.77;27.33
02/10/2018 15:00;10.46;-7.34;294.5;0.49;856.62;64.43;26.7
02/10/2018 16:00;10.21;-7.18;325.21;0.5;856.64;76.7;34.05
02/10/2018 17:00;9.73;-6.6;306.48;0.46;856.92;66.64;31.73
02/10/2018 18:00;9.39;-6.72;323.76;0.33;857.26;65.12;32.36
02/10/2018 19:00;8.97;-6.61;346.1;0.31;857.55;64.35;29.69
02/10/2018 20:00;7.9;-7.28;91.37;0.18;857.98;87.84;36.48
02/10/2018 21:00;6.14;-6.54;102.41;0.48;858.14;86.54;37
02/10/2018 22:00;5.42;-6.58;112.02;0.06;858.35;71.51;30.69
02/10/2018 23:00;5.21;-6.04;252.74;0.04;858.82;66.98;33.07
02/11/2018 00:00;4.59;-6.49;178.72;0.07;859.03;52.86;29.67
02/11/2018 01:00;4.2;-6.27;195.42;0.1;858.89;43.75;26.86
02/11/2018 02:00;3.56;-5.37;195.37;0.11;858.76;36.35;23.4
02/11/2018 03:00;3.22;-4.8;194.25;0.09;858.63;29.66;21.15
02/11/2018 04:00;2.81;-4.69;194.99;0.08;858.59;29.29;20.53
02/11/2018 05:00;2.43;-4.75;180.7;0.14;858.43;29.58;21.38
02/11/2018 06:00;2.27;-5.31;173.4;0.11;858.26;34.55;23.38
02/11/2018 07:00;2.4;-5.79;227.63;0.05;858.1;54.7;25.64
02/11/2018 08:00;2.28;-5.27;198.38;0.05;858.65;47.52;25.5
02/11/2018 09:00;2.95;-5.05;211.03;0.08;858.97;52.2;28.45
02/11/2018 10:00;4.44;-4.58;162.95;0.18;858.8;55.72;28.71
02/11/2018 11:00;6.89;-5.76;311.2;0.21;858.7;62.71;31.15
02/11/2018 12:00;7.83;-5.77;322.71;0.37;858.77;66.17;34.81
02/11/2018 13:00;8.96;-4.77;316.05;0.48;858.32;68.92;37.18
02/11/2018 14:00;9.99;-4.31;302.36;0.48;857.34;67.38;38.39
02/11/2018 15:00;11.08;-4.12;308.39;0.45;856.78;68.03;38.32
02/11/2018 16:00;11.58;-3.88;303.68;0.39;856.52;71.14;35.98
02/11/2018 17:00;11.87;-3.18;298.98;0.49;856.34;56.87;26.88
02/11/2018 18:00;11.22;-2.95;299.95;0.35;856.08;64.57;32.26
02/11/2018 19:00;10.49;-3.32;301.01;0.16;856.02;66.21;32.53
02/11/2018 20:00;9.95;-3.52;88.81;0.08;855.64;66.24;31.34
02/11/2018 21:00;9;-2.62;106.94;0.32;855.53;84.03;43.27
02/11/2018 22:00;9.13;-2.46;118.28;0.11;855.22;76.33;42.03
02/11/2018 23:00;9.54;-2.18;112.48;0.07;855.05;83.18;43.87
02/12/2018 00:00;9.4;-0.54;250.76;0.01;854.82;92.08;48.07
02/12/2018 01:00;9.06;-0.02;331.09;0.3;854.32;59.05;34.67
02/12/2018 02:00;8.64;-0.17;325.77;0.41;853.89;44.11;28.31
02/12/2018 03:00;8.57;0.23;301.58;0.32;853.97;45.46;27.73
02/12/2018 04:00;8.11;1.04;340.03;0.14;853.5;49.67;29.99
02/12/2018 05:00;8.14;0.95;283.75;0.36;853.21;61.35;24.03
02/12/2018 06:00;7.99;1.48;282.08;0.31;853.63;52.18;21.52
02/12/2018 07:00;6.49;2.64;337.71;0.19;854.11;36.07;22.88
02/12/2018 08:00;6.37;3.08;336.74;0.17;854.07;37.47;25.35
02/12/2018 09:00;7.35;3.04;301.56;0.27;854.1;33.06;21.38
02/12/2018 10:00;8.37;3.21;320.72;0.38;854.08;31.53;20.4
02/12/2018 11:00;9.15;3.53;321.39;0.45;853.99;49.18;20.93
02/12/2018 12:00;10.88;2.37;337.31;0.48;853.68;61.48;19.26
02/12/2018 13:00;12.11;0.78;14.35;0.25;852.94;44.43;12.77
02/12/2018 14:00;11.76;0.62;89.97;0.41;852.46;41.03;13.4
02/12/2018 15:00;11.01;1.16;103.85;0.95;852.75;58.41;19.1
02/12/2018 16:00;8.31;3.42;105.99;1.18;853.1;12.8;9.07
02/12/2018 17:00;7.15;4.28;101.79;0.4;853.24;7.83;5.75
02/12/2018 18:00;6.99;5.05;27.23;0.14;853.46;11.52;9.95
02/12/2018 19:00;7.03;5.48;18.54;0.08;853.43;16.47;15.37
02/12/2018 20:00;7.13;5.64;9.16;0.1;853.51;16.63;15.54
02/12/2018 21:00;7.1;5.67;16.33;0.16;853.73;17.3;16.55
02/12/2018 22:00;7.03;5.48;319.27;0.18;853.64;17.58;16.85
02/12/2018 23:00;6.93;5.21;324.92;0.16;853.47;18;17.24
02/13/2018 00:00;6.46;4.78;277.77;0.04;853.42;16.33;15.89
02/13/2018 01:00;5.96;4.32;187.58;0.09;853.36;11.95;11.76
02/13/2018 02:00;5.65;3.84;212.38;0.05;853.38;11.89;11.71
02/13/2018 03:00;5.6;3.63;192.73;0.08;853.38;13.32;13.09
02/13/2018 04:00;5.48;3.36;208.67;0.08;853.37;10.26;10.1
02/13/2018 05:00;5.5;3.18;173.91;0.1;853.52;9.64;9.51
02/13/2018 06:00;5.38;2.99;182.2;0.1;853.55;9.84;9.7
02/13/2018 07:00;5.31;2.82;188.01;0.13;853.69;11.5;11.25
02/13/2018 08:00;5.77;2.93;200.46;0.04;853.86;15.01;13.69
02/13/2018 09:00;6.33;3.39;232.97;0.04;854.36;14.58;12.93
02/13/2018 10:00;5.98;4.18;168.72;0.1;854.71;20.05;15.28
02/13/2018 11:00;6.24;4.74;193.41;0.04;854.57;22.74;17.64
02/13/2018 12:00;5.69;4.09;165.7;0.29;854.33;13.32;10.21
02/13/2018 13:00;5.34;3.67;165.1;0.29;853.81;11.54;10.32
02/13/2018 14:00;5.15;3.54;160.93;0.38;852.92;11.8;10.36
02/13/2018 15:00;5.05;3.37;168.17;0.44;852.29;9.61;8.49
02/13/2018 16:00;4.88;3.13;172.81;0.38;852;7.15;6
02/13/2018 17:00;4.75;3.07;188.24;0.3;851.82;7.28;5.6
02/13/2018 18:00;4.26;2.64;170.83;0.21;852.07;5.13;4.16
02/13/2018 19:00;3.51;2.1;165.32;0.18;852.22;4.82;4.25
02/13/2018 20:00;2.88;1.58;147.22;0.2;852.11;5.31;4.99
02/13/2018 21:00;3.35;2.12;269.03;0.1;851.81;6.08;5.83
02/13/2018 22:00;3.24;1.95;217.2;0.04;851.96;6.78;6.5
02/13/2018 23:00;3.15;1.88;269.47;0.07;852.06;5.32;5.07
02/14/2018 00:00;3.22;2.09;151.59;0.02;852.09;4.24;4.06
02/14/2018 01:00;3.09;1.93;233.89;0.01;852.17;2.92;2.8
02/14/2018 02:00;3.22;1.94;317.04;0.17;852.6;4.55;4.45
02/14/2018 03:00;2.99;1.74;294.37;0.37;853.13;7.82;7.66
02/14/2018 04:00;2.64;1.49;324.3;0.12;853.51;8.31;8.08
02/14/2018 05:00;2.94;1.85;50.63;0.02;854.04;7.22;7.12
02/14/2018 06:00;3.38;2.28;110.34;0.21;854.8;5.11;5.03
02/14/2018 07:00;3.56;2.43;340.75;0.18;855.77;10.73;10.54
02/14/2018 08:00;3.92;2.8;312.07;0.35;856.72;19.27;18.65
02/14/2018 09:00;4.34;3.07;305.36;0.39;857.73;20.74;19.62
02/14/2018 10:00;4.82;2.72;301.78;0.53;858.65;20.19;18.87
02/14/2018 11:00;5.32;1.95;301.84;0.44;859.38;18.24;16.33
02/14/2018 12:00;6.09;2.02;294.43;0.52;859.86;33.53;18.37
02/14/2018 13:00;6.48;1.51;301.93;0.48;860.13;39.51;19.42
02/14/2018 14:00;5.79;2.48;85.47;0.24;860.35;20.18;16.73
02/14/2018 15:00;6.55;1.98;331.11;0.39;860.63;17.62;14.39
02/14/2018 16:00;6.93;1.41;335.79;0.24;861.06;35.91;14.57
02/14/2018 17:00;7.06;1.1;321.52;0.09;861.42;44.02;19.66
02/14/2018 18:00;7.05;1.22;58.39;0.12;861.76;44.27;23.25
02/14/2018 19:00;6.03;1.58;96.3;0.52;862.19;39.16;29.49
02/14/2018 20:00;5.31;1.26;121.34;0.05;862.67;40.89;28.97
02/14/2018 21:00;5.39;0.52;197.24;0.04;863.13;51.97;30.06
02/14/2018 22:00;4.78;-0.83;209.95;0.05;863.36;70.05;31.54
02/14/2018 23:00;4.31;0.04;205.05;0.05;863.11;52.56;33.41
02/15/2018 00:00;3.58;0.09;183.58;0.16;863.25;29.36;22.3
02/15/2018 01:00;3.18;-0.34;177.02;0.1;863.41;26.75;21.31
02/15/2018 02:00;2.98;-0.98;190.49;0.12;863.48;23.52;20.07
02/15/2018 03:00;3.07;-3.28;177.96;0.09;863.57;18.72;15.26
02/15/2018 04:00;3.13;-2.83;236.16;0.05;863.55;17.93;15.8
02/15/2018 05:00;2.81;-1.13;175.42;0.09;863.53;20.15;18.86
02/15/2018 06:00;2.35;-1.47;182.56;0.08;863.7;22.46;19.91
02/15/2018 07:00;2.03;-1.68;207.68;0.06;864.4;33.42;25.44
02/15/2018 08:00;2.32;-4.41;236.99;0.06;864.97;62.32;22.5
02/15/2018 09:00;3.07;-5.05;183.85;0.14;865.48;55.31;22.3
02/15/2018 10:00;4.58;-4.11;169.99;0.19;865.79;57.04;24.48
02/15/2018 11:00;6.37;-2.28;332.58;0.17;866.09;59.6;29.69
02/15/2018 12:00;8.13;-1.41;44;0.19;866.25;48.56;26.62
02/15/2018 13:00;8.59;-1.31;320.27;0.41;866.03;47.52;29.06
02/15/2018 14:00;9.24;-1.92;312.2;0.5;865.64;46.89;28.24
02/15/2018 15:00;9.99;-2.65;340.27;0.13;865.49;41.68;24.38
02/15/2018 16:00;9.65;-3.52;299.61;0.28;865.55;38.29;21.79
02/15/2018 17:00;9.24;-3.51;304.04;0.37;865.66;37.67;21.52
02/15/2018 18:00;8.8;-2.95;305.55;0.26;865.91;37.48;21.29
02/15/2018 19:00;8.22;-2.59;325.25;0.11;866.4;38.72;22.77
02/15/2018 20:00;6.71;-1.33;182.38;0.08;866.56;54.89;29.89
02/15/2018 21:00;5.64;-2.1;160.03;0.18;866.7;59.78;31.63
02/15/2018 22:00;4.82;-3.1;167.98;0.31;866.74;52.42;30.63
02/15/2018 23:00;4.55;-2.53;166.16;0.21;866.69;41.7;27.52
02/16/2018 00:00;4.17;-2.39;159.08;0.22;866.81;31.8;23.86
02/16/2018 01:00;3.68;-2.35;164.88;0.25;866.79;29.77;23.92
02/16/2018 02:00;3.57;-2.55;171.56;0.17;866.84;26.19;22.43
02/16/2018 03:00;3.32;-2.88;161.09;0.3;867.06;25.74;22.59
02/16/2018 04:00;3.25;-3.22;166.12;0.22;866.85;25;22.58
02/16/2018 05:00;3.18;-3.44;163.92;0.2;866.45;26.19;22.75
02/16/2018 06:00;3.26;-3.9;167.5;0.29;866.05;23.74;20.98
02/16/2018 07:00;3.07;-3.94;165.74;0.35;866.12;27.26;21.9
02/16/2018 08:00;3.47;-4.2;152.68;0.14;866.44;27.67;20.54
02/16/2018 09:00;4.01;-4.69;162.71;0.2;866.61;30.2;19.91
02/16/2018 10:00;4.52;-4.51;155.02;0.25;866.72;41.6;21.26
02/16/2018 11:00;5.15;-4.68;164.87;0.19;867.21;33.8;18.69
02/16/2018 12:00;7.46;-3.89;149.8;0.26;867.03;34.5;19.71
02/16/2018 13:00;9.07;-3.19;154.39;0.13;866.41;31.24;18.33
02/16/2018 14:00;8.89;-2.24;170.18;0.23;865.92;32.5;18.95
02/16/2018 15:00;8.66;-0.96;164.01;0.4;865.61;31.25;19.59
02/16/2018 16:00;8.92;-0.27;174.08;0.25;865.43;33.25;20.75
02/16/2018 17:00;8.87;-0.07;180.88;0.26;865.12;27.63;18.57
02/16/2018 18:00;8.54;0.12;167.02;0.37;864.91;25.76;16.46
02/16/2018 19:00;7.86;0.41;188.39;0.23;865.1;24.24;16.01
02/16/2018 20:00;7.51;0.29;185.23;0.24;865.15;27.11;17.1
02/16/2018 21:00;7.09;0.9;173.25;0.18;864.98;30.99;21.73
02/16/2018 22:00;6.85;0.98;175.34;0.19;864.75;27.63;20.39
02/16/2018 23:00;6.73;1.01;285.55;0.06;864.72;29.17;21.57
02/17/2018 00:00;6.27;1.16;339.06;0.34;864.55;37.92;28.91
02/17/2018 01:00;5.51;1.6;301.5;0.39;864.15;32.59;27.68
02/17/2018 02:00;4.98;2.27;286.74;0.36;863.91;30.12;27.86
02/17/2018 03:00;4.6;2.52;288.83;0.31;863.59;28.71;27.43
02/17/2018 04:00;4.32;2.62;311.21;0.18;863.32;28.67;27.84
02/17/2018 05:00;4.44;2.94;99.98;0.13;863.03;30.92;30.1
02/17/2018 06:00;4.37;2.99;96.89;0.07;862.78;32.06;31.41
02/17/2018 07:00;4.62;3.26;288.81;0.05;862.63;29.08;28.38
02/17/2018 08:00;4.74;3.52;289.98;0.2;862.56;32.89;31.52
02/17/2018 09:00;5.22;3.51;278.09;0.04;862.62;21.26;20.1
02/17/2018 10:00;5.55;3.68;294.7;0.3;862.59;29.32;26.55
02/17/2018 11:00;5.44;4;329.39;0.17;862.22;31.11;27.49
02/17/2018 12:00;5.98;4.06;325.86;0.17;861.66;28.19;25.45
02/17/2018 13:00;7.09;3.27;269.05;0.07;860.85;16.57;14.55
02/17/2018 14:00;8.2;3.35;285.54;0.09;860.08;31.23;17.8
02/17/2018 15:00;8.65;3.39;265.76;0.14;859.34;36.98;15.68
02/17/2018 16:00;9.04;3.05;184.52;0.03;858.89;26.99;11.43
02/17/2018 17:00;8.39;3.44;122.53;0.11;858.56;35.89;22.57
02/17/2018 18:00;7.86;2.84;219.3;0.09;858.21;15.81;9.07
02/17/2018 19:00;7.41;2.75;193.48;0.11;858.32;9.39;7.18
02/17/2018 20:00;7.39;2.13;164.57;0.18;858.35;9.66;6.59
02/17/2018 21:00;7.07;3.49;106.66;0.27;858.14;24.5;20.6
02/17/2018 22:00;6.62;2.41;158.02;0.25;857.29;14.49;8.71
02/17/2018 23:00;6.43;1.36;182.09;0.18;856.73;20.03;4.69
02/18/2018 00:00;6.48;1.58;177.2;0.34;855.97;9.38;2.73
02/18/2018 01:00;5.97;2.33;174.07;0.37;855.79;3.32;2.58
02/18/2018 02:00;5.29;3.23;219.57;0.09;855.79;5.59;4.75
02/18/2018 03:00;5.13;3.4;202.82;0.13;855.26;5.22;4.82
02/18/2018 04:00;4.99;3.44;202.01;0.12;854.62;3.77;3.52
02/18/2018 05:00;4.79;2.76;169.97;0.43;852.93;2.63;2.5
02/18/2018 06:00;5.16;2.43;163.67;0.89;852.12;5.29;4.48
02/18/2018 07:00;5.22;2.88;173.12;0.51;851.95;4.39;4.13
02/18/2018 08:00;5.47;3.54;184.73;0.2;852;7.14;6.55
02/18/2018 09:00;5.81;4.02;188.48;0.25;851.62;4.37;3.91
02/18/2018 10:00;6.34;4.16;185.85;0.2;850.89;4.59;3.82
02/18/2018 11:00;6.83;3.91;198.21;0.24;849.94;4.94;3.89
02/18/2018 12:00;6.81;4.08;181.45;0.48;849.36;4.26;3.47
02/18/2018 13:00;7.14;4.37;204.03;0.18;848.68;5.64;4.35
02/18/2018 14:00;7.19;3.94;205.13;0.19;848.17;4.64;3.56
02/18/2018 15:00;5.58;3.15;169.85;0.1;848.39;5.34;4.41
02/18/2018 16:00;3.73;2.1;114.01;0.35;848.88;5.29;4.38
02/18/2018 17:00;3.05;1.7;171.04;0.06;849.15;11.13;8.68
02/18/2018 18:00;2.11;0.87;135.32;0.2;849.76;9.07;7.4
02/18/2018 19:00;1.26;0.09;163.64;0.15;850.4;4.21;3.84
02/18/2018 20:00;0.94;-0.45;166.59;0.2;850.99;3.15;2.91
02/18/2018 21:00;0.72;-0.76;194.17;0.09;851.91;2.98;2.78
02/18/2018 22:00;0.48;-0.72;190.4;0.07;852.23;2.22;2.07
02/18/2018 23:00;0.28;-0.94;175.26;0.1;852.43;1.45;1.34
02/19/2018 00:00;0.36;-1.06;180.62;0.08;852.23;1.48;1.35
02/19/2018 01:00;0.38;-1.57;181.66;0.17;852.48;0.87;0.82
02/19/2018 02:00;0.36;-1.78;192.61;0.09;852.78;0.51;0.49
02/19/2018 03:00;0.67;-1.75;175.52;0.14;852.9;0.56;0.54
02/19/2018 04:00;0.87;-1.63;169.89;0.17;852.86;1.01;0.98
02/19/2018 05:00;0.96;-1.63;167.68;0.12;853.01;2.58;2.47
02/19/2018 06:00;1.15;-1.87;171.36;0.1;853.31;2;1.83
02/19/2018 07:00;1.45;-1.72;205.83;0.07;853.62;3.28;2.89
02/19/2018 08:00;1.69;-1.12;287.04;0.1;854.16;7.43;6.08
02/19/2018 09:00;1.78;-0.72;348.74;0.11;854.83;7.98;6.53
02/19/2018 10:00;1.24;-0.63;344.33;0.25;855.29;7.62;6.82
02/19/2018 11:00;1.91;-0.61;319.75;0.23;855.56;6.64;5.93
02/19/2018 12:00;2.08;-0.77;337.14;0.4;855.98;5.05;4.26
02/19/2018 13:00;1.82;-0.14;300.55;0.35;856.09;7.76;6.52
02/19/2018 14:00;2.48;-0.17;324.3;0.31;856.16;14.48;11.63
02/19/2018 15:00;2.47;0.25;292.15;0.33;856.26;11.6;10.22
02/19/2018 16:00;2.46;0.49;291.09;0.34;856.58;8.97;8.15
02/19/2018 17:00;2.69;0.48;321.79;0.27;856.96;13.71;11.7
02/19/2018 18:00;2.85;0.09;323.18;0.32;857.42;9.47;8.28
02/19/2018 19:00;2.76;-1.13;350.4;0.27;857.85;6.19;4.93
02/19/2018 20:00;2.66;-1.55;326.19;0.18;858.22;13.03;5.32
02/19/2018 21:00;2.37;-1.69;357.28;0.25;858.42;20.3;7.22
02/19/2018 22:00;2.24;-1.87;339.22;0.36;858.79;28.13;9.38
02/19/2018 23:00;1.84;-2.09;334.16;0.23;859;15.82;9.88
02/20/2018 00:00;1.44;-2.23;88.17;0.04;858.97;13.88;9.79
02/20/2018 01:00;0.77;-2.28;108.25;0.13;859.14;16.73;12.95
02/20/2018 02:00;1.06;-1.96;130.44;0.02;859.33;22.73;16.56
02/20/2018 03:00;1.72;-2.05;352.34;0.08;859.48;10.43;8.18
02/20/2018 04:00;0.88;-2.22;141.81;0.04;859.46;15.05;12.59
02/20/2018 05:00;0.2;-2.79;103.47;0.13;859.62;13.73;12.16
02/20/2018 06:00;-0.48;-3.39;148.01;0.04;859.61;14.97;12.56
02/20/2018 07:00;-0.8;-3.45;182.51;0.05;859.87;22.17;16.47
02/20/2018 08:00;-0.23;-4.09;193.15;0.07;860.25;20.51;13.97
02/20/2018 09:00;0.43;-4.5;186.49;0.11;860.65;32.32;15.3
02/20/2018 10:00;2.11;-3.46;175.43;0.13;860.73;33.9;19.38
02/20/2018 11:00;5.11;-1.7;106.24;0.12;860.83;33.76;19.81
02/20/2018 12:00;6.3;-1.33;309.95;0.19;860.58;36.4;19.57
02/20/2018 13:00;6.38;-0.86;297.98;0.28;860.08;52.42;27.21
02/20/2018 14:00;6.48;-0.56;176.7;0.23;859.52;47.56;27.02
02/20/2018 15:00;5.97;-0.84;165.55;0.55;859.26;38.91;23.22
02/20/2018 16:00;6.51;-0.54;153.2;0.3;859.38;42.2;25.76
02/20/2018 17:00;6.44;-0.25;175.6;0.17;859.14;51.78;29.93
02/20/2018 18:00;5.63;-0.39;203.65;0.09;859.09;51.44;30.15
02/20/2018 19:00;5.1;-0.25;187.29;0.05;859.13;52.3;32.58
02/20/2018 20:00;4.59;-0.39;187.39;0.15;859.15;44.97;29
02/20/2018 21:00;4.12;-0.84;173.59;0.2;859.05;44.14;28.32
02/20/2018 22:00;4.05;-0.91;234.97;0.08;859.05;45.51;30.97
02/20/2018 23:00;4.18;-0.67;177.39;0.15;858.95;44.95;32.71
02/21/2018 00:00;4.16;-0.99;181.77;0.13;858.95;35.25;27.09
02/21/2018 01:00;4.22;-1.11;204.18;0.07;858.83;33.17;26.05
02/21/2018 02:00;3.87;-1.34;185.29;0.09;858.6;27.02;24.22
02/21/2018 03:00;3.43;-1.46;185.96;0.16;858.53;24.86;23.05
02/21/2018 04:00;2.96;-1.61;163.74;0.13;858.44;27.34;25.93
02/21/2018 05:00;2.86;-1.74;161.14;0.18;858.44;28.02;26.65
02/21/2018 06:00;2.8;-1.83;164.59;0.16;858.41;29.42;26.53
02/21/2018 07:00;3.13;-1.84;168.5;0.14;858.26;35.68;27.46
02/21/2018 08:00;3.14;-1.78;173.38;0.13;858.36;60.4;34.49
02/21/2018 09:00;3.95;-1.85;164.37;0.28;858.71;46.64;31.19
02/21/2018 10:00;4.72;-1.79;159.38;0.48;858.72;42.02;30.02
02/21/2018 11:00;6.71;-1.09;173.09;0.25;858.68;56.37;36.42
02/21/2018 12:00;8.71;-0.76;165.16;0.24;858.51;53.2;32.24
02/21/2018 13:00;9.61;-0.29;197.67;0.13;858.03;48.97;29.43
02/21/2018 14:00;9.91;-0.31;184.23;0.1;857.6;45.84;26.76
02/21/2018 15:00;9.74;0.1;175.83;0.14;857.29;50.63;28.67
02/21/2018 16:00;9.47;0.41;198.4;0.05;857.12;48.23;28.86
02/21/2018 17:00;9.17;0.75;136.05;0.07;856.94;41.93;26.42
02/21/2018 18:00;8.93;0.64;143.3;0.16;857.09;37.31;24.57
02/21/2018 19:00;8.29;0.96;158.86;0.27;857.21;35.38;22.89
02/21/2018 20:00;8.06;0.92;167.64;0.12;857.56;37.63;24.15
02/21/2018 21:00;7.47;0.68;160.53;0.12;857.49;39.14;24.1
02/21/2018 22:00;7.3;0.66;154.68;0.11;857.28;46.7;25.35
02/21/2018 23:00;7.02;0.25;147.39;0.14;856.97;42.47;24.04
02/22/2018 00:00;6.86;0.17;145.1;0.13;856.74;38.69;24.2
02/22/2018 01:00;6.75;0.32;139.84;0.17;856.52;31.69;23.05
02/22/2018 02:00;5.88;1.95;127.21;0.09;856.58;30.69;26.01
02/22/2018 03:00;4.83;2.66;107.33;0.08;856.46;26.74;24.36
02/22/2018 04:00;4.14;2.56;94.55;0.02;856.32;22.77;21.79
02/22/2018 05:00;3.76;2.35;346.81;0;856.31;21.71;21.11
02/22/2018 06:00;3.43;2.16;269.07;0.02;856.08;22.95;22.55
02/22/2018 07:00;3.57;2.26;233.23;0;856.11;25.86;25.32
02/22/2018 08:00;3.9;2.52;100.17;0.02;856.24;28.54;27.57
02/22/2018 09:00;4.1;2.52;94.41;0.08;856.42;28.74;27.8
02/22/2018 10:00;4.49;2.25;312.78;0.04;856.48;23.17;21.39
02/22/2018 11:00;5.22;2.26;79.74;0.05;856.35;26.14;22.3
02/22/2018 12:00;5.85;2.34;313.69;0.04;856.02;30.76;25.04
02/22/2018 13:00;6.65;2.68;333.57;0.3;855.59;54.15;33.06
02/22/2018 14:00;6.79;2.72;317.09;0.22;855.17;49.97;29.2
02/22/2018 15:00;6.63;2.92;313.62;0.31;855.12;35.28;26.74
02/22/2018 16:00;5.61;3.34;311.65;0.36;855.31;21.05;18.98
02/22/2018 17:00;5.55;3.62;107.27;0.21;855.41;20.43;19.09
02/22/2018 18:00;5.66;3.51;78.19;0.03;855.57;22.45;20.77
02/22/2018 19:00;5.57;3.09;349.13;0.27;855.55;17.82;16.9
02/22/2018 20:00;5.64;2.64;140.9;0.03;855.6;15.82;15.06
02/22/2018 21:00;5.8;2.87;271.01;0.02;855.42;36.91;31.92
02/22/2018 22:00;5.61;2.75;162.15;0.12;855.45;36.02;30.45
02/22/2018 23:00;5.77;2.7;181.88;0.04;855.39;49.26;34.97
02/23/2018 00:00;5.96;2.65;166.89;0.12;855.42;40.25;31.48
02/23/2018 01:00;5.95;2.51;160.94;0.08;855.29;35.85;28.2
02/23/2018 02:00;5.84;2.25;253.67;0.02;855.13;35.88;28.31
02/23/2018 03:00;5.31;2.57;231.38;0.01;855.29;28.06;26.04
02/23/2018 04:00;5.01;2.41;206.12;0.02;855.11;23.89;22.68
02/23/2018 05:00;4.86;1.92;175.27;0.08;854.97;20.65;19.87
02/23/2018 06:00;4.74;1.96;236.03;0.02;855.02;17.5;17.19
02/23/2018 07:00;4.46;2.51;346.1;0.27;855.2;38.12;35.63
02/23/2018 08:00;4.07;2.64;347.71;0.33;855.38;40.14;37.21
02/23/2018 09:00;4.56;2.73;311.1;0.26;855.66;32.9;30.63
02/23/2018 10:00;4.89;2.78;317.12;0.32;855.82;30.06;28.01
02/23/2018 11:00;5.09;2.79;298.77;0.17;855.93;28;25.69
02/23/2018 12:00;5.85;2.76;3.59;0.12;855.78;26.5;24.15
02/23/2018 13:00;6.86;2.66;343.41;0.05;855.28;29.97;26.78
02/23/2018 14:00;7.54;2.63;316.69;0.25;854.67;58.87;35.07
02/23/2018 15:00;8.2;2.64;304.1;0.46;854.34;61.04;36.69
02/23/2018 16:00;8.31;2.08;304.75;0.45;854.16;53;31.67
02/23/2018 17:00;8.17;2.12;311.75;0.25;854.14;51.73;33.83
02/23/2018 18:00;7.62;2.49;303.66;0.5;854.25;47.2;31.02
02/23/2018 19:00;6.51;3.06;300.95;0.45;854.48;26.46;21.89
02/23/2018 20:00;5.8;3.32;301.27;0.35;854.77;18.64;17.11
02/23/2018 21:00;5.65;2.96;307.54;0.14;854.88;18.06;16.78
02/23/2018 22:00;5.75;2.77;310.66;0.07;854.98;18.33;16.87
02/23/2018 23:00;4.9;3.07;98.66;0.04;854.79;16.93;16.48
02/24/2018 00:00;5.17;3.34;270.78;0.04;854.41;21.56;19.54
02/24/2018 01:00;5.27;3.3;97.77;0.05;854.07;24.57;22.9
02/24/2018 02:00;5.1;3.27;129.13;0.02;853.72;25.69;24.39
02/24/2018 03:00;5.32;2.87;109.5;0.08;853.44;25.65;24.52
02/24/2018 04:00;5.26;2.42;252.21;0.03;853.15;26.22;24.83
02/24/2018 05:00;5.16;2.07;210.72;0.04;852.92;31.27;29.26
02/24/2018 06:00;5.03;1.84;175.33;0.09;852.83;27.64;25.59
02/24/2018 07:00;4.87;1.95;194.21;0.07;852.98;29.95;23.12
02/24/2018 08:00;5.1;1.86;192.68;0.1;852.98;28.46;22.62
02/24/2018 09:00;5.67;1.83;167.88;0.15;853.13;31.24;22.88
02/24/2018 10:00;6.26;1.64;170.35;0.1;853.15;45.41;23.18
02/24/2018 11:00;7.47;1.36;125.13;0.19;853.25;40.2;24.13
02/24/2018 12:00;7.15;1.96;303.47;0.31;853.25;44.77;30.24
02/24/2018 13:00;6.97;2.67;309.08;0.5;852.9;50.84;36.77
02/24/2018 14:00;5.99;3.03;301;0.61;852.37;28.95;25.46
02/24/2018 15:00;5.52;2.86;305.34;0.28;852.05;21.51;19.39
02/24/2018 16:00;5.17;2.8;309.72;0.38;852.04;14.61;13.44
02/24/2018 17:00;5.55;2.91;65.29;0.08;851.94;23.65;21.3
02/24/2018 18:00;5.68;2.93;98.54;0.34;851.91;26.54;23.95
02/24/2018 19:00;5.68;2.54;95.25;0.36;852.08;27.24;25.24
02/24/2018 20:00;5.46;2.24;95.15;0.44;852.5;25.88;22.49
02/24/2018 21:00;5.16;1.96;100.84;0.27;852.63;49;37.83
02/24/2018 22:00;4.91;1.74;145.06;0.01;852.72;40.56;27.49
02/24/2018 23:00;3.86;0.92;165.69;0.02;852.67;39.73;26.61
02/25/2018 00:00;3.67;0.53;116.86;0.02;852.51;29.78;20.2
02/25/2018 01:00;3.66;0.48;105.12;0.04;852.5;27.34;19.35
02/25/2018 02:00;4.02;0.89;110.29;0.05;852.42;25.05;18.61
02/25/2018 03:00;3.75;0.62;118.2;0.03;852.24;23.81;18.56
02/25/2018 04:00;4;1.29;322.64;0.05;852.2;36.7;28.29
02/25/2018 05:00;3.82;1.08;101.04;0.05;852.22;30.03;23.23
02/25/2018 06:00;4;0.92;117.16;0.02;852.4;28.55;21.9
02/25/2018 07:00;3.99;0.78;103.34;0.06;852.64;43.37;29.74
02/25/2018 08:00;4.79;1.08;354.05;0.03;852.92;48.24;32.89
02/25/2018 09:00;5.14;1.39;304.7;0.22;853.38;57.44;38.9
02/25/2018 10:00;5.09;1.57;305.08;0.38;853.68;57.07;42.03
02/25/2018 11:00;4.85;2.57;323.53;0.3;853.71;49.15;41.47
02/25/2018 12:00;6.15;2.56;305.28;0.45;853.33;43.49;37.53
02/25/2018 13:00;7.7;2.82;307.5;0.54;852.79;51.48;33.95
02/25/2018 14:00;8.07;2.48;298;0.65;852.16;81.73;33.48
02/25/2018 15:00;8.23;1.97;337.82;0.23;851.86;54.89;26.37
02/25/2018 16:00;7.74;0.22;330.77;0.21;851.78;26.22;15.97
02/25/2018 17:00;8.78;0.64;316.72;0.45;851.69;44.18;21.45
02/25/2018 18:00;9.05;-0.21;314.77;0.55;851.78;41.69;20.29
02/25/2018 19:00;8.41;0.63;305.7;0.43;851.97;58.82;29.81
02/25/2018 20:00;7.64;0.73;112.33;0.59;852.32;33.5;20.93
02/25/2018 21:00;6.97;-0.38;87.68;0.23;852.45;40.72;18.61
02/25/2018 22:00;6.67;-0.98;107.62;0.85;852.58;21.16;16.11
02/25/2018 23:00;6.26;-1.38;98.77;0.21;852.61;33.35;21.8
02/26/2018 00:00;6;-1.95;329.09;0.09;852.43;49.21;22.78
02/26/2018 01:00;5.35;-1.57;341.46;0.14;852.3;47.45;25.83
02/26/2018 02:00;4.68;-0.85;299.07;0.34;852.38;37.88;28.58
02/26/2018 03:00;4.27;-0.95;7.29;0.09;852.11;32.15;26.25
02/26/2018 04:00;3.9;-0.94;97.57;0.08;851.8;30.3;26.62
02/26/2018 05:00;3.52;-0.98;115.63;0.08;851.97;37.98;32.73
02/26/2018 06:00;4.37;-1.53;182.42;0.16;851.66;30.68;25.08
02/26/2018 07:00;4.73;-1.29;146.49;0.11;851.89;39.66;27.55
02/26/2018 08:00;4.83;-0.22;218.53;0.06;851.97;31.38;26.43
02/26/2018 09:00;4.61;0.57;254.72;0.07;852.94;27.5;23.58
02/26/2018 10:00;2.85;1.04;292.56;0.39;853.7;17.68;16.48
02/26/2018 11:00;2.77;1.35;326.43;0.14;853.87;16.88;15.45
02/26/2018 12:00;4.15;2.42;333.36;0.01;853.6;22.19;19.96
02/26/2018 13:00;5.77;3;319.87;0.54;853.28;21.29;18.61
02/26/2018 14:00;6.61;3.26;296.23;0.6;852.88;23.32;17.65
02/26/2018 15:00;6.76;2.65;295.3;0.6;852.81;47.23;15.96
02/26/2018 16:00;6.8;2.7;315.24;0.46;853.07;30.95;16.65
02/26/2018 17:00;6.82;2.56;303.64;0.44;853.42;27.03;14.37
02/26/2018 18:00;6.74;2.75;335.9;0.35;853.55;23.03;16.71
02/26/2018 19:00;6.6;2.2;317.92;0.21;854.03;34.28;18.34
02/26/2018 20:00;6.63;2.29;75.25;0.13;854.49;36.94;21.33
02/26/2018 21:00;6.44;2.69;94.39;0.19;854.57;36.3;26.33
02/26/2018 22:00;6.71;2.62;151.99;0.08;854.62;41.87;29.18
02/26/2018 23:00;6.64;2.35;165.93;0.18;854.66;28.35;22.82
02/27/2018 00:00;5.66;2.61;174.27;0.15;854.54;23.39;21.09
02/27/2018 01:00;5.59;2.43;182.96;0.16;854.25;25.24;22.73
02/27/2018 02:00;5.31;2.51;161.9;0.3;854.2;20.13;19.47
02/27/2018 03:00;4.94;2.19;170.28;0.19;854.14;14.15;13.7
02/27/2018 04:00;4.75;1.94;174.77;0.25;853.98;8.11;7.96
02/27/2018 05:00;4.43;2.12;169.34;0.08;854.32;5.76;5.54
02/27/2018 06:00;4.05;1.93;169.1;0.05;854.28;4.46;4.4
02/27/2018 07:00;4.15;1.86;195.57;0.06;854.44;5.24;5.02
02/27/2018 08:00;4.66;2.12;204.83;0.05;854.68;10.2;9.56
02/27/2018 09:00;5.12;2.09;163.45;0.07;854.89;10.38;9.44
02/27/2018 10:00;5.56;2;128.26;0.12;855.14;15.92;12.11
02/27/2018 11:00;6.09;2.08;11.71;0.05;855.2;31.34;17.31
02/27/2018 12:00;6.7;2.64;327.96;0.24;855.35;51.23;30.93
02/27/2018 13:00;7.36;3.12;300.77;0.51;855.25;61.1;38.57
02/27/2018 14:00;8.1;3;334.86;0.47;855.05;51.88;30.45
02/27/2018 15:00;8.84;3.47;329.35;0.4;854.89;46.44;25.18
02/27/2018 16:00;9.46;3.78;304.91;0.35;854.73;33.03;16.94
02/27/2018 17:00;10.16;2.92;323.62;0.37;854.72;33.73;15.3
02/27/2018 18:00;9.97;2.1;105.27;0.52;855;16.64;7.01
02/27/2018 19:00;9.37;1.41;113.03;0.74;855.54;10.37;4.51
02/27/2018 20:00;9.15;0.97;102.08;0.39;856.04;17.12;6.07
02/27/2018 21:00;8.6;1.78;3.22;0.38;856.43;40.21;13.85
02/27/2018 22:00;7.34;2.67;347.49;0.57;856.85;29.52;12
02/27/2018 23:00;6.81;2.23;322.42;0.16;857;18.09;8.32
02/28/2018 00:00;6.42;1.97;280.8;0.08;857.1;24.26;11.82
02/28/2018 01:00;5.6;2.04;120.39;0.16;857.32;25.26;17.95
02/28/2018 02:00;4.65;1.56;182.4;0.02;857.61;29.82;22.74
02/28/2018 03:00;4.16;1.26;185.8;0.03;857.54;24.72;19.27
02/28/2018 04:00;3.69;0.98;106;0.04;857.44;21.39;18.23
02/28/2018 05:00;3.68;0.96;211.06;0.02;857.54;23.68;19.91
02/28/2018 06:00;4.13;0.89;180.77;0.03;857.89;27.42;21.56
02/28/2018 07:00;4.27;0.54;178.29;0.07;858.31;31.13;22.36
02/28/2018 08:00;4.74;0.03;322.55;0.07;858.78;44.83;26.18
02/28/2018 09:00;5.95;0.63;301.08;0.08;859.23;59.09;27.34
02/28/2018 10:00;7.11;2;99.35;0.06;859.43;41.61;25.29
02/28/2018 11:00;7.77;1.95;336.52;0.24;859.4;54.53;29.16
02/28/2018 12:00;8.93;1.85;306.41;0.29;859.26;49.99;29.21
02/28/2018 13:00;9.93;1.63;319.29;0.44;859.03;54.47;31.64
02/28/2018 14:00;10.83;0.49;301.16;0.36;858.4;46.14;29.01
02/28/2018 15:00;11.9;-0.37;337.54;0.18;857.89;36.98;20.99
02/28/2018 16:00;11.72;-0.96;325.26;0.39;857.79;29.13;15.26
02/28/2018 17:00;11.56;-0.47;316.34;0.32;857.76;33.39;16.61
02/28/2018 18:00;11.05;0.89;89.75;0.31;857.85;38.99;20.97
02/28/2018 19:00;9.75;1.78;112.12;0.67;858.12;36.27;25.87
02/28/2018 20:00;9.04;1.57;115.8;0.44;858.24;47.57;28.14
02/28/2018 21:00;7.97;1.42;113.47;0.55;858.13;67.07;32.8
02/28/2018 22:00;7.24;0.85;106.59;0.3;858.07;56.38;30.41
02/28/2018 23:00;6.72;0.73;114;0.07;858;56.58;30.99
03/01/2018 00:00;6.79;0.24;169.85;0.1;857.94;52.8;28.84
03/01/2018 01:00;6.23;-0.3;210.56;0.03;857.77;47.29;26.8
03/01/2018 02:00;5.69;-0.56;200.11;0.05;857.73;37.84;23.53
03/01/2018 03:00;5.24;-1.09;196.26;0.04;857.49;27.13;20.1
03/01/2018 04:00;4.92;-1.57;197.02;0.1;857.09;23.42;18.59
03/01/2018 05:00;4.52;-2.13;231.13;0.06;856.91;20.53;17.31
03/01/2018 06:00;4.28;-2.55;204.89;0.05;857.01;22.5;17.29
03/01/2018 07:00;4.2;-2.84;174.85;0.1;857.13;33.9;21.41
03/01/2018 08:00;4.48;-3.23;170.89;0.15;857.38;52.95;23.74
03/01/2018 09:00;5.6;-3.12;180.79;0.09;857.56;55.98;23.56
03/01/2018 10:00;7.31;-2.05;333.74;0.02;857.55;45.7;22.71
03/01/2018 11:00;9.2;-0.62;313.41;0.3;857.35;58.92;30.99
03/01/2018 12:00;9.55;0.53;315.05;0.56;857.02;60.23;33.26
03/01/2018 13:00;10.41;1.44;311.53;0.46;856.49;50.9;30.89
03/01/2018 14:00;11.02;0.99;322.2;0.41;855.68;45.89;26.09
03/01/2018 15:00;11.72;0.16;316.67;0.66;855.11;71.19;27.95
03/01/2018 16:00;12.22;-0.81;316.99;0.73;854.72;69.04;19.34
03/01/2018 17:00;11.71;-2.39;328.11;0.75;854.68;64.71;15.94
03/01/2018 18:00;11.1;-2.04;27.29;0.2;854.75;41.03;15.47
03/01/2018 19:00;10.18;-1.24;111.02;0.7;854.66;25.45;13.96
03/01/2018 20:00;9.45;-1.08;107.85;0.61;854.93;23.82;15.13
03/01/2018 21:00;9.48;-0.88;91.55;0.26;855.34;31.17;17.56
03/01/2018 22:00;9.14;-1.66;88.6;0.18;855.53;29.47;16.23
03/01/2018 23:00;8.44;-1.83;326.09;0.16;855.67;36.6;19.76
03/02/2018 00:00;7.87;-1.65;307.22;0.27;855.65;35.11;21.36
03/02/2018 01:00;7.54;-1.3;4.52;0.08;855.91;48.92;24.79
03/02/2018 02:00;7.27;-1.11;339.19;0.27;856.11;32.54;21.9
03/02/2018 03:00;7.18;-0.93;309.09;0.17;856.12;29.7;21.29
03/02/2018 04:00;6.79;-1.11;2.61;0.13;856.03;25.92;19.27
03/02/2018 05:00;6.47;-1.05;336.1;0.2;856.11;25.16;19.75
03/02/2018 06:00;6.39;-0.83;294.35;0.34;856.28;27.98;20.68
03/02/2018 07:00;6.51;-0.94;320.4;0.26;856.56;31.43;20.92
03/02/2018 08:00;6.51;-0.74;315.16;0.27;857.01;38.87;23.84
03/02/2018 09:00;6.69;-0.55;291.98;0.27;857.63;42.91;25.23
03/02/2018 10:00;7.25;-0.36;300.24;0.41;857.99;42.6;26.46
03/02/2018 11:00;8.33;-0.08;295.29;0.45;857.99;42.69;25
03/02/2018 12:00;9.74;0.56;303.51;0.59;857.99;39.73;22.9
03/02/2018 13:00;11.32;0.67;309.98;0.64;857.66;46.02;22.21
03/02/2018 14:00;12.73;-0.69;37.54;0.34;857.27;100.95;17.33
03/02/2018 15:00;12.69;-0.99;77.19;0.38;857.06;71.45;13.51
03/02/2018 16:00;12.95;-1.52;22.97;0.29;856.91;46.61;12.81
03/02/2018 17:00;12.6;-2.22;41.12;0.3;856.94;54.45;14.05
03/02/2018 18:00;11.94;-1.75;343.27;0.4;857.1;42.96;16.53
03/02/2018 19:00;10.74;-1.52;39.41;0.26;857.59;47.97;19.55
03/02/2018 20:00;10.16;-1.16;60.09;0.26;858.15;44.16;21.21
03/02/2018 21:00;9.89;-0.75;321.14;0.58;858.55;34.15;19.5
03/02/2018 22:00;8.94;0.19;308;0.43;858.93;41.64;22.8
03/02/2018 23:00;8.18;0.6;300.68;0.32;859.15;46.65;25.66
03/03/2018 00:00;7.65;0.18;314.2;0.27;858.98;41.7;25.02
03/03/2018 01:00;6.7;0.14;12.1;0.69;858.98;34.96;24.19
03/03/2018 02:00;6.42;-0.02;333.66;0.32;858.83;32.73;24.68
03/03/2018 03:00;6.02;0.1;287.31;0.28;858.79;27.11;21.81
03/03/2018 04:00;5.65;0.21;296.05;0.19;858.86;25.17;21.48
03/03/2018 05:00;5;0.08;99.48;0.08;858.76;31.17;26.27
03/03/2018 06:00;4.63;0.08;100.86;0.12;858.93;35.61;29.07
03/03/2018 07:00;4.5;0.16;98.81;0.09;858.94;45.75;32.88
03/03/2018 08:00;5.08;0.22;93.34;0.07;859.09;61.18;34.97
03/03/2018 09:00;6.65;0.53;131.11;0.02;859.42;60.58;36.5
03/03/2018 10:00;8.01;0.3;292.41;0.24;859.49;53.79;33.45
03/03/2018 11:00;10.24;-0.21;313.13;0.52;859.42;55.63;30.38
03/03/2018 12:00;11.63;-0.76;311.16;0.81;859.27;50.82;25.41
03/03/2018 13:00;12.51;-1.65;320.49;0.55;858.88;51.56;17.53
03/03/2018 14:00;13.86;-2.12;322.09;0.63;858.16;50.25;16.2
03/03/2018 15:00;13.99;-2.18;359.12;0.34;857.69;53.18;16.11
03/03/2018 16:00;13.7;-2.25;334;0.59;857.51;60.83;16.26
03/03/2018 17:00;13.15;-2.37;329.37;0.62;857.35;45.04;16.36
03/03/2018 18:00;12.72;-1.21;330.62;0.43;857.2;51.12;22.75
03/03/2018 19:00;12.24;-0.9;355.76;0.41;857.07;58;23.74
03/03/2018 20:00;11.58;-0.86;66.89;0.35;857.39;51.47;21.85
03/03/2018 21:00;11.08;-1.8;106.78;0.67;857.2;39.79;17.24
03/03/2018 22:00;10.78;-1.87;355.58;0.19;857.08;48.91;21.11
03/03/2018 23:00;10.25;-2.17;353.56;0.31;856.9;44.59;18.81
03/04/2018 00:00;9.91;-1.64;312.67;0.4;857.04;36.76;17.32
03/04/2018 01:00;9.92;-1.2;340.71;0.28;856.8;34.18;15.2
03/04/2018 02:00;7.95;0.35;314.96;0.45;856.79;38.64;22.16
03/04/2018 03:00;7.41;0.51;339.01;0.4;856.64;31.82;19.42
03/04/2018 04:00;7.41;0.46;278.83;0.42;856.52;35.4;20.62
03/04/2018 05:00;7.19;0.49;283.41;0.3;856.5;35.83;20.24
03/04/2018 06:00;6.94;0.63;295.62;0.19;856.61;35.24;21.8
03/04/2018 07:00;6.57;0.8;300.15;0.25;856.8;55.21;27.23
03/04/2018 08:00;6.91;1.01;291.42;0.24;856.83;93.36;38.18
03/04/2018 09:00;8.33;1.11;299.24;0.55;856.98;67.05;31.3
03/04/2018 10:00;9.7;1.3;306.25;0.53;856.87;64.26;31.86
03/04/2018 11:00;12.77;1.97;302.98;0.74;856.44;71.17;30.39
03/04/2018 12:00;16.02;-0.5;354.91;0.4;856.08;213.77;36.46
03/04/2018 13:00;16.84;-0.61;324.11;0.84;855.76;148.18;29.43
03/04/2018 14:00;17;0.28;64.97;0.41;855;148.69;30.64
03/04/2018 15:00;16.14;0.07;77.13;0.5;854.53;113.17;26.12
03/04/2018 16:00;16.34;0.27;54.81;0.35;854.34;150.4;26.88
03/04/2018 17:00;15.49;0.73;80.65;0.45;854.18;115.68;26.45
03/04/2018 18:00;14.76;0.5;90.07;0.57;853.98;63.36;23.24
03/04/2018 19:00;14.12;0.67;109.66;1.01;853.8;62.62;24.34
03/04/2018 20:00;13.5;1.05;108.32;1.3;853.87;65.95;25.19
03/04/2018 21:00;13.12;1.06;105.71;1.27;853.85;47.36;23.3
03/04/2018 22:00;12.88;0.32;100.63;1.07;853.53;38.04;20.39
03/04/2018 23:00;12.68;0.68;109;1.61;853.13;61.65;22.72
03/05/2018 00:00;12.29;0.67;107.37;1.42;853.04;44.78;22.21
03/05/2018 01:00;11.99;0.13;107.87;1.32;852.66;40.68;19.37
03/05/2018 02:00;11.7;0.23;108.35;1.18;852.56;46.9;21.4
03/05/2018 03:00;11.71;-0.13;105.58;1.22;852.57;35.74;21.6
03/05/2018 04:00;12.07;-0.28;108;1.32;852.56;44.12;23.74
03/05/2018 05:00;12.29;0;108.14;1.23;852.56;50.97;27.22
03/05/2018 06:00;12.54;-0.01;108.88;1.07;852.79;76.87;31.31
03/05/2018 07:00;12.72;-0.28;109.56;1.23;852.76;75.06;32
03/05/2018 08:00;13.05;-0.23;107.34;1.62;852.8;95.65;31.94
03/05/2018 09:00;13.51;0.62;105.59;1.77;853.06;93.46;30.46
03/05/2018 10:00;14.14;0.44;107.09;1.54;853.35;106.61;29.68
03/05/2018 11:00;15.3;0.3;106.74;1.41;853.37;128.19;32.7
03/05/2018 12:00;15.77;-0.09;103.68;1.52;853.66;145.48;33.01
03/05/2018 13:00;16.56;-0.39;95.98;0.85;853.53;199.05;34.31
03/05/2018 14:00;17.8;-0.74;99.8;1.09;852.83;263.96;40.44
03/05/2018 15:00;17.8;-0.73;104.65;1.24;852.71;275.39;41.25
03/05/2018 16:00;17.16;-1.55;102.17;1.34;853.16;162.8;28.43
03/05/2018 17:00;16.63;-2.22;88.81;0.69;853.51;114.17;25.83
03/05/2018 18:00;16.2;-1.45;63.51;0.52;853.45;99.14;29.27
03/05/2018 19:00;15.18;-1.43;98.78;0.83;853.8;94.15;31.87
03/05/2018 20:00;14.53;-1.07;104.67;0.9;854.58;78.87;29.76
03/05/2018 21:00;14.27;-1.18;104.38;0.7;854.98;78.29;28.76
03/05/2018 22:00;13.99;-1.22;110.35;1.07;855.08;72.31;28.6
03/05/2018 23:00;13.59;-0.8;97.78;0.44;855.55;67.78;28.38
03/06/2018 00:00;13.42;-1.16;107.56;0.58;855.95;69.5;28.92
03/06/2018 01:00;13.34;-1.25;88.96;0.31;856.2;69.34;29.15
03/06/2018 02:00;13.18;-1.4;48.03;0.2;856.52;61.15;26.62
03/06/2018 03:00;10.95;1.09;345.56;0.49;856.66;68.95;34.89
03/06/2018 04:00;9.98;1.61;341.06;0.36;856.91;64.09;32.53
03/06/2018 05:00;9.54;1.6;310.44;0.16;857.19;65.92;33.04
03/06/2018 06:00;9.02;1.46;332.52;0.12;857.34;68.55;33.16
03/06/2018 07:00;8.79;1.34;3.66;0.1;857.39;91.19;39.33
03/06/2018 08:00;9.4;1.51;87.39;0.1;857.72;116.96;47.86
03/06/2018 09:00;10.47;1.18;72.34;0.24;858.55;95.39;40.98
03/06/2018 10:00;11.89;0.8;312.79;0.29;858.77;92.05;38.34
03/06/2018 11:00;11.82;2.33;3.16;0.2;859.08;80.51;33.26
03/06/2018 12:00;9.8;5.56;323.95;0.37;859.65;34.08;24.51
03/06/2018 13:00;10.17;5.78;305.77;0.45;859.53;26.22;19.3
03/06/2018 14:00;11.53;5.47;333.65;0.14;858.76;49.56;25.17
03/06/2018 15:00;11.88;5;296.07;0.09;858.38;60.69;32.96
03/06/2018 16:00;12.58;4.93;112.54;0.13;857.96;58.93;36.33
03/06/2018 17:00;13.05;4.81;340.16;0.12;857.53;57.13;31.49
03/06/2018 18:00;12.47;5.27;165.16;0.25;857.24;44.48;25.89
03/06/2018 19:00;11.95;5.01;165.46;0.21;857.06;42.76;24.27
03/06/2018 20:00;11.68;4.95;163.69;0.17;857.11;38.11;20.94
03/06/2018 21:00;11.55;4.58;158.4;0.18;856.89;40.85;22.39
03/06/2018 22:00;11.59;4.22;168.71;0.17;856.91;45.13;23.81
03/06/2018 23:00;11.32;4.13;180.2;0.13;856.71;43.49;23.96
03/07/2018 00:00;10.8;4.2;105.91;0.66;857.4;42.65;23.1
03/07/2018 01:00;7.71;5.65;309.56;0.63;858.34;19.46;16.7
03/07/2018 02:00;7.75;5.52;102.63;0.11;857.49;17.2;13.93
03/07/2018 03:00;8.09;5.15;337.79;0.28;857.27;22.43;17.41
03/07/2018 04:00;7.79;4.66;343.55;0.16;857.24;21.26;16.36
03/07/2018 05:00;7.24;4.58;110.62;0.13;857.5;27.65;22.4
03/07/2018 06:00;7.37;4.62;102.64;0.11;857.99;31.21;25.64
03/07/2018 07:00;6.85;4.28;138.54;0.05;858.1;33.84;26.14
03/07/2018 08:00;7.28;4.07;115.97;0.05;858.38;35.97;25.45
03/07/2018 09:00;9.23;4.71;184.92;0.08;858.47;49.09;32.6
03/07/2018 10:00;10.27;4.61;20.72;0.05;858.62;53.06;31.01
03/07/2018 11:00;10.95;3.99;300.66;0.44;858.73;68.93;32.89
03/07/2018 12:00;11.92;3.92;305.22;0.45;858.67;59.16;30.23
03/07/2018 13:00;13.78;4.28;305.98;0.34;858.21;70.41;34.14
03/07/2018 14:00;14.62;4.43;311.18;0.54;857.42;77.89;37.94
03/07/2018 15:00;15.17;3.73;304.71;0.72;857;74.76;34.24
03/07/2018 16:00;14.99;2.59;299.83;0.69;856.81;71.81;33.95
03/07/2018 17:00;15.4;3.29;301.52;0.7;856.46;77.4;37.26
03/07/2018 18:00;14.94;3.64;303.54;0.66;856.47;76.9;38.86
03/07/2018 19:00;14.23;3.84;305.97;0.54;856.52;77.37;43.24
03/07/2018 20:00;13.65;4.07;304.41;0.35;856.72;86.15;40.8
03/07/2018 21:00;12.72;3.89;99.79;0.37;856.84;91.27;44.46
03/07/2018 22:00;11.25;3.89;109.83;0.29;857;88.92;45.76
03/07/2018 23:00;10.55;3.58;111.83;0.09;857.2;110.03;49.37
03/08/2018 00:00;10.39;3.4;107.31;0.22;856.99;143.08;60.47
03/08/2018 01:00;10.16;3.09;290.09;0;856.75;192.65;70.21
03/08/2018 02:00;11.11;2.77;90.1;0.05;856.79;103.63;44.89
03/08/2018 03:00;10.64;3.06;67.49;0.08;856.66;110.44;47.94
03/08/2018 04:00;10.15;3.02;339.36;0.16;856.49;88.49;41.9
03/08/2018 05:00;9.12;3.05;7.51;0.03;856.59;90.66;45.16
03/08/2018 06:00;8.68;2.98;204.95;0.01;856.74;97.86;49.68
03/08/2018 07:00;7.7;2.59;30.38;0;856.78;87.59;51.7
03/08/2018 08:00;8.64;2.8;106.95;0.07;856.93;114.54;57.66
03/08/2018 09:00;10.58;1.41;305.68;0.45;857.22;86.66;41.18
03/08/2018 10:00;12.06;1.73;297.89;0.5;857;91.83;47
03/08/2018 11:00;13.13;2.3;306.27;0.52;856.8;90.39;44.86
03/08/2018 12:00;14.77;2.35;301.67;0.59;856.5;80.7;39.55
03/08/2018 13:00;16.99;1.54;325.73;0.33;855.48;82.8;33.76
03/08/2018 14:00;17.92;0.64;316.17;0.79;854.67;101.6;34.47
03/08/2018 15:00;18.5;-0.69;321.72;0.83;854.12;105.31;33.72
03/08/2018 16:00;18.34;0.04;325.34;0.99;853.81;111.57;39.34
03/08/2018 17:00;18.12;0.54;338.27;0.42;853.25;108.24;39.78
03/08/2018 18:00;17.31;0.39;12.89;0.27;852.77;90.69;36.21
03/08/2018 19:00;16.37;0.66;90.58;0.36;852.53;83.59;37.97
03/08/2018 20:00;15.51;0.9;108.36;0.81;852.32;81.14;40.4
03/08/2018 21:00;15.18;1.51;109.77;0.97;851.99;124.29;56.05
03/08/2018 22:00;14.88;1.26;110.51;1.23;851.45;144.71;60.66
03/08/2018 23:00;14.56;1.08;111.67;1.06;851.14;130.75;60.06
03/09/2018 00:00;14.52;0.69;112.07;1.24;850.8;123.09;56.02
03/09/2018 01:00;13.96;1.02;112.03;0.96;850.84;122.51;55.74
03/09/2018 02:00;13.88;0.39;111.93;1.2;850.74;133.03;56.08
03/09/2018 03:00;13.38;0.76;109.38;1.04;850.18;151.81;57.64
03/09/2018 04:00;12.85;0.67;109.68;0.82;849.35;140.84;55.9
03/09/2018 05:00;12.73;-0.02;111.52;1.09;848.81;147.03;49.86
03/09/2018 06:00;12.39;-0.41;110.91;1.22;848.27;147.17;44.3
03/09/2018 07:00;12;-0.54;110.29;1.06;847.72;96.51;36.6
03/09/2018 08:00;12.25;-0.41;109.91;1.34;846.72;135;39.73
03/09/2018 09:00;13;-0.19;109.23;1.47;846.53;160.65;44.73
03/09/2018 10:00;14.37;0.14;110.59;1.92;846.39;176.17;53.4
03/09/2018 11:00;15.04;-0.12;111.5;2.39;846.04;349.29;71.97
03/09/2018 12:00;15.82;-1.61;111.43;2.54;845.58;578.33;92.89
03/09/2018 13:00;15;-1.29;110.15;2.33;845.62;619.06;102.61
03/09/2018 14:00;15.6;-2.29;104.11;1.44;845.47;755.95;93.93
03/09/2018 15:00;15.21;-3.04;108.46;2.24;845.71;435.93;56.45
03/09/2018 16:00;15.06;-3.1;102.08;1.1;846.45;317.8;45.64
03/09/2018 17:00;13.79;-4.83;108.59;1.5;846.91;178.81;31.46
03/09/2018 18:00;12.9;-3.88;108.92;1.14;847.56;76.24;20.89
03/09/2018 19:00;12.08;-3.27;111.83;1.59;848.21;63.33;19.4
03/09/2018 20:00;11.14;-1.8;110.29;1.22;848.66;56.46;18.77
03/09/2018 21:00;8.96;0.27;108.91;1.34;849.18;42.69;16.29
03/09/2018 22:00;9.03;0.05;109.65;1.19;849.3;10.73;4.94
03/09/2018 23:00;9.6;-1.14;46.11;0.14;849.94;12.02;4.64
03/10/2018 00:00;9.29;-0.68;87.91;0.27;850.35;17.35;7.56
03/10/2018 01:00;8.91;0.65;322.92;0.26;850.97;23.55;10.01
03/10/2018 02:00;5.39;2.29;310.77;0.53;852;4.61;3.11
03/10/2018 03:00;4;1.54;320.92;0.29;852.69;0.83;0.69
03/10/2018 04:00;3.24;1.27;303.18;0.27;853.12;1.02;0.93
03/10/2018 05:00;3.41;1.79;97.65;0.27;853.58;2.14;2.01
03/10/2018 06:00;3.97;1.92;102.28;0.03;854;2.35;2.19
03/10/2018 07:00;4.59;0.92;308.23;0.12;854.51;3.81;3.42
03/10/2018 08:00;5.33;0.2;340.14;0.06;854.95;6.05;3.44
03/10/2018 09:00;5.91;-0.1;314.18;0.16;855.52;14.06;5.15
03/10/2018 10:00;7.8;0.08;321.34;0.37;856.09;25.95;8.36
03/10/2018 11:00;8.52;-0.54;341.49;0.41;856.14;14.42;5.37
03/10/2018 12:00;9.67;-0.52;302.31;0.49;856.07;17.69;7.54
03/10/2018 13:00;10.14;-0.55;308.71;0.52;855.88;22.24;9.41
03/10/2018 14:00;11.08;-1.37;306.5;0.67;855.36;21.11;7.46
03/10/2018 15:00;11.52;-0.81;309.35;0.66;854.91;25.54;9.83
03/10/2018 16:00;11.93;-1.08;305.82;0.5;854.82;19.7;9.1
03/10/2018 17:00;12.02;-2.45;313.25;0.45;854.76;16.35;6.39
03/10/2018 18:00;11.55;-1.83;301.25;0.55;855.04;18.21;8.02
03/10/2018 19:00;10.99;-1.4;323.45;0.35;855.36;30.73;13.01
03/10/2018 20:00;10.46;-1.48;349.15;0.34;855.59;28.13;11.71
03/10/2018 21:00;9.81;-1.28;314.51;0.18;855.85;22.73;9.17
03/10/2018 22:00;9.29;-1.6;334.27;0.21;856.09;21.31;7.86
03/10/2018 23:00;9.03;-1.65;300.8;0.24;856.35;16.87;6.81
03/11/2018 00:00;8.32;-1.75;303.25;0.25;856.29;13.39;5.84
03/11/2018 01:00;7.73;-1.73;286.75;0.13;856.17;14.27;6.64
03/11/2018 02:00;7.3;-2.04;352.48;0.17;856.36;8.55;5.01
03/11/2018 03:00;7.32;-1.99;325.63;0.09;856.27;10.38;5.78
03/11/2018 04:00;6.12;-1.29;116.74;0.15;856.16;16.96;10.05
03/11/2018 05:00;6.49;-2.94;324.86;0.04;856.28;5.81;4.24
03/11/2018 06:00;6.04;-3.3;303.17;0.1;856.52;8.58;4.78
03/11/2018 07:00;5.51;-3.02;306.31;0.03;856.72;49.15;14.79
03/11/2018 08:00;5.78;-2.53;111.6;0.14;856.78;50.31;16.47
03/11/2018 09:00;7.44;-3.77;343.37;0.2;857.2;21.8;8.43
03/11/2018 10:00;8.56;-3.64;321.39;0.26;857.32;25.94;9.11
03/11/2018 11:00;9.47;-4.06;312.25;0.41;857.17;24.15;8.88
03/11/2018 12:00;10.46;-4.25;315.51;0.36;857.06;23.25;10.04
03/11/2018 13:00;11.19;-4.75;303.95;0.63;856.84;28.64;12.3
03/11/2018 14:00;12.06;-4.65;302.66;0.41;856.4;26.83;12.86
03/11/2018 15:00;12.72;-4.77;314.59;0.5;855.92;27.63;13.98
03/11/2018 16:00;12.71;-5.33;308.91;0.59;855.75;25.72;12.88
03/11/2018 17:00;12.73;-7.02;334.76;0.26;855.66;19.91;7.21
03/11/2018 18:00;12.24;-7.08;335.33;0.18;855.55;18.18;7.23
03/11/2018 19:00;11.69;-6.65;308.26;0.16;855.63;24.04;9.7
03/11/2018 20:00;11.49;-5.94;298.41;0.19;855.96;28.15;10.85
03/11/2018 21:00;11.06;-4.34;109.97;0.23;856.34;45.7;19.87
03/11/2018 22:00;9.72;-2.91;116.42;0.22;856.52;48.59;18.07
03/11/2018 23:00;8.81;-2.54;119.47;0.35;856.58;46.51;21.23
03/12/2018 00:00;7.91;-2.64;122.04;0.08;856.58;28.61;13.58
03/12/2018 01:00;7.8;-2.54;115.75;0.18;856.65;42.95;21.54
03/12/2018 02:00;7.9;-2.73;110.19;0.04;856.61;27.93;15.47
03/12/2018 03:00;8;-2.76;110.68;0.03;856.49;20.39;12.06
03/12/2018 04:00;8.26;-2.9;114.31;0.14;856.18;29.56;13.18
03/12/2018 05:00;8.05;-2.42;117.96;0.1;856.07;19.61;12.36
03/12/2018 06:00;8.32;-3.01;284.46;0.07;856.19;35.7;13.58
03/12/2018 07:00;7.89;-1.72;116.66;0.28;856.39;33.05;18.69
03/12/2018 08:00;8.46;-1.94;307.97;0.09;856.74;58.82;21.72
03/12/2018 09:00;8.98;-2.33;315.46;0.15;857.07;50.98;22.3
03/12/2018 10:00;10.05;-2.56;317.59;0.35;857.21;42.08;20.05
03/12/2018 11:00;11.48;-1.95;327.57;0.42;857.18;55.55;27.73
03/12/2018 12:00;13.06;-2.04;303.8;0.76;857.14;47.42;20.44
03/12/2018 13:00;14.16;-3.36;308.29;0.96;856.85;42.18;12.87
03/12/2018 14:00;13.98;-2.81;301.3;0.8;856.55;60.27;14.52
03/12/2018 15:00;13.34;-2.01;301.33;0.88;856.45;56.08;15.33
03/12/2018 16:00;12.95;-2.5;289.94;0.91;856.52;55.51;13.28
03/12/2018 17:00;12.85;-2.17;294.07;0.76;856.8;32.02;12.06
03/12/2018 18:00;12.56;-2.67;294.37;0.76;857.12;34.83;12.17
03/12/2018 19:00;11.87;-2.21;305.62;0.51;857.75;34.97;14.47
03/12/2018 20:00;11.54;-2.53;338.44;0.18;858.35;22.02;9.93
03/12/2018 21:00;10.92;-3.23;324.32;0.28;858.87;23.42;9.98
03/12/2018 22:00;10.21;-2.79;319.69;0.16;859.21;32.74;12.57
03/12/2018 23:00;8.9;-2.24;109.6;0.19;859.35;34.99;17.63
03/13/2018 00:00;7.71;-1.26;206.71;0.1;859.48;17.25;10.76
03/13/2018 01:00;6.71;-1.11;186.23;0.1;859.41;13.71;9.79
03/13/2018 02:00;6.04;-1.02;175.4;0.11;859.45;12.22;9.88
03/13/2018 03:00;5.44;-1.07;179.39;0.11;859.22;11.51;9.81
03/13/2018 04:00;4.97;-1.31;182.07;0.1;859.07;9.6;8.78
03/13/2018 05:00;4.62;-1.54;188.72;0.11;859.14;9.81;8.75
03/13/2018 06:00;4.25;-1.6;194.6;0.1;859.42;10.87;9.43
03/13/2018 07:00;4.17;-1.59;194.81;0.17;859.46;18.12;12.94
03/13/2018 08:00;4.75;-1.39;246.73;0.08;859.43;53.26;20.72
03/13/2018 09:00;7.38;-0.93;177.02;0.16;859.73;33.27;16.86
03/13/2018 10:00;10.13;-0.85;138.05;0.11;859.92;35.66;17.86
03/13/2018 11:00;11.77;-1.37;312.35;0.47;859.98;48.81;24.3
03/13/2018 12:00;12.8;-1.35;307.48;0.55;859.6;39.6;21.83
03/13/2018 13:00;14.03;-1.86;308.43;0.57;859.12;35.36;18.7
03/13/2018 14:00;14.68;-3.3;310.19;0.61;858.64;26.97;13.05
03/13/2018 15:00;14.93;-4.46;315.61;0.72;858.1;28.24;10.93
03/13/2018 16:00;14.59;-4.91;332.14;0.57;857.95;24.47;9.78
03/13/2018 17:00;14.62;-4.54;321.97;0.53;857.85;23.75;10.18
03/13/2018 18:00;14.04;-4.14;332.85;0.44;857.81;21.95;10.56
03/13/2018 19:00;13.43;-4.09;25.58;0.18;857.94;27.54;13.05
03/13/2018 20:00;12.6;-3.88;98.31;0.33;858.23;53.89;33.52
03/13/2018 21:00;11.63;-3.11;354.8;0.05;858.4;113.89;76.1
03/13/2018 22:00;11.19;-2.52;82.62;0.13;858.52;141.79;103.89
03/13/2018 23:00;10.05;-2.49;103.92;0.16;858.37;89.84;65.91
03/14/2018 00:00;9.72;-2.24;107.71;0.01;858.25;70.56;50.82
03/14/2018 01:00;9.89;-1.08;319.42;0.1;858.17;55.92;42.93
03/14/2018 02:00;9.84;-0.54;330.02;0.19;858.15;65.02;57
03/14/2018 03:00;9.42;-0.77;359.4;0.11;857.91;59.36;49.09
03/14/2018 04:00;8.86;-0.9;335.83;0.17;857.78;53.95;47.32
03/14/2018 05:00;8.15;-0.77;298.46;0.08;857.79;76.62;62.4
03/14/2018 06:00;7.51;-0.75;24.9;0.08;857.8;70.51;58.83
03/14/2018 07:00;7.19;-0.59;214.63;0.01;857.93;95.26;61.12
03/14/2018 08:00;7.7;-0.22;125.93;0.11;858.3;96.52;59.7
03/14/2018 09:00;9.53;-0.23;317.23;0.29;858.74;64.9;46.2
03/14/2018 10:00;11.38;-0.27;315.1;0.35;859.03;55.46;40.79
03/14/2018 11:00;12.75;-0.24;305.89;0.53;859.09;60.19;40.53
03/14/2018 12:00;14.06;-0.81;304.67;0.71;858.95;50.44;31.02
03/14/2018 13:00;15.01;-1.2;309.17;0.58;858.27;44.17;26.24
03/14/2018 14:00;16.25;-2.73;311.29;0.69;857.57;43.73;20.38
03/14/2018 15:00;16.89;-3.78;320.3;0.7;857.05;43.44;18.01
03/14/2018 16:00;16.46;-4.02;318.52;0.77;856.77;41.59;17.46
03/14/2018 17:00;15.88;-4.64;34.37;0.2;856.87;38.21;15.84
03/14/2018 18:00;15.31;-5.62;64.41;0.21;857.18;34.98;15.55
03/14/2018 19:00;14.99;-5.69;18.13;0.27;857.49;38.21;17.37
03/14/2018 20:00;14.12;-2.97;110.6;0.68;857.74;37.19;16.46
03/14/2018 21:00;13.82;-2.89;111.2;0.79;857.68;34.69;15.52
03/14/2018 22:00;13.17;-2.29;112.58;0.71;857.65;33.36;15.91
03/14/2018 23:00;12.52;-1.28;85.99;0.15;857.82;41.9;19.33
03/15/2018 00:00;12.02;-1.38;99.63;0.29;857.72;40.03;19.33
03/15/2018 01:00;10.98;-1.09;108.31;0.44;857.53;39.56;19.9
03/15/2018 02:00;9.96;-1.12;31.88;0.05;857.71;43.92;22.93
03/15/2018 03:00;9.97;-0.07;332.87;0.18;857.54;47.79;32.14
03/15/2018 04:00;9.39;-0.1;306.79;0.06;857.06;56.5;33.64
03/15/2018 05:00;8.36;-0.41;157.2;0.05;856.97;59.22;29.7
03/15/2018 06:00;8.92;-0.24;229.64;0.01;857.19;66.12;30.89
03/15/2018 07:00;8.22;-0.33;112.96;0.12;857.25;78.78;34.28
03/15/2018 08:00;8.97;-0.03;175.74;0.04;857.45;130.51;44.77
03/15/2018 09:00;10.57;-0.58;120.63;0.09;857.85;89.02;33.76
03/15/2018 10:00;11.89;-0.34;314.91;0.06;857.83;90.37;38.15
03/15/2018 11:00;13.49;-0.16;312.25;0.38;857.54;90.45;34.46
03/15/2018 12:00;14.98;0;304.95;0.63;857.22;98.73;37.25
03/15/2018 13:00;17.57;-2.43;327.47;0.48;856.55;123.38;30.7
03/15/2018 14:00;17.93;-2.84;94.89;0.47;855.83;113.58;27.27
03/15/2018 15:00;18.62;-2.91;35;0.31;855.07;208.48;34.52
03/15/2018 16:00;17.71;-2.66;0.33;0.38;854.81;95.05;21.41
03/15/2018 17:00;17.01;-2.09;332.58;0.67;854.72;68.17;19.58
03/15/2018 18:00;16.45;-2.58;328.34;0.56;854.57;63.11;19.17
03/15/2018 19:00;15.66;-2.46;41.07;0.17;854.73;63.89;20.56
03/15/2018 20:00;15.07;-2.02;46.76;0.17;855.03;65.54;22.88
03/15/2018 21:00;14.18;-1.85;97.96;0.37;855.13;73.15;28.04
03/15/2018 22:00;13.88;-3.02;112.38;0.25;855.02;51.98;20.43
03/15/2018 23:00;13.96;-3.61;112.33;0.76;854.71;46.44;18.37
03/16/2018 00:00;13.74;-2.09;110.44;0.83;854.16;64.18;23.83
03/16/2018 01:00;13.97;-3.33;110.01;0.97;853.69;75.61;24.67
03/16/2018 02:00;13.57;-3.71;110.92;1.1;853.64;50.71;20.29
03/16/2018 03:00;13.4;-3.69;110.41;1.08;853.35;55.55;19.44
03/16/2018 04:00;13.17;-4.2;110.34;1.13;853.08;43.37;16.14
03/16/2018 05:00;12.97;-5.33;111.33;1.16;853.05;35.65;12.05
03/16/2018 06:00;12.62;-5.44;109.16;1.12;853.05;47.46;12.08
03/16/2018 07:00;12.09;-4.98;110.39;1.37;853.31;59.15;11.58
03/16/2018 08:00;11.74;-4.1;109.25;1.4;853.57;97.01;14.87
03/16/2018 09:00;11.17;-2.15;110.38;1.51;854.81;64.91;11.14
03/16/2018 10:00;10.47;-0.01;102.18;0.59;855.25;17.54;6.88
03/16/2018 11:00;12.11;-0.09;334.3;0.31;855.29;25.52;7.76
03/16/2018 12:00;12.71;-1.06;317.85;0.47;854.75;21.84;7.41
03/16/2018 13:00;14.44;-1.36;334.38;0.27;854.35;19.5;7.22
03/16/2018 14:00;14.98;-0.99;322.88;0.42;853.6;25.46;9.54
03/16/2018 15:00;15.85;-2.35;69.36;0.18;852.9;21.47;6.92
03/16/2018 16:00;15.41;-2.44;108.39;1.16;852.3;31.65;7.03
03/16/2018 17:00;15.06;-2.56;109.05;1.13;851.71;30.24;6.48
03/16/2018 18:00;13.94;-2.07;110.67;1.04;851.61;15.56;4.39
03/16/2018 19:00;12.83;-1.95;107.41;0.85;851.76;17.22;5.5
03/16/2018 20:00;11.23;-0.93;334.1;0.45;852.93;28.56;6.84
03/16/2018 21:00;10.17;-1.26;150.7;0.08;852.47;14.83;5.74
03/16/2018 22:00;10.95;-0.39;105.34;0.52;852.12;17.81;10.37
03/16/2018 23:00;9.42;1.16;300.66;0.5;852.45;22.16;10.66
03/17/2018 00:00;5.68;2.7;80.33;0.1;853.85;6.85;5.21
03/17/2018 01:00;4.23;2.26;290.35;0.45;853.26;4.88;4.6
03/17/2018 02:00;3.76;2.04;322.31;0.28;852.89;7.37;6.82
03/17/2018 03:00;3.96;1.75;305.54;0.07;852.3;2.24;2.17
03/17/2018 04:00;4.73;2.09;216.29;0.09;851.72;7.18;7.01
03/17/2018 05:00;5.31;2.13;180.9;0.12;851.74;10.15;9.53
03/17/2018 06:00;5.48;2.18;168.25;0.15;851.86;9.84;8.83
03/17/2018 07:00;5.06;2.2;289.29;0.18;852.32;14.46;13.4
03/17/2018 08:00;3.53;2.02;299;0.25;852.88;15.39;14.77
03/17/2018 09:00;3.52;2.12;309.9;0.2;853.51;16.65;16.06
03/17/2018 10:00;4.09;2.62;304.09;0.27;854.18;15.54;14.81
03/17/2018 11:00;4.41;2.82;299.8;0.39;854.74;13.01;12.27
03/17/2018 12:00;4.36;2.74;312.4;0.21;855.15;10.5;9.75
03/17/2018 13:00;4.93;2.76;251.61;0.08;855.4;5.77;5.12
03/17/2018 14:00;6;1.84;182.85;0.12;855.42;3.55;2.37
03/17/2018 15:00;6.31;0.93;199.4;0.16;855.61;14.2;4.71
03/17/2018 16:00;7.45;-0.07;180.09;0.23;855.82;20;4.71
03/17/2018 17:00;7.33;-0.73;227.44;0.13;856.33;14.04;3.42
03/17/2018 18:00;7.5;-0.25;205.63;0.06;856.69;18.06;4.62
03/17/2018 19:00;6.88;-0.18;150.49;0.16;857.2;17.84;4.89
03/17/2018 20:00;6.14;-0.41;166.69;0.21;857.83;13.81;4.39
03/17/2018 21:00;5.63;-0.45;179.72;0.18;858.31;17.76;5.63
03/17/2018 22:00;5.34;-0.63;175.23;0.17;858.59;23.75;7.82
03/17/2018 23:00;5.04;-0.62;177.96;0.08;858.57;39;13.2
03/18/2018 00:00;4.72;-0.98;223.52;0.02;858.56;40.13;14.62
03/18/2018 01:00;4.33;-1.78;193.27;0.02;858.6;37.63;14.62
03/18/2018 02:00;3.95;-1.65;176.69;0.03;858.7;33.47;14.01
03/18/2018 03:00;3.76;-1.66;326.89;0.02;858.7;31.05;14.53
03/18/2018 04:00;3.22;-1.57;207.23;0.03;858.56;17.57;11.09
03/18/2018 05:00;2.68;-1.83;138.76;0.03;858.55;14.9;10.92
03/18/2018 06:00;2.47;-1.95;183.6;0.04;858.73;12.39;8.93
03/18/2018 07:00;2.57;-1.92;181.4;0.09;859.06;22.25;13.51
03/18/2018 08:00;4.67;-1.14;126.9;0.03;859.36;58.7;23.91
03/18/2018 09:00;7.96;-1.23;309.02;0.06;859.94;34.07;13.75
03/18/2018 10:00;9.33;-0.97;307.8;0.34;860.33;36.98;15.85
03/18/2018 11:00;10.19;-0.77;307.35;0.39;860.61;25.9;12.44
03/18/2018 12:00;10.99;-0.74;318.36;0.48;860.49;25.72;12.89
03/18/2018 13:00;12.19;-0.08;312.99;0.32;860.19;30.78;15.75
03/18/2018 14:00;12.98;-0.59;336.6;0.46;859.68;31.02;16.31
03/18/2018 15:00;13.47;-1.55;308.03;0.56;859.47;26.11;10.98
03/18/2018 16:00;13.42;-1.18;305.4;0.58;859.42;21.48;11.65
03/18/2018 17:00;13.26;-1.23;314.6;0.37;859.33;23.68;12.59
03/18/2018 18:00;13.15;-1.22;344.91;0.2;859.37;29;15.98
03/18/2018 19:00;12.54;-1.38;93.5;0.36;859.36;34.36;20
03/18/2018 20:00;12.16;0.01;83.59;0.15;859.89;42.42;24.48
03/18/2018 21:00;10.83;0.72;86.63;0.19;860.45;69.35;35.59
03/18/2018 22:00;9.56;0.7;112.36;0.05;860.64;68.65;30.79
03/18/2018 23:00;9.21;0.26;108.77;0.08;860.84;79.3;30.63
03/19/2018 00:00;8.71;-0.27;175.21;0.06;860.79;73.8;28.07
03/19/2018 01:00;8.35;-1.2;183.39;0;860.57;77.95;27.56
03/19/2018 02:00;7.85;-1.16;175.48;0.02;860.69;62.45;25.36
03/19/2018 03:00;8.04;-1.36;277.74;0.01;860.45;41.04;18.39
03/19/2018 04:00;7.83;-1.43;223.41;0.06;860.12;33.59;18.1
03/19/2018 05:00;7.57;-1.22;211.7;0.07;860.13;26.26;16.98
03/19/2018 06:00;7.12;-0.77;276;0.05;860.08;27.51;19.47
03/19/2018 07:00;6.83;-0.48;241.31;0.06;860.16;36.7;23.83
03/19/2018 08:00;7.16;-0.16;180.81;0.1;860.21;51.84;28.19
03/19/2018 09:00;8.44;-0.26;166.3;0.18;860.4;49.78;27.43
03/19/2018 10:00;10.74;-0.14;205.09;0.1;860.88;48.97;26.67
03/19/2018 11:00;13.24;-0.91;130.9;0.08;860.89;41.7;23.97
03/19/2018 12:00;14.22;-1.3;301.9;0.45;860.66;46.53;25.99
03/19/2018 13:00;14.41;-0.18;296.41;0.55;860.23;52.43;29.48
03/19/2018 14:00;15.48;0.99;310.14;0.52;859.66;51.38;33.23
03/19/2018 15:00;16.39;1.88;306.9;0.59;859.38;49.67;31.28
03/19/2018 16:00;16.84;2.07;312.78;0.48;858.99;40.28;26.16
03/19/2018 17:00;17.27;1.2;314.82;0.32;858.64;42.8;26.38
03/19/2018 18:00;17.01;0.73;297.81;0.48;858.5;42.3;22.38
03/19/2018 19:00;16.31;0.13;285.4;0.23;858.62;42.48;19.67
03/19/2018 20:00;15.45;0.84;35.11;0.02;859.01;50.16;24.02
03/19/2018 21:00;13.36;1.88;121.76;0.14;859.42;79.28;36.85
03/19/2018 22:00;12.03;-0.37;123.79;0.13;859.48;63.21;24.67
03/19/2018 23:00;11.54;-0.86;138.59;0.06;859.68;75.77;27.11
03/20/2018 00:00;11.47;-1.82;181.77;0.1;859.76;65.81;26.03
03/20/2018 01:00;10.81;-1.62;176.48;0.09;859.7;53.29;24.06
03/20/2018 02:00;10.4;-2.01;178.7;0.09;859.99;33.51;16.63
03/20/2018 03:00;9.25;-1.22;153.2;0.05;859.98;33.02;17.48
03/20/2018 04:00;8.56;-0.39;148.71;0.02;860.09;39.59;22.22
03/20/2018 05:00;7.74;-0.36;164.16;0.01;860.23;34.24;18.74
03/20/2018 06:00;7.45;-0.53;161.78;0.04;860.65;32.71;17.04
03/20/2018 07:00;7.42;-0.5;165.23;0.06;860.92;34.43;17.5
03/20/2018 08:00;8.84;-0.75;167.12;0.08;861.31;56.47;21.36
03/20/2018 09:00;11.64;-0.7;313.83;0.11;861.95;42.27;21.15
03/20/2018 10:00;13.35;-0.62;307.01;0.3;862.41;45.1;22.47
03/20/2018 11:00;14.12;-0.5;312.97;0.37;862.34;43.52;22.13
03/20/2018 12:00;15.74;-0.06;317.85;0.5;861.99;44.45;24.07
03/20/2018 13:00;16.92;0.31;316.09;0.47;861.52;39.65;24.32
03/20/2018 14:00;18.56;-0.78;315.66;0.47;861.01;39.7;20.07
03/20/2018 15:00;19.69;-2.5;318.5;0.4;860.47;30.26;11.98
03/20/2018 16:00;19.98;-3.76;304.93;0.63;860.07;29.89;11.08
03/20/2018 17:00;19.83;-4.89;312.27;0.58;860.03;43.4;11.57
03/20/2018 18:00;19.2;-5.5;301.42;0.47;860;38.63;11.82
03/20/2018 19:00;18.38;-3.99;292.62;0.36;860.04;55.58;16.47
03/20/2018 20:00;17.05;-2.32;314;0.19;860.26;55.93;17.84
03/20/2018 21:00;16.4;-2.11;19.52;0.03;860.43;70.16;21.94
03/20/2018 22:00;15.9;-1.19;316.34;0.05;860.41;87.44;29.1
03/20/2018 23:00;15.5;-0.88;282.31;0.16;860.18;110.95;32.92
03/21/2018 00:00;14.63;-0.73;309.26;0.13;859.98;154.32;43.85
03/21/2018 01:00;14.06;-0.28;345.43;0.5;860.01;137.55;43.45
03/21/2018 02:00;12.98;0.47;304.1;0.14;859.76;145.78;48.07
03/21/2018 03:00;12.46;0.43;14.89;0.07;859.36;121.97;39.45
03/21/2018 04:00;11.8;-0.07;339.38;0.34;858.92;95.77;34.98
03/21/2018 05:00;11.29;-0.27;59.7;0.03;858.82;100.56;33.49
03/21/2018 06:00;10.2;0.35;90.48;0.05;858.76;107.59;35.47
03/21/2018 07:00;10.19;0.19;127.14;0.05;858.55;118.41;36.15
03/21/2018 08:00;12.39;-0.79;17.48;0.18;858.51;123.36;38.27
03/21/2018 09:00;14.57;-1.21;323.25;0.43;858.55;119.66;35.69
03/21/2018 10:00;16.77;-1.49;304.86;0.45;858.43;129.42;33.52
03/21/2018 11:00;19.64;-3.33;87.34;0.33;858.06;203.57;37.26
03/21/2018 12:00;20.09;-3.31;333.24;0.81;857.49;222.26;40.59
03/21/2018 13:00;20.71;-2.73;341.38;0.54;857.04;183.93;36.86
03/21/2018 14:00;21.05;-3.91;331.07;1.04;856.59;179.79;34.67
03/21/2018 15:00;21.11;-5.24;326.2;0.8;856.41;94.36;24.6
03/21/2018 16:00;20.2;-4.67;103.18;0.66;856.25;97.91;23.29
03/21/2018 17:00;17.13;-1.57;302.86;0.96;857.19;200.68;42.22
03/21/2018 18:00;15.3;0.26;309.74;0.61;858.56;78.11;31.55
03/21/2018 19:00;14.97;-0.79;331.77;0.31;859.08;66.76;26.4
03/21/2018 20:00;14.39;-1.21;340.68;0.29;859.85;56.93;22.44
03/21/2018 21:00;13.7;-1.39;303.34;0.23;860.42;52.02;20.3
03/21/2018 22:00;12.96;-1.93;307.17;0.07;860.82;44.73;18.53
03/21/2018 23:00;11.69;-1.39;95.39;0.08;860.97;48.29;20.1
03/22/2018 01:00;10.34;-0.99;130.74;0.03;861.12;47.83;22.25
03/22/2018 02:00;9.69;-1.21;193.67;0.02;861.12;46.52;21.52
03/22/2018 03:00;9.61;-1.65;184.37;0.14;861.06;33.99;19.22
03/22/2018 04:00;8.89;-2.01;201.26;0.05;860.98;29.8;17.7
03/22/2018 05:00;8.63;-2.53;188.16;0.16;860.69;26.53;16.68
03/22/2018 06:00;8.61;-3.04;189.77;0.07;860.62;29.04;18.18
03/22/2018 07:00;8.52;-2.8;186.23;0.05;860.77;31.6;19.31
03/22/2018 08:00;7.86;-1.62;168.72;0.15;860.97;42.65;22.03
03/22/2018 09:00;7.77;-1.55;177.27;0.18;861.34;46.6;22.84
03/22/2018 10:00;10.95;-1.25;225.36;0.1;861.55;46.52;23.56
03/22/2018 11:00;12.87;-1.77;299.76;0.61;861.8;50.7;25.15
03/22/2018 12:00;13.68;-1.85;294.61;0.77;861.8;45.54;22.42
03/22/2018 13:00;15.1;-1.75;305.41;0.58;861.18;43.64;21.13
03/22/2018 14:00;16.34;-1.18;301.45;0.64;860.49;44.93;22.46
03/22/2018 15:00;18.15;-4.09;304.79;0.73;859.74;40.47;18.14
03/22/2018 16:00;18.64;-4.37;305.18;0.8;859.17;38.96;16.23
03/22/2018 17:00;18.79;-6.26;315.57;0.7;858.22;30.13;13.66
03/22/2018 18:00;17.88;-7.22;298.07;0.61;858.28;29.8;13.04
03/22/2018 19:00;17.14;-7.51;293.72;0.56;858.6;30.91;13.73
03/22/2018 20:00;16.46;-7.27;296.36;0.27;858.5;34.57;14.02
03/22/2018 21:00;15.61;-6.74;82.3;0.12;858.47;42.48;16.24
03/22/2018 22:00;14.1;-4.52;97.33;0.35;858.78;45.89;19.76
03/22/2018 23:00;13.53;-4.31;103.49;0.07;859.12;41.36;18.27
03/23/2018 00:00;13.17;-4.02;19.81;0.08;859.5;50.61;20.55
03/23/2018 01:00;13.04;-3.62;319.75;0.08;859.47;53.81;22.83
03/23/2018 02:00;12.86;-0.97;301.27;0.22;859.09;43.88;22.02
03/23/2018 03:00;12.03;-2.59;293.72;0.45;859.59;39.61;19.46
03/23/2018 04:00;11.35;-1.84;318.13;0.26;859.36;37.99;21.6
03/23/2018 05:00;11.26;-1.69;320.51;0.07;858.92;35.87;20.28
03/23/2018 06:00;11.31;-1.39;294.1;0.02;859.23;34.29;18.76
03/23/2018 07:00;10.73;-1.07;111.79;0.18;859.39;37.87;21.22
03/23/2018 08:00;10.53;-0.7;113.9;0.02;859.7;50.43;24.62
03/23/2018 09:00;11.48;-1.17;280.53;0.22;860.05;61.04;25.96
03/23/2018 10:00;12.01;-1.77;306.83;0.47;860.7;46.61;21.16
03/23/2018 11:00;12.13;-1.84;357.64;0.37;861.28;53.1;23.68
03/23/2018 12:00;13.67;-2.41;309.11;0.22;860.67;68.63;23.98
03/23/2018 13:00;17.21;-1.64;309.49;0.49;859.97;105.25;35.31
03/23/2018 14:00;19.02;-0.56;299.11;0.88;859.76;130.51;42.92
03/23/2018 15:00;20.13;-1.33;301.32;1.07;859.08;149.49;48.32
03/23/2018 16:00;20.76;-1.52;297.73;0.78;858.4;143.07;48.41
03/23/2018 17:00;21.99;-3.41;310.7;0.67;857.86;174.92;51.52
03/23/2018 18:00;22.26;-4.75;339.18;0.38;857.32;180.82;53.34
03/23/2018 19:00;22.02;-5.33;359.73;0.27;857.25;188.61;56.73
03/23/2018 20:00;20.85;-6;110.86;0.43;857.39;178.05;55.91
03/23/2018 21:00;19.4;-6.2;116.78;0.63;857.71;156.43;51.48
03/23/2018 22:00;18.16;-6.57;110.26;0.25;858.22;158.06;49.77
03/23/2018 23:00;18.37;-7.4;107.7;0.51;858.47;172.62;50.37
03/24/2018 00:00;17.3;-6.68;321.92;0.19;858.51;177.16;53.66
03/24/2018 01:00;16.04;-6.27;351.75;0.03;858.74;179.21;55.24
03/24/2018 02:00;15.42;-6.1;342.94;0.18;858.75;163.14;52.95
03/24/2018 03:00;14.35;-5.25;308.28;0.19;858.79;160.62;52.99
03/24/2018 04:00;13.42;-4.53;344.2;0.03;858.55;166.62;53.02
03/24/2018 05:00;12.48;-3.75;109.22;0.15;857.93;153.02;51.42
03/24/2018 06:00;11.85;-3.63;77.18;0.06;857.52;159.91;51.66
03/24/2018 07:00;11.42;-3.56;124.86;0.03;857.4;169.53;53.6
03/24/2018 08:00;11.82;-3.51;135.75;0.04;857.17;199.91;60.51
03/24/2018 09:00;12.98;-3.54;100.18;0.08;856.98;198.52;63.9
03/24/2018 10:00;14.99;-4.08;78.8;0.08;857.19;191.63;61.59
03/24/2018 11:00;17.26;-4.34;345.42;0.11;856.85;198.19;61.87
03/24/2018 12:00;19.29;-5.55;314.72;0.28;856.91;192.19;59.92
03/24/2018 13:00;20.32;-6.45;86.29;0.18;856.51;202.66;59.11
03/24/2018 14:00;22.04;-6.92;111.61;0.87;856;231.25;58.39
03/24/2018 15:00;23.39;-6.07;113.86;1.08;855.18;251.07;59.29
03/24/2018 16:00;23.91;-5.05;101.17;0.63;854.65;471.9;76.65
03/24/2018 17:00;22.56;-0.75;329.79;0.98;854.75;738.53;123.69
03/24/2018 18:00;21.25;-0.41;3.83;0.44;854.72;400.68;78.95
03/24/2018 19:00;21.37;-3.93;111.62;1.53;854.78;456.64;73.59
03/24/2018 20:00;20.49;-3;111.86;1.35;855.48;395.39;65.57
03/24/2018 21:00;19.43;-1.75;111.18;1.06;855.22;387.07;58.23
03/24/2018 22:00;18.85;-2.87;110.58;0.57;855.27;184.29;46.24
03/24/2018 23:00;17.64;-0.08;322.02;0.28;855.19;158.38;53.84
03/25/2018 00:00;17.41;1.11;327.34;0.65;854.41;616.76;130.63
03/25/2018 01:00;17.74;0.57;317.85;0.56;853.73;1306.66;218.53
03/25/2018 02:00;17.62;0.08;317.46;0.64;853.95;1826.8;253.22
03/25/2018 03:00;17.56;-0.25;328.04;0.89;854.49;1305.97;176.46
03/25/2018 04:00;17.78;-0.85;101.28;0.63;854.16;1019.05;131.21
03/25/2018 05:00;17.07;0.8;328.86;0.5;854.6;494.01;95.37
03/25/2018 06:00;12.6;6.09;318.86;0.66;856.3;178.1;86.43
03/25/2018 07:00;10.68;7.55;55.5;0.26;856.94;149.95;99.05
03/25/2018 08:00;10.67;6.72;107.42;1.3;856.71;111.61;70.36
03/25/2018 09:00;11.72;5.45;106.18;1.18;856.25;51.69;33.13
03/25/2018 10:00;13.17;4.55;104.92;1.23;856.49;43.11;26.33
03/25/2018 11:00;14.82;5.05;108.07;1.32;857.11;89.18;51.54
03/25/2018 12:00;16.11;4.51;108.79;1.84;857.51;120.24;61.28
03/25/2018 13:00;16.72;4.05;107.39;1.87;857.96;111.83;57.76
03/25/2018 14:00;16.8;3.89;106.9;1.96;858.53;141.22;68.94
03/25/2018 15:00;17.36;3.7;110.65;1.55;858.57;172.82;76.1
03/25/2018 16:00;17.74;3.44;110.97;1.4;858.62;198.59;81.58
03/25/2018 17:00;17.64;1.87;110.79;1.45;858.52;234.36;86.92
03/25/2018 18:00;17.06;0.95;111.16;1.49;858.39;246.71;90.29
03/25/2018 19:00;16.69;-0.55;111.05;1.5;858.6;231.05;88.36
03/25/2018 20:00;15.92;-1.71;111.49;1.16;859.17;208.13;79.71
03/25/2018 21:00;14.79;0.56;111.13;1.06;859.68;234.63;92.23
03/25/2018 22:00;14.61;-0.47;110.85;0.8;860.26;264.88;96.64
03/25/2018 23:00;14.32;-0.54;109.8;0.97;860.92;259.86;98.52
03/26/2018 00:00;13.9;-0.6;108.64;0.59;861.56;228.93;87.32
03/26/2018 01:00;13.25;-1.34;82.48;0.21;861.91;238.1;86.53
03/26/2018 02:00;12.63;-1.09;2.74;0.11;862.06;263.37;93.29
03/26/2018 03:00;11.67;-0.05;334.57;0.28;862.1;232.68;93.81
03/26/2018 04:00;11.21;0.64;298.15;0.3;862.16;232.5;96.07
03/26/2018 05:00;10.55;1.32;296.45;0.1;862.14;306.01;102.97
03/26/2018 06:00;9.48;2.02;111.76;0.03;862.39;279.34;99.93
03/26/2018 07:00;9.15;1.92;191.18;0.02;862.76;289.09;101.78
03/26/2018 08:00;9.34;1.52;181.76;0.03;863.36;281.76;100.36
03/26/2018 09:00;10.07;0.55;173.48;0.01;863.76;250.98;89.43
03/26/2018 10:00;12.73;1.18;218.54;0.04;863.99;246.9;89.22
03/26/2018 11:00;13.8;0.95;311.16;0.34;864.18;242.81;86.7
03/26/2018 12:00;14.83;1.06;311.21;0.51;864.34;222.3;79.57
03/26/2018 13:00;16.28;1.78;315.66;0.39;863.86;219.92;79.37
03/26/2018 14:00;17.2;2.28;304.24;0.59;863.58;209.9;76.88
03/26/2018 15:00;18.66;1.48;308.63;0.86;863.19;190.18;66.98
03/26/2018 16:00;19.39;-4.07;308.08;0.9;862.69;148.25;46.69
03/26/2018 17:00;19.54;-9.65;312.03;0.82;862.61;84.56;24.69
03/26/2018 18:00;19.16;-9.19;335.61;0.48;862.47;74.12;21.96
03/26/2018 19:00;18.69;-8.74;328.76;0.56;862.24;72.85;22.61
03/26/2018 20:00;18.14;-7.36;339.7;0.22;862.24;76.01;23.33
03/26/2018 21:00;17.01;-6.59;28.49;0.12;862.57;80.69;23.61
03/26/2018 22:00;16.07;-6.63;359.71;0.19;862.99;67.88;19.96
03/26/2018 23:00;15.15;-6.35;90.11;0.26;863.3;62.21;19.5
03/27/2018 00:00;14.44;-5.75;102.25;0.36;863.29;57.82;18.67
03/27/2018 01:00;14.04;-5.34;344.93;0.06;863.33;58.86;18.66
03/27/2018 02:00;12.75;-3.64;323.2;0.2;863.26;71.47;24.86
03/27/2018 03:00;12.11;-3.15;274.31;0.28;863.11;67.57;24.07
03/27/2018 04:00;11.56;-2.97;293.98;0.14;862.98;68.06;23
03/27/2018 05:00;10.49;-2.3;102.29;0.05;862.89;69.39;24.47
03/27/2018 06:00;9.12;-2.05;117.04;0.05;862.85;62.88;24.35
03/27/2018 07:00;8.89;-2.2;184.4;0.06;862.78;67.4;27.22
03/27/2018 08:00;9.1;-2.86;198.67;0.07;862.81;64.63;24.53
03/27/2018 09:00;10.15;-4.34;205.2;0.04;863.01;60.17;20.24
03/27/2018 10:00;12.94;-4.04;335.49;0.09;863.14;74.03;24.65
03/27/2018 11:00;14.28;-3.15;301.26;0.44;863.25;88.16;29
03/27/2018 12:00;16.1;-3.63;305.98;0.32;863.03;83.59;26.56
03/27/2018 13:00;17.55;-3.25;301.68;0.56;862.37;81.79;26.48
03/27/2018 14:00;19.77;-4.12;308.45;0.65;861.52;63.91;19.67
03/27/2018 15:00;21.44;-6.48;309.65;0.6;860.65;50.49;12.26
03/27/2018 16:00;22.77;-8.08;341;0.4;859.78;88;14.35
03/27/2018 17:00;23;-8.03;336.06;0.57;859.18;59.42;13.64
03/27/2018 18:00;22.58;-8.23;33.32;0.36;858.76;62.87;14.39
03/27/2018 19:00;21.81;-7.83;32.69;0.3;858.68;83.1;18.8
03/27/2018 20:00;20.39;-6.57;60.15;0.29;858.85;87.38;24.37
03/27/2018 21:00;19.03;-4.99;19.15;0.23;859.26;110.92;34.2
03/27/2018 22:00;17.92;-3.55;87.47;0.26;859.95;155.71;47.18
03/27/2018 23:00;17.17;-2.61;115.46;0.82;860.13;176.5;56.57
03/28/2018 00:00;16.1;-1.16;26.95;0.19;860.55;233.46;74.1
03/28/2018 01:00;15.07;-0.29;5.78;0.44;860.6;236.67;78.18
03/28/2018 02:00;14.22;0.66;312.49;0.32;860.55;262.94;88.29
03/28/2018 03:00;13.38;0.92;3.61;0.35;860.5;304.03;106.59
03/28/2018 04:00;13.44;1.23;12.42;0.62;860.27;305.6;113.78
03/28/2018 05:00;13.12;0.86;323.37;0.18;860.12;347.57;119.75
03/28/2018 06:00;12.59;0.69;318.23;0.03;860.19;353.19;118.67
03/28/2018 07:00;12.59;0.51;5.03;0.19;860.41;334.34;115.36
03/28/2018 08:00;12.62;-0.33;318.68;0.23;860.68;363.47;112.29
03/28/2018 09:00;13.04;-0.49;298.89;0.34;861.27;345.75;109.8
03/28/2018 10:00;14.08;0.15;292.68;0.44;861.8;350.11;111.17
03/28/2018 11:00;15.67;0.36;294.96;0.46;862.15;370.04;113.82
03/28/2018 12:00;17.85;0.61;298.05;0.45;862.11;389.14;120.98
03/28/2018 13:00;20.24;0.49;309.99;0.5;861.74;383.79;117.44
03/28/2018 14:00;21.74;-2.07;313.91;0.47;861.31;306.18;89.91
03/28/2018 15:00;22.63;-4.41;321.06;0.53;860.72;233.77;69.99
03/28/2018 16:00;22.53;-3.93;306.05;0.72;860.61;247.34;71.76
03/28/2018 17:00;22.04;-3.72;304.76;0.73;860.32;233.32;69.52
03/28/2018 18:00;21.81;-4.4;96.95;0.32;860.3;224.92;65.04
03/28/2018 19:00;20.93;-3.52;101.26;0.52;860.49;231.64;69.17
03/28/2018 20:00;20.35;-3.48;98.35;0.42;860.74;216.14;64.65
03/28/2018 21:00;19.7;-2.93;102.06;0.39;861;217.13;67.01
03/28/2018 22:00;18.93;-1.74;102.31;0.34;861.28;230.66;70.97
03/28/2018 23:00;18.99;-1.06;107.07;0.48;861.52;258.86;75.65
03/29/2018 00:00;17.49;2.99;115.49;0.72;861.62;216.82;59.56
03/29/2018 01:00;15.23;6.31;107.17;0.14;861.63;95.52;43.78
03/29/2018 02:00;15.06;6.58;4.1;0.28;861.1;75.18;39.53
03/29/2018 03:00;15.38;5.84;32.73;0.08;860.44;68.67;35.3
03/29/2018 04:00;14.67;6.81;107.05;0.1;859.54;73.64;40.94
03/29/2018 05:00;14.83;6;186.87;0.05;858.77;54.52;29.69
03/29/2018 06:00;14.36;5.65;208.14;0.09;857.93;52.52;29.03
03/29/2018 07:00;14.16;5.45;198.35;0.1;857.64;53.9;29.28
03/29/2018 08:00;14.33;4.78;183.22;0.13;857.32;75.51;32.99
03/29/2018 09:00;15.12;4.42;175.48;0.06;857.41;80.43;33.1
03/29/2018 10:00;17.17;4.48;168.52;0.06;857.56;74.96;31.15
03/29/2018 11:00;19.42;3.66;334.35;0.33;857.56;95.79;35.39
03/29/2018 12:00;21.67;2.89;313.59;0.54;857.23;112.01;33.67
03/29/2018 13:00;24.66;0.47;105.37;0.87;857.06;354.37;39.42
03/29/2018 14:00;22.69;1.47;324.47;0.65;856.89;197.04;30.55
03/29/2018 15:00;21.14;2.92;317.97;0.65;856.52;95.69;23.99
03/29/2018 16:00;20.45;2.53;45.62;0.16;856.32;114.71;26.7
03/29/2018 17:00;21.82;2.94;330.66;0.46;855.61;179.5;39.3
03/29/2018 18:00;21.66;3.57;327.77;0.5;854.49;113.39;36.58
03/29/2018 19:00;21.27;2.57;111.65;0.66;854.46;139.9;36.07
03/29/2018 20:00;21.33;2.21;114.18;1.07;854.36;146.77;26.18
03/29/2018 21:00;20.14;3.25;117.43;0.89;854.07;87.83;22.94
03/29/2018 22:00;19.62;3.73;110.03;0.58;853.73;74.78;21.92
03/29/2018 23:00;19.29;3.78;99.51;0.3;853.58;63.78;25.61
03/30/2018 00:00;19;4.33;114.53;0.74;854.29;97.54;37.22
03/30/2018 01:00;17.83;4.79;118.14;1.07;853.97;105.77;47.31
03/30/2018 02:00;16.52;6.45;113.97;0.7;854.1;58.65;28.06
03/30/2018 03:00;14.83;8.12;336.15;0.23;853.76;28.19;19.32
03/30/2018 04:00;13.3;8.73;103.7;0.31;854.13;15.8;10.34
03/30/2018 05:00;10.98;9.56;321.89;0.34;854.3;9.82;8.68
03/30/2018 06:00;10.77;9.84;289.41;0.06;853.62;16.06;14.44
03/30/2018 07:00;10.81;9.95;132.22;0.02;853.46;15.07;13.49
03/30/2018 08:00;10.17;8.97;105.4;0.42;853.78;6.26;5.03
03/30/2018 09:00;10.46;8.28;87.12;0.14;852.68;8.8;6.11
03/30/2018 10:00;10.99;9.05;14.13;0.12;853.13;11.07;7.58
03/30/2018 11:00;11.87;8.85;315.32;0.13;853.39;32.51;19.19
03/30/2018 12:00;13.5;8.15;326.1;0.29;853.44;89.44;37.53
03/30/2018 13:00;16.05;5.49;103.71;0.45;852.98;192.6;70.92
03/30/2018 14:00;17.66;2.7;113.22;1.07;852.3;252.02;90.43
03/30/2018 15:00;16.99;2.45;113.89;0.86;852.01;249.04;92.34
03/30/2018 16:00;16.72;2.95;112.27;0.95;851.81;132.18;56.29
03/30/2018 17:00;15.44;2.91;116.15;1.28;852.26;99.09;44.98
03/30/2018 18:00;15.33;0.03;88.19;0.36;852.56;82.5;30.89
03/30/2018 19:00;14.49;-4.14;117.68;1.02;852.79;60.42;19.73
03/30/2018 20:00;13.14;-3.87;117.36;0.92;853.3;40.82;14.05
03/30/2018 21:00;11.95;-3.02;113.63;1;853.87;28.55;10.91
03/30/2018 22:00;11.41;-2.24;112.66;0.75;854.37;28.11;10.47
03/30/2018 23:00;10.81;-0.48;18.15;0.09;855.61;32.37;12.21
03/31/2018 00:00;9.14;2.52;341.95;0.6;856.66;24.63;9.95
03/31/2018 01:00;8.37;3.34;79.72;0.24;857.51;14.43;8.77
03/31/2018 02:00;7.88;2.78;112.3;0.74;857.78;6.72;4.85
03/31/2018 03:00;7.12;3.48;117.79;0.54;858;6.29;4.97
03/31/2018 04:00;7.15;3.91;317.74;0.1;858.14;8.94;7.69
03/31/2018 05:00;7.39;3.75;32.66;0.21;858.25;10;8.76
03/31/2018 06:00;7.26;3.22;291.63;0.05;858.72;9.23;7.43
03/31/2018 07:00;7.11;3.17;42.52;0.02;859.41;9.78;7.78
03/31/2018 08:00;7.67;3.03;353.72;0.18;860.26;16.82;9.22
03/31/2018 09:00;7.82;3.42;295.18;0.32;861.13;17.82;9.1
03/31/2018 10:00;8.47;2.95;271.97;0.26;861.72;14.24;5.41
03/31/2018 11:00;10.52;2.33;288.88;0.35;862.07;15.41;5.42
03/31/2018 12:00;11.25;1.94;305;0.29;862.26;18.29;7.41
03/31/2018 13:00;12.27;1.6;321.5;0.24;862.29;17.88;9.34
03/31/2018 14:00;13.88;0.97;298.02;0.09;861.96;17.49;8.83
03/31/2018 15:00;14.64;0.18;332.02;0.23;861.74;17.11;7.88
03/31/2018 16:00;14.05;1.23;310.55;0.51;861.54;20.11;9.72
03/31/2018 17:00;14.37;-0.97;301.26;0.6;861.55;12.83;6
03/31/2018 18:00;13.84;-1.4;302.41;0.5;861.69;15.45;6.16
03/31/2018 19:00;13.08;0.72;322.12;0.45;861.72;17.52;7.36
03/31/2018 20:00;11.92;2.13;174.09;0.35;862.15;14.67;6.52
03/31/2018 21:00;9.7;1.62;180.46;0.5;862.39;15.25;7.28
03/31/2018 22:00;8.64;1.01;170.06;0.71;862.83;9.9;5.25
03/31/2018 23:00;8.18;1.35;189.54;0.13;863.46;9.89;6.29
04/01/2018 00:00;7.78;0.79;187.65;0.28;863.73;8.75;6.05
04/01/2018 01:00;7.38;0.78;173;0.54;863.67;9.37;7.13
04/01/2018 02:00;7.05;0.88;176.73;0.6;863.41;10.3;7.83
04/01/2018 03:00;6.72;0.71;202.92;0.23;863.05;8.1;5.82
04/01/2018 04:00;6.14;0.7;206.71;0.25;863.05;5.47;4.95
04/01/2018 05:00;5.73;0.39;193.97;0.19;862.94;5.61;5.26
04/01/2018 06:00;5.49;0.14;181.82;0.14;862.79;6.17;5.78
04/01/2018 07:00;5.23;-0.04;200.26;0.17;862.93;8.15;7.17
04/01/2018 08:00;5.17;-0.35;185.15;0.15;862.89;11.54;8.06
04/01/2018 09:00;5.91;-0.11;183.88;0.22;863.08;10.45;8.05
04/01/2018 10:00;7.97;0.33;180.19;0.46;863.27;11.58;8.57
04/01/2018 11:00;9.56;0.72;178.27;0.47;863.33;11.76;8.16
04/01/2018 12:00;11.37;1.59;200.74;0.34;863.22;13.25;8.67
04/01/2018 13:00;13.1;1.53;175.22;0.41;862.78;11.49;7.51
04/01/2018 14:00;15.24;0.7;167.83;0.27;862.13;12.25;7.27
04/01/2018 15:00;16.03;0.25;202.91;0.09;861.42;14.14;8.2
04/01/2018 16:00;16.08;-0.09;150.5;0.12;860.72;11.7;6.81
04/01/2018 17:00;15.96;-1.4;185.25;0.07;860.2;10.25;5.42
04/01/2018 18:00;15.63;-2.49;117.4;0.11;859.99;9.24;5.16
04/01/2018 19:00;15.37;-2.19;138.58;0.03;859.68;11.23;5.87
04/01/2018 20:00;14.78;-0.71;208.33;0.13;859.68;8.91;4.58
04/01/2018 21:00;13.43;0.35;195.7;0.11;859.82;11.99;5.77
04/01/2018 22:00;12.04;0.33;195.91;0.11;860.34;12.08;6.65
04/01/2018 23:00;11.1;0.35;216.31;0.03;860.57;12.04;7.91
04/02/2018 00:00;10.21;0.61;186.55;0.13;860.55;12.13;8.3
04/02/2018 01:00;9.24;0.92;186.93;0.17;860.35;11.14;7.69
04/02/2018 02:00;8.64;0.57;183.17;0.19;860.1;9.43;7.12
04/02/2018 03:00;8.19;0.37;182.67;0.14;859.84;9.99;7.66
04/02/2018 04:00;7.74;0.5;168.07;0.17;859.35;9.91;8.27
04/02/2018 05:00;7.2;0.45;172.91;0.1;858.93;11.12;9.43
04/02/2018 06:00;6.87;0.3;187.48;0.08;858.7;11.42;9.54
04/02/2018 07:00;6.46;0.13;183.83;0.2;858.78;12.09;10.1
04/02/2018 08:00;6.5;0.14;188.35;0.13;858.95;16.58;11.75
04/02/2018 09:00;7.37;0.38;186.48;0.11;859.35;16.16;12.13
04/02/2018 10:00;10.33;0.55;167.12;0.05;859.63;16.13;11.45
04/02/2018 11:00;12.67;0.18;122.16;0.12;859.71;19.86;14.07
04/02/2018 12:00;13.7;0.41;316.26;0.34;859.64;30.77;20.91
04/02/2018 13:00;14.64;0.42;310.32;0.42;859.19;34.07;21.63
04/02/2018 14:00;15.81;0.44;301.41;0.58;858.75;30.91;18.9
04/02/2018 15:00;16.66;0.53;310.87;0.48;858.11;32.38;20.23
04/02/2018 16:00;17.04;0.23;306.47;0.63;857.46;32.57;20.17
04/02/2018 17:00;17.43;-0.81;297.26;0.77;857.13;30.25;16.39
04/02/2018 18:00;17.54;-2.62;333.62;0.27;856.88;25.15;12.29
04/02/2018 19:00;16.9;-2.09;337.38;0.32;856.69;25.61;13.19
04/02/2018 20:00;15.9;-1.01;306.81;0.26;856.62;31.64;15.94
04/02/2018 21:00;14.91;-0.47;300.42;0.12;856.66;37.43;22.06
04/02/2018 22:00;13.8;0.35;114.49;0.17;856.91;63.47;29.06
04/02/2018 23:00;12.45;0.97;110.4;0.08;857.04;51.81;28.45
04/03/2018 00:00;12.1;0.99;166.99;0.05;857.04;49.39;29.83
04/03/2018 01:00;11.65;1.16;134.05;0.04;857.3;52.33;32.12
04/03/2018 02:00;11.17;1.27;142.33;0.05;857.36;47.74;23.66
04/03/2018 03:00;11.84;0.74;33.69;0.04;857.51;23.45;13.01
04/03/2018 04:00;10.95;1.18;319.05;0;857.58;29.7;16.56
04/03/2018 05:00;10.66;1.47;100.67;0.01;857.78;32.09;16.42
04/03/2018 06:00;9.7;1.68;139.77;0.03;858.1;32.9;18.1
04/03/2018 07:00;9.11;1.58;156.78;0.04;858.51;40.2;20.84
04/03/2018 08:00;9.77;1.16;161.18;0.06;858.94;63.25;23.98
04/03/2018 09:00;11.14;0.62;157.42;0.24;859.36;44.39;20.13
04/03/2018 10:00;12.7;0.61;166.85;0.16;859.75;44.42;21.02
04/03/2018 11:00;14.98;0.83;157.76;0.18;859.97;34.57;17.54
04/03/2018 12:00;16.06;0.29;178.09;0.05;859.97;33.55;15.74
04/03/2018 13:00;17.21;0.19;117.68;0.23;859.65;37.17;17.09
04/03/2018 14:00;18.4;-0.15;265.58;0.09;859.14;43.93;18.61
04/03/2018 15:00;19.28;0.25;308.44;0.34;858.79;52.79;21.33
04/03/2018 16:00;19.8;-1.38;2.16;0.24;858.38;53.68;14.99
04/03/2018 17:00;19.69;-1.46;88.44;0.33;857.98;45.94;13.49
04/03/2018 18:00;19.51;-1.21;109.84;0.68;857.5;39.82;12.73
04/03/2018 19:00;19.27;-0.89;108.15;0.66;857.27;45.83;15.24
04/03/2018 20:00;18.42;-0.53;111.8;0.62;857.38;55.34;19.21
04/03/2018 21:00;17.39;0.23;108.33;0.45;857.56;45.79;17.22
04/03/2018 22:00;16.44;0.86;101.19;0.33;857.67;51.69;19.48
04/03/2018 23:00;15.98;1.37;103.89;0.28;857.52;57.63;23.23
04/04/2018 00:00;15.82;1.27;108.24;0.57;857.61;55.24;21.84
04/04/2018 01:00;15.14;2.33;110.54;0.58;857.99;60.04;20.99
04/04/2018 02:00;14.39;2.82;106.8;0.52;857.78;55.22;19.71
04/04/2018 03:00;13.59;3.53;105.5;0.33;857.67;28.17;15.37
04/04/2018 04:00;13.44;3.09;101.63;0.11;857.04;26.13;13.88
04/04/2018 05:00;13.57;2.5;49.3;0.14;856.78;25.72;10.28
04/04/2018 06:00;13.11;2.82;10.95;0.05;856.79;16.05;9.65
04/04/2018 07:00;12.82;2.94;345.17;0.35;856.94;28.17;12.12
04/04/2018 08:00;12.87;2.91;305.38;0.12;857.3;95.15;24.32
04/04/2018 09:00;11.8;2.89;342.52;0.75;858.09;66.64;15.52
04/04/2018 10:00;10;0.92;336.57;0.82;859.16;52.3;11.16
04/04/2018 11:00;10.62;0.46;337.55;0.67;860.16;52.12;12.1
04/04/2018 12:00;10.88;0.7;340.06;0.78;860.43;53.57;12.58
04/04/2018 13:00;11.78;0.67;348.13;0.72;860.46;42.46;13.34
04/04/2018 14:00;13.39;0.92;341.78;0.45;860.1;41.35;15.94
04/04/2018 15:00;15.64;0.31;304.97;0.32;859.65;44.23;14.54
04/04/2018 16:00;16.11;-1.5;305.69;0.56;859.51;45.59;13.38
04/04/2018 17:00;15.74;-4.29;328.13;0.6;859.44;39.89;8.78
04/04/2018 18:00;15.18;-5.69;335.82;0.34;859.36;23.67;6.76
04/04/2018 19:00;15.02;-7.12;331.78;0.46;859.33;27.81;6.9
04/04/2018 20:00;14.55;-6.07;354.48;0.44;859.47;23.31;7.01
04/04/2018 21:00;12.86;-3.21;4.26;0.79;859.81;29.98;7.54
04/04/2018 22:00;11.77;-6.28;356.68;0.2;860.82;15.68;5.56
04/04/2018 23:00;10.43;-5.66;186.33;0.18;861.36;13.88;4.64
04/05/2018 00:00;9.23;-3.8;180.45;0.14;861.58;13.37;5.34
04/05/2018 01:00;8.13;-2.33;192.89;0.14;861.73;11.39;6.77
04/05/2018 02:00;7.32;-1.69;189.15;0.24;861.77;16.92;9.07
04/05/2018 03:00;6.68;-1.19;224.05;0.12;861.58;15.65;8.72
04/05/2018 04:00;6.25;-1.12;209.84;0.14;861.21;12.51;8.34
04/05/2018 05:00;5.68;-1.17;194.99;0.11;861.01;11.29;8.48
04/05/2018 06:00;5.47;-1.18;203.46;0.1;860.98;11.16;9.01
04/05/2018 07:00;5.25;-1.42;195.37;0.15;860.98;14.75;9.42
04/05/2018 08:00;5.41;-1.51;217.4;0.1;861.28;27.4;11.57
04/05/2018 09:00;6.13;-1.48;202.08;0.16;861.74;19.59;10.51
04/05/2018 10:00;8.16;-1.35;185.66;0.25;861.81;38.43;11.14
04/05/2018 11:00;10.28;-1.13;190.3;0.28;861.61;30.74;13.23
04/05/2018 12:00;11.89;-1.3;179.03;0.45;860.97;24.73;11.56
04/05/2018 13:00;13.88;-1.23;187.57;0.27;860.23;26.81;12.48
04/05/2018 14:00;15.76;-2.33;187.72;0.1;859.44;22.19;9.84
04/05/2018 15:00;16.51;-3.71;325.85;0.31;858.74;29;10.64
04/05/2018 16:00;17.04;-2.59;302.92;0.48;858.18;41.81;15.88
04/05/2018 17:00;17.28;-2.43;314.13;0.4;857.76;42.41;16.52
04/05/2018 18:00;16.56;-2.1;307.65;0.39;857.39;40.67;16.24
04/05/2018 19:00;16.15;-2.88;311.51;0.27;857.22;37.5;14.36
04/05/2018 20:00;15.61;-3.23;306.14;0.18;857.16;37.04;14.14
04/05/2018 21:00;15;-3.31;4.32;0.16;857.37;40.97;16.1
04/05/2018 22:00;13.77;-1.93;100.8;0.13;857.99;58.51;19.84
04/05/2018 23:00;12.59;-0.77;110.06;0.13;858.3;32.02;13.39
04/06/2018 00:00;11.58;-0.28;225.92;0.16;858.24;24.44;13.81
04/06/2018 01:00;10.58;0.52;196.85;0.14;858.31;18.28;13.74
04/06/2018 02:00;10.18;0.64;195.24;0.09;858.36;17.77;13.95
04/06/2018 03:00;9.44;1;189.73;0.13;858.39;18.56;14.13
04/06/2018 04:00;9.15;1.2;182.23;0.14;858.55;18.89;14.42
04/06/2018 05:00;8.66;1.17;187.31;0.16;858.24;19.64;14.5
04/06/2018 06:00;8.28;1.01;184.13;0.1;858.03;18.18;13.94
04/06/2018 07:00;7.75;0.93;172.75;0.16;857.93;26.57;14.86
04/06/2018 08:00;7.55;0.86;182.96;0.25;858.44;23.25;14.74
04/06/2018 09:00;8.29;0.97;177.9;0.15;859.12;24.66;15.44
04/06/2018 10:00;10.27;1.07;174.27;0.27;859.53;32.31;15.71
04/06/2018 11:00;12.22;1.18;206.01;0.14;859.72;30.87;15.5
04/06/2018 12:00;14.33;1.16;181.91;0.14;859.57;27.14;14.71
04/06/2018 13:00;15.76;0.69;161.35;0.17;859.18;26.84;13.55
04/06/2018 14:00;17.34;0.1;293.39;0.22;858.63;33.55;14.99
04/06/2018 15:00;17.87;-0.91;335.4;0.41;858.25;41.63;17.86
04/06/2018 16:00;18.61;-1.12;302.29;0.36;858;39.55;16.69
04/06/2018 17:00;18.84;-1.52;307.6;0.41;857.59;34.7;14.06
04/06/2018 18:00;18.18;-4.27;296.67;0.41;857.49;26.84;10.52
04/06/2018 19:00;17.72;-5.45;307.32;0.31;857.57;24.03;9.34
04/06/2018 20:00;17.11;-4.94;359.87;0.18;857.64;24.26;9.59
04/06/2018 21:00;15.07;0.95;216.45;0.13;858.46;30.08;12.83
04/06/2018 22:00;13.06;1.81;188.3;0.18;859.46;27.83;14.67
04/06/2018 23:00;12.03;1.76;198.88;0.15;859.77;32.06;15.78
04/07/2018 00:00;11.23;1.66;192.26;0.39;859.76;32.94;16.34
04/07/2018 01:00;10.53;1.43;184.9;0.44;860.01;30.86;15.99
04/07/2018 02:00;10.15;1.03;179.18;0.55;860.24;27.88;15.2
04/07/2018 03:00;9.59;0.7;181.49;0.5;860.19;21.6;13.88
04/07/2018 04:00;9.05;0.41;188.6;0.15;860.09;19.79;13.36
04/07/2018 05:00;9.08;0.01;176.34;0.5;860.19;18.44;12.74
04/07/2018 06:00;8.52;0.02;176.3;0.25;860.53;17.38;12.93
04/07/2018 07:00;8.06;0.07;169.43;0.21;860.74;37.35;15.7
04/07/2018 08:00;7.98;0.09;168.33;0.25;861.26;30.07;16.06
04/07/2018 09:00;9.06;0.13;161.22;0.19;861.68;28.74;15.74
04/07/2018 10:00;11.78;0;192.75;0.17;861.72;36.09;15.36
04/07/2018 11:00;14.36;-0.29;167.85;0.22;861.9;36.85;13.69
04/07/2018 12:00;16.66;-2.08;182;0.52;861.77;24.88;8.8
04/07/2018 13:00;18.67;-1.7;186.68;0.26;861.39;31.09;9.98
04/07/2018 14:00;19.87;-5.43;154.61;0.3;860.99;28.58;7.54
04/07/2018 15:00;20.35;-6.65;346.3;0.13;860.59;20.11;6.28
04/07/2018 16:00;21.17;-7.35;51.46;0.18;860.01;25.75;7.43
04/07/2018 17:00;20.91;-8.82;302.49;0.39;859.65;35.37;8.39
04/07/2018 18:00;20.34;-7.97;314.73;0.31;859.52;29.96;8.93
04/07/2018 19:00;19.65;-5.49;146.41;0.22;859.64;43.42;9.96
04/07/2018 20:00;17.74;0.04;174.49;0.44;860.09;28.65;9.09
04/07/2018 21:00;16.02;0.32;177.17;0.33;860.85;24.97;9.36
04/07/2018 22:00;14.99;-1.05;177.98;0.2;861.6;25.24;8.74
04/07/2018 23:00;14.13;-1.62;222.13;0.11;861.84;26.94;8.72
04/08/2018 00:00;13.35;-2.17;178.86;0.33;861.79;26.17;8.59
04/08/2018 01:00;12.69;-2.69;178.27;0.34;861.63;15.42;7.71
04/08/2018 02:00;11.79;-2.61;183.31;0.4;861.58;17.28;8.75
04/08/2018 03:00;11.24;-2.23;180.28;0.28;861.32;16.43;9.71
04/08/2018 04:00;10.93;-1.84;186.48;0.12;861.17;15.53;10.84
04/08/2018 05:00;10.47;-1.01;195.55;0.14;861.22;17.15;12.92
04/08/2018 06:00;9.87;-0.89;171.63;0.2;861.25;17.1;13.29
04/08/2018 07:00;9.48;-1;178.82;0.16;861.34;23.42;14.91
04/08/2018 08:00;9.65;-0.64;166.17;0.23;861.55;36.53;19.86
04/08/2018 09:00;10.6;-0.61;172.83;0.15;861.97;43.7;21.34
04/08/2018 10:00;13.04;-0.81;170.89;0.22;862.15;40.16;17.26
04/08/2018 11:00;15.57;-1.32;189.14;0.16;862.28;38.09;15.34
04/08/2018 12:00;17.86;-1.66;185.12;0.23;862.24;33.39;11.12
04/08/2018 13:00;19.34;-2.23;169.11;0.1;861.89;28.04;8.22
04/08/2018 14:00;20.46;-3.58;141.69;0.21;861.46;20.47;6.2
04/08/2018 15:00;21.37;-5.07;13.52;0.04;861.04;19.69;6.15
04/08/2018 16:00;21.72;-5.73;107.26;0.46;860.51;26.1;7.07
04/08/2018 17:00;21.77;-4.26;100.39;0.19;860.06;26.79;7.02
04/08/2018 18:00;21.23;-3.26;34.3;0.09;859.91;33.03;9.15
04/08/2018 19:00;20.38;-2.72;342.91;0.13;860.07;32.13;8.97
04/08/2018 20:00;18.9;-1.7;169.43;0.53;860.45;27.92;8.08
04/08/2018 21:00;17.28;-1.28;178.7;0.2;861.21;24.6;9.38
04/08/2018 22:00;16.09;-2.05;179.13;0.13;862.11;26.51;9.32
04/08/2018 23:00;14.95;-3.17;192.42;0.15;862.4;26.46;9.19
04/09/2018 00:00;14.08;-2.2;221.7;0.15;862.43;29.43;9.65
04/09/2018 01:00;13.06;0.34;187.24;0.19;862.6;27.72;11.94
04/09/2018 02:00;12.35;1.1;182.9;0.11;862.83;20.13;11.91
04/09/2018 03:00;11.68;1.18;198.56;0.19;862.85;18.51;12.56
04/09/2018 04:00;11.07;1.8;188.48;0.13;862.69;18.85;13
04/09/2018 05:00;10.38;1.41;171.36;0.28;862.67;23.93;12.96
04/09/2018 06:00;9.87;-0.04;183.55;0.12;862.95;31.93;12.48
04/09/2018 07:00;9.14;-0.94;169.35;0.4;863.29;77.83;17.52
04/09/2018 08:00;8.93;-1.45;170.08;0.2;863.74;36.37;13.56
04/09/2018 09:00;9.54;-1.7;195.65;0.24;864.1;37.01;13.51
04/09/2018 10:00;11.33;-1.37;176.76;0.45;864.41;50.95;14.61
04/09/2018 11:00;14;-1.99;164.51;0.76;864.69;50.07;12.65
04/09/2018 12:00;15.78;-4.64;167.21;0.75;864.7;41.54;9.97
04/09/2018 13:00;17.52;-8.07;176.74;0.63;864.36;42.17;8.33
04/09/2018 14:00;19;-8.75;185.56;0.53;864.02;36.8;7.41
04/09/2018 15:00;19.98;-6.63;172.94;0.55;863.8;32.07;7.59
04/09/2018 16:00;20.41;-5.65;198.72;0.41;863.48;27.78;6.51
04/09/2018 17:00;20.43;-5.14;191.94;0.34;863.1;27.4;6.79
04/09/2018 18:00;19.33;-4.88;244.09;0.33;862.85;41.42;8.66
04/09/2018 19:00;18.22;-4.07;200.21;0.4;862.92;30.94;8.17
04/09/2018 20:00;16.89;-2.19;174.69;0.79;863.04;36.43;10.09
04/09/2018 21:00;14.96;-0.33;175.74;0.79;863.46;54.89;14.79
04/09/2018 22:00;13.73;0.53;198.64;0.36;863.96;61.84;15.57
04/09/2018 23:00;12.51;1.22;199.64;0.28;864.43;44.4;15.1
04/10/2018 00:00;11.66;1.7;192.3;0.59;864.24;51.5;16.08
04/10/2018 01:00;10.86;1.86;179.53;0.72;864.17;57.62;16.5
04/10/2018 02:00;10.33;-0.77;197.56;0.44;864.09;53.16;13.9
04/10/2018 03:00;9.35;0.23;186.13;0.74;863.57;58.3;16.2
04/10/2018 04:00;8.78;-0.82;166.63;1.27;863.04;61.43;14.34
04/10/2018 05:00;8.13;-2.73;168.37;1.07;863;28.43;10.37
04/10/2018 06:00;7.81;-4.11;196.7;0.27;863.51;18.27;9.02
04/10/2018 07:00;7.49;-2.88;185.29;0.16;863.88;20.25;11.24
04/10/2018 08:00;7.44;-2.78;158.72;0.98;863.9;24.87;12.5
04/10/2018 09:00;8.55;-3.23;167.9;0.61;863.78;45.44;15.08
04/10/2018 10:00;10.59;-3.87;161.21;1.18;863.66;40.18;12.36
04/10/2018 11:00;12.93;-4.53;165.11;1.04;863.55;32.51;11.14
04/10/2018 12:00;15.63;-5.83;160.59;1.06;863.11;34.1;10.77
04/10/2018 13:00;18.4;-5.6;172.39;0.69;862.36;54.66;13.14
04/10/2018 14:00;19.63;-3.91;197.31;0.52;861.66;47.56;13.54
04/10/2018 15:00;21.28;-0.02;197.49;0.35;861.29;66.19;17.22
04/10/2018 16:00;21.47;0.54;189.63;0.42;860.61;50.42;14.52
04/10/2018 17:00;21.51;1.03;186.51;0.32;859.93;44.5;13.61
04/10/2018 18:00;20.62;1.69;218.46;0.16;859.73;47.97;14.49
04/10/2018 19:00;19.61;1.92;194.14;0.35;859.58;40.85;13.97
04/10/2018 20:00;18.19;1.77;179.64;0.61;859.72;28.77;11.2
04/10/2018 21:00;17.01;1.23;170.91;0.65;860.18;29.32;11.95
04/10/2018 22:00;16.8;0.76;225.29;0.17;861.27;31.98;13.4
04/10/2018 23:00;15.81;2.49;177.51;0.26;861.33;30.73;12.87
04/11/2018 00:00;15.38;1.01;170.02;0.54;860.65;24.19;11.75
04/11/2018 01:00;14.88;0.86;176.02;0.48;860.21;24.96;12.32
04/11/2018 02:00;14.65;0.69;170.58;0.59;859.94;21.93;12.18
04/11/2018 03:00;14.79;0.24;167.54;0.53;859.74;22.65;11.91
04/11/2018 04:00;14.49;0.01;166.42;0.6;859.25;23.28;11.98
04/11/2018 05:00;14.38;0.22;177.77;0.38;858.99;28.48;13.02
04/11/2018 06:00;13.89;2.25;174.5;0.25;859.13;29.4;14.45
04/11/2018 07:00;13.84;1.16;179.48;0.33;858.93;62.79;19.41
04/11/2018 08:00;14.25;-0.39;165.81;0.64;859.2;37.81;14.55
04/11/2018 09:00;15.04;-1.23;162.78;0.63;859.57;47.33;15.64
04/11/2018 10:00;15.83;-1.2;169.78;0.41;859.76;51.88;16.74
04/11/2018 11:00;16.82;-0.6;141.09;0.24;860.04;60.39;18.22
04/11/2018 12:00;17.74;2.8;30.09;0.09;860.15;63.58;24.71
04/11/2018 13:00;17.85;2.9;332;0.04;859.9;61.3;24.24
04/11/2018 14:00;17.74;3.92;69.39;0.14;859.62;56.23;22.22
04/11/2018 15:00;19.07;3.17;263.65;0.06;858.94;49.47;20.59
04/11/2018 16:00;20.45;2.56;330.49;0.13;858.17;52.42;20
04/11/2018 17:00;18.58;5.46;16.42;0.13;858.46;74.36;26.9
04/11/2018 18:00;16.83;6.91;31.96;0.12;858.35;49.62;25.85
04/11/2018 19:00;18.11;5.05;353.29;0.11;858.37;62.92;23.4
04/11/2018 20:00;18;4.45;351.13;0.24;858.45;63.54;23.05
04/11/2018 21:00;17.13;5.08;133.31;0.05;858.76;49.22;21.57
04/11/2018 22:00;16.87;5.11;137.1;0.11;859.45;42.26;19.27
04/11/2018 23:00;16.15;4.34;176.76;0.06;859.37;53.6;22.96
04/12/2018 00:00;15.31;4.2;187.28;0.05;859.4;52.79;22.61
04/12/2018 01:00;14.61;4.21;219.63;0.03;859.33;36.39;18.02
04/12/2018 02:00;13.77;4.53;253.54;0.06;859.57;44.52;20.32
04/12/2018 03:00;13.2;4.38;322.34;0.09;859.49;40.02;19.59
04/12/2018 04:00;12.78;4.38;194.68;0.01;858.89;36.79;19.48
04/12/2018 05:00;12.74;4.03;176.08;0.12;858.26;36.4;19.14
04/12/2018 06:00;12.45;3.85;174.37;0.09;858.05;34.22;17.92
04/12/2018 07:00;12.51;4.29;159.91;0.06;858.14;59.83;19.37
04/12/2018 08:00;12.45;4.57;130.65;0.08;858.31;58.83;21.95
04/12/2018 09:00;13.31;4.49;169.21;0.1;858.47;47.81;19.03
04/12/2018 10:00;14.25;4.63;149.46;0.04;858.68;42.53;16.64
04/12/2018 11:00;15.42;4.68;160.02;0.17;858.46;41.37;17.28
04/12/2018 12:00;15.69;4.65;155.28;0.34;858.48;35.68;15.57
04/12/2018 13:00;17.19;4.44;145.51;0.17;858.2;42.85;16.86
04/12/2018 14:00;18.97;3.87;329.68;0.08;857.63;58.35;19.6
04/12/2018 15:00;19.54;2.48;319.35;0.28;856.96;57.21;18.48
04/12/2018 16:00;18.77;3.71;338.26;0.2;856.5;55.59;18.27
04/12/2018 17:00;15.2;8.05;119.48;0.23;856.79;29.68;14.23
04/12/2018 18:00;15.12;7.02;188.12;0.28;856.62;35.03;16.83
04/12/2018 19:00;14.82;6.23;192.19;0.4;856.22;23.83;10.62
04/12/2018 20:00;14.51;6.46;179.79;0.43;856.09;20.24;10.32
04/12/2018 21:00;14.68;5.32;181.23;0.44;856.12;22.98;11.54
04/12/2018 22:00;14.4;5.92;175.07;0.59;856.36;24.01;11.95
04/12/2018 23:00;14.3;6;181.61;0.42;856.58;18.62;10.08
04/13/2018 00:00;14.2;5.74;221.63;0.11;856.28;18.48;10.39
04/13/2018 01:00;13.86;5.88;192.04;0.2;856.28;14.93;8.91
04/13/2018 02:00;13.68;5.46;198.85;0.2;856.03;12.81;7.95
04/13/2018 03:00;13.56;5.38;183.11;0.3;855.86;12.86;8.36
04/13/2018 04:00;13.15;5.75;185.51;0.3;855.67;12.96;8.69
04/13/2018 05:00;12.66;5.83;174.37;0.47;855.16;14.83;9.58
04/13/2018 06:00;12.58;5.58;179.56;0.39;855.06;19.64;11.61
04/13/2018 07:00;12.66;5.31;190.43;0.13;855.26;22.49;13.82
04/13/2018 08:00;12.53;4.12;187.34;0.27;855.65;24.18;13.85
04/13/2018 09:00;12.35;4.11;215.58;0.25;856.1;23.76;11.53
04/13/2018 10:00;11.93;4.8;184.28;0.44;856.69;19.95;10.97
04/13/2018 11:00;11.59;6.01;173.95;0.62;857.1;18.22;11.21
04/13/2018 12:00;11.41;7.18;184.18;0.49;857.32;17.14;12.34
04/13/2018 13:00;13.22;6.5;179.16;0.44;857.09;16.74;7.33
04/13/2018 14:00;15.37;5.32;183.58;0.48;856.59;13.94;5.61
04/13/2018 15:00;16.65;5.5;193.49;0.42;856.1;18.34;8.46
04/13/2018 16:00;17.21;5.4;192.45;0.35;855.61;15.46;8.25
04/13/2018 17:00;16.96;4.87;192.54;0.35;855.34;16.08;8.99
04/13/2018 18:00;16.31;4.25;206.77;0.29;855.29;16.16;9.62
04/13/2018 19:00;15.63;3.95;183;0.33;855.49;17.11;10.38
04/13/2018 20:00;15.24;3.85;217.53;0.15;855.8;17.45;10.9
04/13/2018 21:00;13.6;5.48;166.67;0.09;856.5;19.86;11.44
04/13/2018 22:00;13.18;4.81;213.25;0.04;856.91;21.25;11.74
04/13/2018 23:00;12.82;4.92;227.14;0.06;857.05;29.17;17.83
04/14/2018 00:00;12.46;4.04;185.55;0.28;857.07;17.08;11.4
04/14/2018 01:00;11.97;3.89;191.34;0.19;856.79;17.28;11.41
04/14/2018 02:00;11.73;3.8;184.02;0.09;856.58;15.42;10.78
04/14/2018 03:00;11.44;4.33;176.67;0.03;856.4;12.83;9.46
04/14/2018 04:00;11.13;4.13;194.79;0.06;856.36;11.79;8.51
04/14/2018 05:00;11.04;4.29;108.77;0.09;856.29;13.35;9.79
04/14/2018 06:00;10.93;5.33;252.53;0.06;856.4;24.13;19.73
04/14/2018 07:00;10.44;6.42;293.35;0.24;856.57;23.59;20.57
04/14/2018 08:00;9.28;6.82;4.76;0.27;856.68;18.31;16.14
04/14/2018 09:00;9.36;7.43;99.91;0;856.68;14.25;12.97
04/14/2018 10:00;9.91;7.26;91.57;0.04;857.08;17.27;15.32
04/14/2018 11:00;10.23;7.4;345.11;0.13;857.39;18.49;15.35
04/14/2018 12:00;10.9;7.26;330.79;0.16;857.53;14.53;11.41
04/14/2018 13:00;12.36;7.16;310.73;0.1;857.37;24.93;14.21
04/14/2018 14:00;14.56;6.63;100.05;0.23;856.79;29.71;18.03
04/14/2018 15:00;15.95;5.55;141.92;0.19;856.28;24.17;13.87
04/14/2018 16:00;15.72;4.63;323.96;0.21;856.02;23.44;12.25
04/14/2018 17:00;15.24;4.73;187.73;0.22;856.05;19.59;10.34
04/14/2018 18:00;13.45;5.12;181.44;0.28;856.45;14.07;8
04/14/2018 19:00;12.93;4.12;176.94;0.27;856.49;13.18;6.85
04/14/2018 20:00;12.45;4.39;217.82;0.16;856.74;13.15;6.65
04/14/2018 21:00;10.77;5.21;194.14;0.28;857.43;11.59;8.12
04/14/2018 22:00;9.37;4.89;189.84;0.13;858.14;12.01;9.74
04/14/2018 23:00;9.12;4.04;183.45;0.13;858.43;16.32;10.26
04/15/2018 00:00;8.92;3.64;176.61;0.23;858.11;13.93;9.59
04/15/2018 01:00;8.74;3.18;217.05;0.2;858.07;11.22;8.26
04/15/2018 02:00;8.39;3.17;198.6;0.15;857.93;11.29;9.61
04/15/2018 03:00;7.95;3.3;180.15;0.06;857.58;14.84;13.24
04/15/2018 04:00;7.6;3.29;186.62;0.11;857.16;18.69;17.79
04/15/2018 05:00;7.32;3.15;272.19;0.08;857.11;20.32;19.46
04/15/2018 06:00;7.28;4.67;0.22;0.09;857.47;14.39;12.85
04/15/2018 07:00;6.7;4.72;193.33;0.07;857.48;16.93;16.13
04/15/2018 08:00;6.76;4.36;185.02;0.13;857.77;20.54;19.47
04/15/2018 09:00;7.87;4.26;169.75;0.31;857.97;19.08;15.78
04/15/2018 10:00;10.28;4.89;183.57;0.12;858.28;32.99;18.04
04/15/2018 11:00;10.14;4.92;174.9;0.18;858.61;23.46;14.98
04/15/2018 12:00;10.29;5.3;183.46;0.07;858.67;17.52;13.15
04/15/2018 13:00;12.17;3.69;138.51;0.07;858.53;24.84;11.57
04/15/2018 14:00;11.71;2.6;353.56;0.24;858.28;35.23;14.35
04/15/2018 15:00;12.51;3.11;8.68;0.3;857.98;20.96;11.07
04/15/2018 16:00;13.94;1.56;83.09;0.21;857.28;20.7;11.3
04/15/2018 17:00;14.24;2.2;148.85;0.12;856.89;23.34;12.07
04/15/2018 18:00;12.27;3.42;169.92;0.67;856.83;19.32;9.43
04/15/2018 19:00;10.32;2.33;169.78;0.91;857.09;16.71;9.41
04/15/2018 20:00;9.2;0.89;173.78;0.72;857.56;18.24;10.05
04/15/2018 21:00;7.86;0.43;172.56;0.91;858.12;18.94;9.94
04/15/2018 22:00;6.79;-0.06;173.31;0.96;859.02;19.93;10
04/15/2018 23:00;5.86;-0.54;190.71;0.58;860;17.79;9.69
04/16/2018 00:00;5.17;-0.67;176.68;0.63;860.54;12.74;7.61
04/16/2018 01:00;4.51;-1.4;191.64;0.54;861.01;8.49;6.01
04/16/2018 02:00;4.32;-1.9;183.74;0.68;861;18.36;8.23
04/16/2018 03:00;4;-2.83;182.25;0.56;861.01;10.73;7.52
04/16/2018 04:00;3.66;-3.37;188.37;0.47;861.06;8.11;6.3
04/16/2018 05:00;3.35;-2.63;184.63;0.33;861.07;8.56;8.23
04/16/2018 06:00;3.1;-2.67;219.38;0.19;861.18;8.46;7.91
04/16/2018 07:00;2.6;-3.11;252.55;0.18;861.82;14.77;9.4
04/16/2018 08:00;2.84;-3.27;183.39;0.18;862.66;17.5;11.36
04/16/2018 09:00;4.02;-3.3;211.47;0.1;863.43;18.18;10.7
04/16/2018 10:00;5.87;-4;181.61;0.22;863.95;15.88;7.91
04/16/2018 11:00;7.59;-4.56;179.78;0.54;864.18;13.43;7.26
04/16/2018 12:00;8.83;-5.28;180.4;0.4;864.21;15.07;6.04
04/16/2018 13:00;9.65;-5.75;180.91;0.46;863.95;9.91;4.37
04/16/2018 14:00;10.49;-6.24;196.11;0.38;863.64;14.26;5.45
04/16/2018 15:00;11.07;-7.27;170.39;0.54;863.24;11.32;5.18
04/16/2018 16:00;11.51;-7.25;176.56;0.4;862.9;11.99;4.79
04/16/2018 17:00;11.7;-6.98;191.09;0.35;862.42;11.98;4.99
04/16/2018 18:00;10.8;-6.75;184.37;0.46;862.1;12.48;5.3
04/16/2018 19:00;9.69;-6.41;173.2;0.61;862.1;12.75;5.1
04/16/2018 20:00;8.63;-5.85;189.52;0.37;862.08;11.69;5.48
04/16/2018 21:00;7.35;-5.78;178.86;0.53;862.2;12.39;5.47
04/16/2018 22:00;6.38;-5.61;195.77;0.36;862.9;13.6;6.27
04/16/2018 23:00;5.7;-5.54;208.23;0.15;863.32;11.07;6
04/17/2018 00:00;4.93;-5.42;167.59;0.11;863.27;8.56;5.78
04/17/2018 01:00;4.63;-5.4;184.38;0.32;863.37;7.49;5.49
04/17/2018 02:00;4.03;-5.07;173.53;0.57;863.23;7.02;5.57
04/17/2018 03:00;3.53;-4.96;184.14;0.09;862.76;8.02;5.85
04/17/2018 04:00;2.93;-4.92;193.73;0.21;862.43;8.68;6.19
04/17/2018 05:00;2.73;-5.13;193.13;0.18;862.2;7.97;6.45
04/17/2018 06:00;2.26;-4.98;193.48;0.07;862.3;10.14;7.74
04/17/2018 07:00;1.62;-5.06;160.86;0.16;862.36;30.37;12.4
04/17/2018 08:00;1.93;-5.02;165.59;0.18;862.6;23.41;13.7
04/17/2018 09:00;3.35;-4.91;159.92;0.15;862.98;23.51;13.52
04/17/2018 10:00;5.48;-4.96;159.89;0.09;863.33;25.7;12.69
04/17/2018 11:00;8.45;-5.28;161.25;0.23;863.54;23.75;12.12
04/17/2018 12:00;10.62;-5.77;169.7;0.21;863.27;25.43;12.21
04/17/2018 13:00;11.77;-6.72;340.86;0.09;862.79;18.08;8.74
04/17/2018 14:00;13.43;-7.5;333.5;0.14;862.2;29.26;11.68
04/17/2018 15:00;14.86;-9.13;143.86;0.07;861.71;35.82;13.84
04/17/2018 16:00;15.35;-7.96;22.16;0.06;861.29;47.36;22.02
04/17/2018 17:00;15.79;-6.89;347.89;0.21;860.79;49.34;25.58
04/17/2018 18:00;15.56;-7.03;306.06;0.19;860.53;39.94;20.53
04/17/2018 19:00;15.37;-6.99;314.44;0.33;860.58;33.07;15.2
04/17/2018 20:00;14.56;-7.43;303.16;0.24;860.64;29.76;13.72
04/17/2018 21:00;14.04;-6.93;60.55;0.07;861.28;52.33;16.79
04/17/2018 22:00;12.96;-4.66;102.35;0.27;862.08;26.59;11.23
04/17/2018 23:00;11.74;-2.7;103.29;0.51;862.53;42.17;12.83
04/18/2018 00:00;10.67;-2.22;113.58;0.14;862.72;24.51;12.05
04/18/2018 01:00;10.17;-2.3;153.81;0.09;862.68;37.75;21.94
04/18/2018 02:00;9.72;-3.51;205.93;0.14;862.9;16.01;9.43
04/18/2018 03:00;8.43;-4.87;198.66;0.07;862.95;12.92;6.92
04/18/2018 04:00;7.89;-4.56;173.55;0.1;862.82;11.21;6.89
04/18/2018 05:00;7.49;-4.03;166.19;0.21;863.08;11.57;7.75
04/18/2018 06:00;7.03;-3.71;172.6;0.19;863.35;12.45;8.36
04/18/2018 07:00;6.65;-3.31;167.97;0.25;863.38;17.46;11.19
04/18/2018 08:00;7.11;-3.24;171.95;0.16;863.75;48.55;17.81
04/18/2018 09:00;8.31;-3.02;157.09;0.09;864.19;27.9;14.45
04/18/2018 10:00;10.24;-3.13;176.08;0.22;864.44;36.6;15.83
04/18/2018 11:00;13.29;-2.53;148.83;0.15;864.71;35.69;16.96
04/18/2018 12:00;14.72;-2.37;112.36;0.15;864.72;37.49;20.22
04/18/2018 13:00;16.4;-2.04;316.55;0.17;864.26;47.48;23.61
04/18/2018 14:00;17.26;-2.26;314.14;0.38;863.81;42.46;18.78
04/18/2018 15:00;18.32;-2.77;340.58;0.23;863.64;34.8;15
04/18/2018 16:00;18.37;-3.54;309.82;0.29;863.31;33.93;12.87
04/18/2018 17:00;19.04;-5.03;342.42;0.22;862.93;33.49;11.59
04/18/2018 18:00;18.67;-6.21;310.15;0.24;862.88;33.45;11.14
04/18/2018 19:00;17.98;-6.79;328.94;0.31;862.92;27.41;10.65
04/18/2018 20:00;17.14;-7.32;314.26;0.15;862.86;31.47;12.38
04/18/2018 21:00;16.24;-8.64;339.3;0.04;863.12;38.43;13.92
04/18/2018 22:00;14.72;-1.88;169.26;0.31;863.58;24.51;9.53
04/18/2018 23:00;13.77;-1.27;162.58;0.4;863.88;20.08;9.27
04/19/2018 00:00;13.05;-1.22;169.78;0.14;863.91;24.19;11.16
04/19/2018 01:00;12.22;-1.4;158.11;0.18;863.71;26.74;13.18
04/19/2018 02:00;11.56;-2;168.89;0.18;863.48;23.26;12.22
04/19/2018 03:00;11.02;-1.93;186.7;0.12;862.91;19.05;10.75
04/19/2018 04:00;10.24;-1.45;173.41;0.1;862.43;14.22;9.52
04/19/2018 05:00;9.65;-1.32;171.77;0.09;862.11;13.26;9.34
04/19/2018 06:00;9.51;-1.64;183.27;0.18;861.86;14.56;10.17
04/19/2018 07:00;9.19;-1.76;202.74;0.06;861.68;49.69;17.49
04/19/2018 08:00;9.48;-1.42;290.63;0.01;861.55;31.74;16.75
04/19/2018 09:00;10.09;-0.87;189.89;0.05;861.49;33.78;18.06
04/19/2018 10:00;12.67;-0.66;162.13;0.07;861.39;41.79;19.66
04/19/2018 11:00;15.51;-1.51;332.33;0.14;861.21;48.34;21.48
04/19/2018 12:00;17.19;-0.09;306.55;0.39;860.79;61.29;28.45
04/19/2018 13:00;18.91;1.48;335.79;0.24;860.04;58.01;26.42
04/19/2018 14:00;20.76;0.82;343.04;0.29;859.08;52.79;18.34
04/19/2018 15:00;22.51;-0.73;12.17;0.22;858.19;59.6;13.55
04/19/2018 16:00;23.04;-2.61;336.92;0.39;857.34;46.08;10.54
04/19/2018 17:00;23.46;-3.18;16.95;0.35;856.44;60.72;12.41
04/19/2018 18:00;22.91;-3.62;43.53;0.29;855.79;71.78;13.16
04/19/2018 19:00;22.07;-3.98;81.22;0.47;855.23;44.11;11.33
04/19/2018 20:00;21.27;-1.58;100.94;0.58;854.65;62.86;18.17
04/19/2018 21:00;19.75;0.89;90.25;0.45;854.61;58.4;15.6
04/19/2018 22:00;18.85;1.85;99.97;0.49;854.77;57.56;16.99
04/19/2018 23:00;17.76;2.67;107;0.72;855.01;56.7;16.2
04/20/2018 00:00;14.75;5.78;102.23;0.55;855.45;28.15;13.69
04/20/2018 06:00;10.8;3.83;101.33;0.02;853.82;63.75;16.63
04/20/2018 07:00;10.24;3.96;181.99;0.02;853.67;57.86;16.46
04/20/2018 08:00;11.1;3.87;223.93;0.04;853.74;104.87;25.17
04/20/2018 09:00;12.24;3.64;213.61;0;853.7;53.58;18.31
04/20/2018 10:00;14.7;3.08;220.08;0.05;853.33;52.27;17.1
04/20/2018 11:00;17.41;1.74;310.28;0.3;852.92;62.55;19.52
04/20/2018 12:00;19.68;-3.71;108.86;1.08;852.65;113.16;21.55
04/20/2018 13:00;20.63;-3.72;107.23;0.94;852.47;93.74;19.22
04/20/2018 14:00;20.33;-3.31;106.75;0.93;851.95;85.6;18.09
04/20/2018 15:00;20.85;-3.49;107.82;1.17;851.55;87.63;18.78
04/20/2018 16:00;21.21;-2.94;105.89;0.78;850.87;87.19;18.65
04/20/2018 17:00;21.19;-3.04;108.58;1.02;850.29;83.97;19.69
04/20/2018 18:00;20.76;-3.16;90;0.48;849.85;94.95;23.8
04/20/2018 19:00;20.02;-2.67;5.17;0.4;849.59;72.35;23.08
04/20/2018 20:00;19.28;-2.38;345.11;0.25;849.02;76.35;25.02
04/20/2018 21:00;18.74;-1.75;356.96;0.06;848.67;81.09;26.6
04/20/2018 22:00;17.95;-1.17;82.39;0.05;848.43;82.45;27.72
04/20/2018 23:00;17.34;0.39;114.54;0.03;848.08;106.98;38.46
04/21/2018 00:00;17.08;-0.2;115.7;0.01;847.71;99.5;34.34
04/21/2018 01:00;18.44;-1.83;108;1.02;847.72;103.43;26.69
04/21/2018 02:00;17.55;-0.01;92.19;0.39;848.39;86.52;25.95
04/21/2018 03:00;16.55;-0.34;112.1;0.79;848.69;75.36;26.63
04/21/2018 04:00;15.7;-1.13;110.15;0.85;848.59;129.88;39.19
04/21/2018 05:00;15.31;-1.59;109.71;1;848.3;219.88;60.7
04/21/2018 06:00;14.82;-1.93;108.81;0.91;848.33;168.4;48.22
04/21/2018 07:00;14.44;-1.42;107.77;0.81;848.61;149.99;46.39
04/21/2018 08:00;14.68;-0.31;102.81;0.77;848.87;113.71;40.52
04/21/2018 09:00;14.78;0.36;98.74;0.94;849.22;135.02;47.1
04/21/2018 10:00;15.26;1.02;323.62;0.12;849.36;173.9;56.68
04/21/2018 11:00;16.17;1.14;331.82;0.18;849.51;222.81;69.79
04/21/2018 12:00;18.61;-0.58;69.86;0.36;849.57;427.44;112.48
04/21/2018 13:00;19.3;-1.13;63.46;0.37;849.31;478.23;122.34
04/21/2018 14:00;19.35;-1.33;95.43;0.94;848.79;411.7;103.48
04/21/2018 15:00;17.98;0.46;105.52;1.22;848.68;350.82;100.15
04/21/2018 16:00;19.32;-0.03;96.1;0.58;848.27;628.66;167.31
04/21/2018 17:00;14.76;2.6;351.12;0.56;848.93;324.33;72.94
04/21/2018 18:00;12.05;3.71;325.52;0.53;849.58;107.59;30.43
04/21/2018 19:00;10.85;2.39;331.13;0.56;850.61;71;19.64
04/21/2018 20:00;8.13;1.46;318.81;0.42;851.95;25.44;7.13
04/21/2018 21:00;7.25;1.53;295.72;0.44;852.55;15.52;5.79
04/21/2018 22:00;6.5;3.23;285.85;0.37;853.24;5.76;4.18
04/21/2018 23:00;5.38;3.51;304.82;0.33;854.18;6.57;5.05
04/22/2018 00:00;4.52;3.03;268.13;0.25;854.58;3.13;2.69
04/22/2018 01:00;3.84;2.51;85.94;0.01;855.06;4.32;4.04
04/22/2018 02:00;3.78;2.5;102.96;0.05;855.24;8.15;8.03
04/22/2018 03:00;4.15;2.92;184.39;0.06;854.89;5.45;5.35
04/22/2018 04:00;4.33;3.07;102.99;0.01;854.99;3.27;3.16
04/22/2018 05:00;3.89;2.63;143.99;0.03;855.11;4.65;4.54
04/22/2018 06:00;3.68;2.5;268.1;0.08;854.82;3.48;3.41
04/22/2018 07:00;4.09;2.67;209.18;0.1;854.95;1.43;1.37
04/22/2018 08:00;4.58;2.68;238.72;0.09;855.13;2.42;2.27
04/22/2018 09:00;5.44;2.91;206.35;0.12;855.12;4.32;3.37
04/22/2018 10:00;5.8;3.3;172.06;0.09;855.19;8.62;6.14
04/22/2018 11:00;5.82;3.87;216.5;0.13;855.21;6.95;5.46
04/22/2018 12:00;7.58;5.05;215.06;0.16;855.24;9.47;7.31
04/22/2018 13:00;10.56;5.28;150.82;0.18;854.78;25.4;11.67
04/22/2018 14:00;10.79;4.64;237.55;0.09;854;41.69;17.7
04/22/2018 15:00;12.57;4.87;267.24;0.04;853.69;62.5;29.74
04/22/2018 16:00;12.61;5.01;301.81;0.23;853.26;67.36;32.71
04/22/2018 17:00;12.08;5.22;322.82;0.26;853.08;82.59;37.24
04/22/2018 18:00;11.25;5.45;320.83;0.35;853.54;50.11;24.3
04/22/2018 19:00;10.38;5.6;307.25;0.38;853.96;38.35;22.72
04/22/2018 20:00;9.19;6.28;308.37;0.36;853.95;26.38;20.3
04/22/2018 21:00;8.4;6.31;309.17;0.13;854.08;29.58;23.34
04/22/2018 22:00;8.22;6.81;316.48;0.2;854.44;33.13;29.54
04/22/2018 23:00;7.27;6.15;305;0.26;854.99;23.27;21.45
04/23/2018 00:00;7.05;6.13;305.85;0.17;854.45;19.07;17.98
04/23/2018 01:00;7.01;6.08;302.61;0.04;854.3;26.51;23.82
04/23/2018 02:00;7.28;6.22;321.64;0.14;854;30.62;27.25
04/23/2018 03:00;6.99;5.91;307.18;0.25;853.77;26.48;24.19
04/23/2018 04:00;6.81;5.81;304.74;0.11;853.28;23.41;22.19
04/23/2018 05:00;6.93;5.89;290.68;0.04;852.79;23.89;22.62
04/23/2018 06:00;6.88;5.65;347.38;0.02;852.89;21.2;19.87
04/23/2018 07:00;7.19;5.98;68.63;0.01;852.93;23.62;21.83
04/23/2018 08:00;7.57;6.06;298.17;0.19;853.5;27.55;24.78
04/23/2018 09:00;7.36;5.55;289.13;0.26;853.78;27.38;21.07
04/23/2018 10:00;7.63;5.02;290.01;0.19;854.01;29;19.69
04/23/2018 11:00;8.16;4.89;306.05;0.23;854.34;23.73;15.64
04/23/2018 12:00;9.33;4.55;318.74;0.3;854.61;30.57;13.26
04/23/2018 13:00;10.71;4.21;344.37;0.24;854.69;31.22;8.33
04/23/2018 14:00;11.17;3.94;326.67;0.22;854.74;26.97;10.2
04/23/2018 15:00;12.36;3.37;295.64;0.43;854.93;28.98;11.12
04/23/2018 16:00;13.14;2.05;309.17;0.49;854.93;29.11;12.07
04/23/2018 17:00;14.12;3.09;343.52;0.44;854.94;31.27;12.93
04/23/2018 18:00;14.33;2.41;331.31;0.49;855.38;21.51;9.81
04/23/2018 19:00;14.02;0.85;308.04;0.34;855.66;23.17;11
04/23/2018 20:00;13.79;0.31;328.61;0.28;855.95;27.61;12.8
04/23/2018 21:00;12.79;1.12;51.98;0.14;856.54;27.44;12.65
04/23/2018 22:00;11.16;1.5;111.58;0.28;857.37;25.82;14.05
04/23/2018 23:00;10.07;1.34;107.66;0.25;857.82;25.72;12.25
04/24/2018 00:00;9.74;1.45;119.04;0.02;857.78;24.6;11.2
04/24/2018 01:00;9.06;1.98;166.51;0.02;858.02;25.83;12.99
04/24/2018 02:00;8.3;2.32;178.71;0.03;858.06;28.26;14.88
04/24/2018 03:00;7.94;2.55;178.5;0.04;857.96;29.14;17.67
04/24/2018 04:00;7.8;2.33;197.91;0.02;858.24;24.4;17.78
04/24/2018 05:00;7.57;1.86;226.25;0.02;858.61;21.92;16.51
04/24/2018 06:00;7.2;1.49;270.37;0.02;858.76;24.48;16.29
04/24/2018 07:00;7.27;1.29;263.87;0.03;859.28;43.56;22.19
04/24/2018 08:00;8;1.24;205.09;0.04;859.89;47.47;24.12
04/24/2018 09:00;9.37;1.83;174.71;0.08;860.42;49.36;25.1
04/24/2018 10:00;11.69;2.3;52.76;0.05;860.83;57.69;27.72
04/24/2018 11:00;14;2.87;344.07;0.24;861.27;73.81;29.46
04/24/2018 12:00;15.29;3.26;339.1;0.25;861.38;81.8;31.91
04/24/2018 13:00;16.8;2.8;19.34;0.31;861.39;154.25;40.07
04/24/2018 14:00;17.84;1.61;334.76;0.47;861.14;68.63;20.25
04/24/2018 15:00;18.72;-0.24;325.84;0.5;861;52.18;13.18
04/24/2018 16:00;19.39;0.04;332.92;0.31;860.88;32.13;10.19
04/24/2018 17:00;19.72;0.09;341.85;0.23;860.78;27.37;8.52
04/24/2018 18:00;18.81;0.75;315.88;0.35;860.76;32.78;10.12
04/24/2018 19:00;18.19;0.27;307.97;0.25;860.79;25.17;10
04/24/2018 20:00;17.77;0.14;350.37;0.3;860.86;30.29;11.19
04/24/2018 21:00;16.83;-0.12;81.3;0.3;861.1;26.85;10.84
04/24/2018 22:00;14.59;1.58;102.21;0.47;861.72;43.55;15.51
04/24/2018 23:00;13.64;1.42;110.31;0.13;862.19;36.38;15.35
04/25/2018 00:00;13.41;1.07;204.66;0.12;862.4;29.49;15.27
04/25/2018 01:00;12.84;0.78;197.97;0.17;862.39;26.48;14.55
04/25/2018 02:00;12.23;0.55;199.48;0.05;862.41;21.66;12.91
04/25/2018 03:00;11.78;0.71;165.31;0.07;862.2;16.96;11.52
04/25/2018 04:00;11.26;0.89;168.58;0.04;862.06;16.81;11.69
04/25/2018 05:00;10.52;2.48;163.32;0.14;862.31;17.45;11.8
04/25/2018 06:00;10.03;2.48;163.78;0.18;862.68;21.76;13.75
04/25/2018 07:00;9.72;2.57;163.29;0.27;863.05;35.3;17.47
04/25/2018 08:00;10.05;2.91;175.02;0.24;863.45;38.11;19.39
04/25/2018 09:00;11.65;3.02;154.52;0.1;863.53;35.01;18.53
04/25/2018 10:00;14.05;2.82;180.26;0.09;863.61;35.05;17.3
04/25/2018 11:00;17.12;2.4;176.4;0.13;863.54;34.99;15.35
04/25/2018 12:00;19.22;0.38;175.65;0.37;863.35;23.71;10.29
04/25/2018 13:00;20.44;-1.94;166.09;0.28;862.8;18.99;7.96
04/25/2018 14:00;21;-0.21;151.96;0.2;862.26;20.14;8.92
04/25/2018 15:00;21.58;-0.57;99.14;0.48;861.93;30.77;11.37
04/25/2018 16:00;22.22;-0.37;324.15;0.3;861.59;41.79;13.54
04/25/2018 17:00;21.82;0.19;319.05;0.24;861.15;41.14;16.88
04/25/2018 18:00;21.13;0.71;350.07;0.27;860.7;38.62;16.52
04/25/2018 19:00;20.37;1.33;343.15;0.26;860.47;34.7;14.26
04/25/2018 20:00;19.59;1.35;330.91;0.12;860.33;37.15;13.85
04/25/2018 21:00;18.85;1.36;354.39;0.1;860.48;38.31;15.16
04/25/2018 22:00;17.88;1.32;99.89;0.07;860.85;51.6;21.66
04/25/2018 23:00;15.86;2.98;128.18;0.05;861.13;65.43;24.82
04/26/2018 00:00;15.56;3.32;172.32;0.03;861.18;43.92;22.8
04/26/2018 01:00;15.09;3.4;215.74;0.03;861.14;27.11;16.3
04/26/2018 02:00;14.39;3.16;170.8;0.14;861.32;25.69;17.67
04/26/2018 03:00;13.82;3.19;225.35;0.01;861.34;25.39;19.4
04/26/2018 04:00;13.71;3.36;208.4;0.06;861.05;17.28;14.34
04/26/2018 05:00;13.47;3.75;176.02;0.08;860.98;16.83;11.11
04/26/2018 06:00;13.14;3.7;177.15;0.32;860.69;20.3;11.1
04/26/2018 07:00;13.09;3.43;180.53;0.18;860.68;30.16;12.77
04/26/2018 08:00;13.5;3.39;171.02;0.38;861.05;29.13;13.56
04/26/2018 09:00;14.96;3.49;166.98;0.56;861.22;27.97;13.74
04/26/2018 10:00;17.41;3.71;165.39;0.42;861.41;30.45;14.51
04/26/2018 11:00;20.21;3.77;187.7;0.3;861.6;36.42;14.26
04/26/2018 12:00;21.3;4.26;178.97;0.35;861.57;33.59;12.81
04/26/2018 13:00;21.55;3.24;274.9;0.12;861.11;33.55;11.74
04/26/2018 14:00;22.72;2.87;296.56;0.26;860.64;37.96;12.95
04/26/2018 15:00;19.78;3.52;101.51;0.63;860.71;150.14;24.28
04/26/2018 16:00;17.1;2.71;179.5;0.4;860.73;21.62;6.7
04/26/2018 17:00;20.64;0.94;159.43;0.26;859.86;21.06;6.51
04/26/2018 18:00;20.96;1.64;106.35;0.5;860.18;30.75;7.43
04/26/2018 19:00;18.87;2.64;132.67;0.28;860.05;21.15;6.63
04/26/2018 20:00;17.85;3.39;178.37;0.43;860.31;20.69;7.96
04/26/2018 21:00;16.24;4.06;177.26;0.12;860.57;21.75;8.59
04/26/2018 22:00;15.11;4.17;176.23;0.14;860.97;15.28;7.59
04/26/2018 23:00;14.65;3.75;193.89;0.06;861.48;15.67;8.8
04/27/2018 00:00;14.33;3.76;184.37;0.14;861.15;12.78;6.94
04/27/2018 01:00;14.19;3.93;175.87;0.41;860.71;12.72;7.69
04/27/2018 02:00;13.84;4.09;166.33;0.83;860.53;19.42;9.58
04/27/2018 03:00;13.52;4.17;164.34;0.8;859.93;20.19;10.84
04/27/2018 04:00;13.57;4.08;176.48;0.5;859.74;20.6;11.31
04/27/2018 05:00;13.94;3.69;171.03;0.52;859.86;19.55;11
04/27/2018 06:00;13.32;3.73;173.14;0.59;859.83;17.98;10.46
04/27/2018 07:00;13.01;3.83;186.83;0.23;859.73;18.78;10.44
04/27/2018 08:00;12.84;4.35;184.21;0.12;859.79;24.24;12.18
04/27/2018 09:00;13.15;5.23;168.69;0.46;859.86;27.48;14.51
04/27/2018 10:00;13.94;5.03;171.9;0.14;859.43;28.3;14.57
04/27/2018 11:00;15.57;5.69;192.99;0.24;859.11;31.59;15.54
04/27/2018 12:00;16.41;5.44;186.95;0.33;859.14;37.13;15.74
04/27/2018 13:00;15.97;5.03;180.11;0.57;859.29;33.37;14.97
04/27/2018 14:00;14.54;8;181.39;0.39;859.69;26.86;15.92
04/27/2018 15:00;12.21;7.6;215.07;0.17;860.2;15.84;10.59
04/27/2018 16:00;12.91;6.69;215.96;0.29;859.74;13.92;7.9
04/27/2018 17:00;13.49;6.91;184.48;0.42;859.24;17.24;7.56
04/27/2018 18:00;13.05;7.07;182.98;0.69;858.88;12.31;7.43
04/27/2018 19:00;13.62;7.01;171.76;0.75;858.1;13.06;8.68
04/27/2018 20:00;14.06;7.04;170.65;0.63;857.97;15.92;9.95
04/27/2018 21:00;13.94;7.14;186.02;0.36;858.7;18.43;11.85
04/27/2018 22:00;13.98;6.54;169.14;0.47;859.14;17.85;11.77
04/27/2018 23:00;14.08;6.29;190.23;0.23;859.45;19.19;11.77
04/28/2018 00:00;13.97;6.53;174.98;0.19;859.46;18.98;11.54
04/28/2018 01:00;13.76;5.53;176.68;0.41;858.6;12.09;6.95
04/28/2018 02:00;13.13;5.65;172.88;0.71;858.45;8.45;5.19
04/28/2018 03:00;12.76;5.72;172.32;0.48;858.47;9.84;6.14
04/28/2018 04:00;12.35;7.14;57.27;0.06;859.24;22.02;16.96
04/28/2018 05:00;11.45;7.91;321.68;0.05;858.66;34.31;28.96
04/28/2018 06:00;11.65;6.41;180.13;0.09;858.24;15.57;10.3
04/28/2018 07:00;11.32;6.12;190.04;0.04;858.36;14.59;7.08
04/28/2018 08:00;11.98;6.33;191.35;0.15;858.94;25.35;8.7
04/28/2018 09:00;13.22;6.43;249.89;0.15;859.41;25.53;9.61
04/28/2018 10:00;14.86;6.77;169.07;0.28;859.4;30.78;11.52
04/28/2018 11:00;15.77;7.13;220.71;0.15;859.56;33.79;13.08
04/28/2018 12:00;16.75;7.22;202.3;0.23;859.63;41.66;15.29
04/28/2018 13:00;19.02;7.34;180.2;0.2;859.48;63.12;19.94
04/28/2018 14:00;20.32;6.81;188.19;0.24;859.04;109.17;31.2
04/28/2018 15:00;17.24;9.82;88.53;0.06;858.87;118.92;41.11
04/28/2018 16:00;16.57;10.48;18.43;0.3;858.34;108.27;38.32
04/28/2018 17:00;13.96;9.37;120.84;0.35;859.73;69.25;38.72
04/28/2018 18:00;10.89;8.06;106.39;0.57;861.12;14.3;9.99
04/28/2018 19:00;10.69;8.39;98.38;0.14;861.09;8.13;6.2
04/28/2018 20:00;11.19;8.58;16.43;0.16;860.88;15.71;11.71
04/28/2018 21:00;10.87;8.11;115.21;0.03;860.9;18.42;13.01
04/28/2018 22:00;10.61;8.33;224.94;0.01;861.09;30.04;20.12
04/28/2018 23:00;10.92;7.77;224.2;0.05;861.69;34.56;23.05
04/29/2018 00:00;11.46;7.53;186.19;0.16;861.85;30.1;17.84
04/29/2018 01:00;11.4;6.92;182.08;0.15;861.53;25.17;14.57
04/29/2018 02:00;11.24;7.17;195.54;0.21;861.54;21.47;14.84
04/29/2018 03:00;11.48;6.82;175.39;0.12;860.91;21.16;13.25
04/29/2018 04:00;11.4;6.85;178.12;0.03;860.92;21.06;13.99
04/29/2018 05:00;11.36;6.75;167.61;0.05;861.18;23.89;15.41
04/29/2018 06:00;11.31;6.96;224.99;0.08;861.14;24.47;16.75
04/29/2018 07:00;10.83;6.64;205.79;0.05;861;30.98;20.69
04/29/2018 08:00;11.33;6.56;176.6;0.28;861.35;35.82;18.64
04/29/2018 09:00;12.18;6.29;176.02;0.41;861.67;30.23;15.03
04/29/2018 10:00;12.84;6.26;172.98;0.51;861.83;27.67;13.29
04/29/2018 11:00;14.74;6.88;185.76;0.52;861.64;32.42;14.74
04/29/2018 12:00;16.82;7.55;178.82;0.7;861.54;36.42;16.27
04/29/2018 13:00;17.47;6.91;176.28;0.74;861.33;32.8;13.88
04/29/2018 14:00;18.18;6.79;174.03;0.55;861.06;21.4;7.67
04/29/2018 15:00;18.46;7.02;181.56;0.6;860.98;33.22;9.88
04/29/2018 16:00;16.28;6.27;180.15;0.67;860.98;32.49;11.08
04/29/2018 17:00;15.24;6.08;181.42;0.59;861;24.91;11.28
04/29/2018 18:00;14.21;6.96;180.21;0.55;861.02;33.11;11.06
04/29/2018 19:00;14.23;7.08;193.87;0.35;860.95;15.77;7.35
04/29/2018 20:00;13.38;7.52;210.27;0.15;860.96;13.15;7.07
04/29/2018 21:00;13.05;6.38;197.17;0.14;861.12;12.73;6.95
04/29/2018 22:00;12.92;6.77;168.27;0.3;861.66;12.71;7.28
04/29/2018 23:00;13.05;6.33;199.5;0.18;862.06;15.5;7.52
04/30/2018 00:00;12.7;5.79;199.54;0.35;862.19;12.91;7.03
04/30/2018 01:00;12.07;5.31;184.49;0.33;861.97;8.68;5.61
04/30/2018 02:00;11.52;4.87;172.76;0.56;861.74;5.33;4.04
04/30/2018 03:00;11.23;5.08;194.8;0.28;861.56;5.73;4.59
04/30/2018 04:00;10.97;5.1;191.41;0.36;861.48;5.46;4.62
04/30/2018 05:00;10.54;5.22;193.11;0.37;861.71;7.77;6.35
04/30/2018 06:00;10.31;5.28;196.99;0.37;861.74;9.8;7.24
04/30/2018 07:00;10.26;4.44;172.95;0.7;861.78;10.74;6.8
04/30/2018 08:00;10.63;3.78;169.67;0.54;862.17;16.13;8.32
04/30/2018 09:00;11.45;3.33;180;0.56;862.52;22.26;9.79
04/30/2018 10:00;12.2;3.14;167.57;0.73;862.87;19.77;8.39
04/30/2018 11:00;13.63;3.22;177.96;0.35;863.23;24.83;10.3
04/30/2018 12:00;14.06;3.57;177.19;0.66;863.29;23.51;10.55
04/30/2018 13:00;15.43;3.15;204.46;0.52;862.98;29.66;9.41
04/30/2018 14:00;16.33;2.88;217.29;0.5;862.73;25.99;8.88
04/30/2018 15:00;17.42;1.85;189.18;0.55;862.55;31.3;8.49
04/30/2018 16:00;17.01;0.36;196.13;0.5;862.27;28.2;7.14
04/30/2018 17:00;16.57;0.02;194.05;0.48;862.06;26.46;7.74
04/30/2018 18:00;15.76;-1.18;197.07;0.52;862.1;23.36;7.17
04/30/2018 19:00;14.86;-0.81;198.08;0.44;862.2;25.19;7.61
04/30/2018 20:00;14.2;-1.03;191.27;0.35;862.35;20.14;7.3
04/30/2018 21:00;13.19;-0.42;193.45;0.42;862.91;18.12;7.01
04/30/2018 22:00;12.49;-0.48;172.37;0.71;863.4;15.23;6.79
04/30/2018 23:00;11.97;-1.13;175.86;0.64;863.56;16.03;6.61
05/01/2018 00:00;11.53;-1.5;193.97;0.28;863.67;13.67;6.42
05/01/2018 01:00;10.82;-1.69;193.55;0.14;863.88;11.18;5.93
05/01/2018 02:00;10.1;-2.92;165.99;0.24;864.02;10.13;5.32
05/01/2018 03:00;9.59;-3.13;175.85;0.3;863.86;7.07;4.39
05/01/2018 04:00;9.2;-4.18;173.42;0.14;863.93;6.71;3.99
05/01/2018 05:00;8.82;-5.39;169.41;0.05;864.01;6.62;3.85
05/01/2018 06:00;8.74;-6.5;177.93;0.08;864.12;6.55;3.7
05/01/2018 07:00;8.29;-6.93;201.09;0.13;864.3;10.77;4.74
05/01/2018 08:00;8.89;-8.07;172.42;0.37;864.61;25.98;6.97
05/01/2018 09:00;9.91;-7.73;173.84;0.38;864.85;15.92;5.87
05/01/2018 10:00;12.58;-7.57;176.43;0.53;864.93;20.06;5.88
05/01/2018 11:00;15.1;-5.65;180.18;0.54;865.07;18.5;6.77
05/01/2018 12:00;16.92;-2.98;179.61;0.45;864.98;21.66;7.36
05/01/2018 13:00;17.92;-0.53;186.72;0.52;864.66;22.22;8.08
05/01/2018 14:00;19.13;0.97;221.47;0.39;864.21;25.17;8.35
05/01/2018 15:00;20.23;2.34;170.88;0.48;863.89;24.5;8.85
05/01/2018 16:00;18.94;2.59;8.12;0.13;863.51;32.42;13.61
05/01/2018 17:00;19.53;2.91;301.53;0.22;863.15;30.43;12.37
05/01/2018 18:00;19.68;3.22;98.27;0.07;863.11;28.06;11.35
05/01/2018 19:00;19.64;3.62;277.39;0.05;863.12;23.73;9.99
05/01/2018 20:00;18.12;4.77;206.65;0.15;863.27;19.98;8.4
05/01/2018 21:00;17.53;4.74;93.32;0.21;863.64;23.97;12.25
05/01/2018 22:00;17.01;4.41;171.7;0.13;864.06;20.35;10.46
05/01/2018 23:00;15.83;2.69;168.67;0.35;864.09;20.63;9.48
05/02/2018 00:00;15.21;2.52;167.93;0.22;863.83;19.43;9.82
05/02/2018 01:00;14.41;2.58;178.35;0.06;863.74;18.91;9.53
05/02/2018 02:00;13.54;2.21;198.75;0.15;863.51;15.83;7.94
05/02/2018 03:00;12.84;1.84;194.32;0.24;863.35;15.06;7.47
05/02/2018 04:00;12.18;1.82;205.96;0.1;863.47;14.03;7.35
05/02/2018 05:00;11.85;1.73;222.41;0.13;863.49;13.63;7.35
05/02/2018 06:00;11.33;2.15;168.24;0.2;863.58;18.08;8.7
05/02/2018 07:00;10.78;2.56;154.52;0.16;863.81;21.53;10.22
05/02/2018 08:00;11.09;2.76;185.81;0.06;864.29;23.2;10.69
05/02/2018 09:00;12.54;3.35;208.62;0.07;864.56;34.68;12.6
05/02/2018 10:00;15.02;4.23;172.91;0.3;864.71;27.58;12.42
05/02/2018 11:00;17.82;4.76;161.31;0.28;864.78;28.62;13.8
05/02/2018 12:00;18.89;4.52;121.81;0.23;864.58;26.72;12.77
05/02/2018 13:00;20;4.23;91.32;0.13;864.14;30.27;14.7
05/02/2018 14:00;20.83;4.51;332.68;0.08;863.64;38.23;18.61
05/02/2018 15:00;21.75;5.24;295.91;0.28;863.23;40.01;20.51
05/02/2018 16:00;21.77;5.56;307.77;0.29;862.72;32.01;15.79
05/02/2018 17:00;21.66;5.22;338.84;0.19;862.32;22.91;11.12
05/02/2018 18:00;18.36;8.52;106.76;0.55;862.37;27.93;13.4
05/02/2018 19:00;19.84;6.62;98.26;0.27;861.98;17.78;10.8
05/02/2018 20:00;20.07;5.4;88.06;0.14;861.64;19.53;11.12
05/02/2018 21:00;18.36;5.97;92.8;0.29;861.74;17.11;10.28
05/02/2018 22:00;17.16;4.7;100.38;0.1;862.02;22.09;10.26
05/02/2018 23:00;17.13;6.48;165.48;0.05;862.21;37.04;23.19
05/03/2018 00:00;16.72;6.49;178.1;0.08;862.09;38.11;22.41
05/03/2018 01:00;16.12;5.99;194.23;0.05;861.75;23.4;12.46
05/03/2018 02:00;15.65;6.05;190.36;0.14;861.47;18.08;10.01
05/03/2018 03:00;15.26;6.32;183.63;0.11;861.39;18.1;11.31
05/03/2018 04:00;14.84;6.46;188.94;0.09;861.5;17.95;11.88
05/03/2018 05:00;14.46;6.47;214.18;0.03;861.15;17.44;12.16
05/03/2018 06:00;14.02;6.23;163.66;0.09;861.02;15.99;12.06
05/03/2018 07:00;13.61;6.02;169.53;0.09;861.22;17.22;12.65
05/03/2018 08:00;13.9;6.33;155.53;0.17;861.51;29.98;16.35
05/03/2018 09:00;15.09;6.6;141.42;0.2;861.66;31.25;15.69
05/03/2018 10:00;16.95;6.63;160.2;0.32;861.69;27.76;14.81
05/03/2018 11:00;19.6;6.72;167.78;0.5;861.66;26.64;13.68
05/03/2018 12:00;19.9;7;173.25;0.36;861.58;27.62;13.87
05/03/2018 13:00;21.91;6.74;186.22;0.22;861.14;23.64;11.35
05/03/2018 14:00;22.14;6.51;116.21;0.43;860.7;65.31;15.59
05/03/2018 15:00;14.72;10.1;112.62;0.5;861.12;34.11;18.68
05/03/2018 16:00;16.59;11.58;174.97;0.1;860.15;34.72;18.28
05/03/2018 17:00;20.27;9.1;195.87;0.1;859.58;70.37;25.56
05/03/2018 18:00;22.07;6.88;202.81;0.08;859.2;52.05;19.54
05/03/2018 19:00;21.86;5.44;198.5;0.19;858.84;51.86;20.55
05/03/2018 20:00;20.93;6.1;201.56;0.18;858.74;45.97;18.76
05/03/2018 21:00;18.11;6.95;107.66;0.69;859.51;31.95;14.67
05/03/2018 22:00;16.51;7.66;113.1;0.1;860.39;28.67;13.79
05/03/2018 23:00;16.01;8.23;305.31;0.2;860.77;43.11;22.18
05/04/2018 00:00;14.77;9.27;2.93;0.07;860.88;38.05;21.3
05/04/2018 01:00;14.16;9.35;100.71;0.17;860.66;27.29;18.79
05/04/2018 02:00;14.45;9.19;102.91;0.22;860.34;22.69;15.31
05/04/2018 03:00;14.41;9.14;91.55;0.04;860.07;26.27;17.77
05/04/2018 04:00;14.21;9.18;287.95;0.03;859.95;25.28;18.34
05/04/2018 05:00;13.93;9.19;313.03;0.03;859.72;39.96;30.69
05/04/2018 06:00;13.7;9.17;52.45;0;859.46;28.35;20.88
05/04/2018 07:00;14.47;8.47;233.56;0.02;859.42;23.83;15.4
05/04/2018 08:00;15.2;8.17;161.61;0.09;859.64;21.6;12.32
05/04/2018 09:00;15.62;8.31;171.02;0.29;859.84;23.9;14.59
05/04/2018 10:00;16.14;8.52;172.76;0.29;860.03;23.13;12.66
05/04/2018 11:00;17.65;9.39;202.77;0.21;860.14;21.91;12.39
05/04/2018 12:00;17.69;9.25;177.45;0.39;859.97;21.24;12.82
05/04/2018 13:00;16.85;11.34;194.34;0.26;859.66;19.29;13.36
05/04/2018 14:00;17.64;9.88;169.22;0.27;859.38;23.1;12.78
05/04/2018 15:00;13.99;10.5;118.15;0.19;859.67;11.21;7.8
05/04/2018 16:00;13.22;11.4;194.29;0.1;859.47;25.19;17.17
05/04/2018 17:00;13.3;11.31;185.09;0.21;859.07;20.44;14.61
05/04/2018 18:00;13.4;11.16;195.1;0.09;858.95;13.52;10.65
05/04/2018 19:00;13.36;10.51;207.84;0.09;859.04;14.55;10.97
05/04/2018 20:00;13.79;10.26;187.45;0.16;859.13;15.24;10.4
05/04/2018 21:00;14.04;10.03;182.82;0.09;859.37;19.05;12.75
05/04/2018 22:00;14.07;10.41;236.6;0.03;859.62;19.32;12.99
05/04/2018 23:00;14.16;10.31;184.45;0.21;859.78;16.29;11.69
05/05/2018 00:00;13.82;10.05;180.6;0.16;859.76;13.99;10.03
05/05/2018 01:00;13.56;9.38;171.8;0.22;859.68;12.11;8.94
05/05/2018 02:00;13.01;9.19;150.78;0.13;859.66;11.4;8.72
05/05/2018 03:00;12.86;9.55;158.89;0.15;859.64;12.9;10.88
05/05/2018 04:00;12.87;9.48;152.92;0.14;859.58;11.8;10.17
05/05/2018 05:00;12.97;9.44;134.51;0.1;859.49;14.19;12.13
05/05/2018 06:00;12.86;9.25;153.32;0.05;859.57;12.86;9.94
05/05/2018 07:00;12.85;9.23;163.13;0.06;859.81;20.86;14.56
05/05/2018 08:00;13.45;9.48;156.6;0.03;859.93;27.41;18.39
05/05/2018 09:00;14.39;9.65;136.12;0.07;860.07;32.58;18.46
05/05/2018 10:00;15.41;9.59;189.35;0.07;860.32;36.49;19.17
05/05/2018 11:00;16.39;9.46;174.48;0.14;860.56;29.6;15.78
05/05/2018 12:00;17.78;9.5;93.47;0.21;860.54;39.1;21.92
05/05/2018 13:00;18.22;10.47;323.5;0.32;860.25;62.7;37.42
05/05/2018 14:00;19.44;9.86;30.46;0.22;859.92;46.97;25.43
05/05/2018 15:00;18.6;10.09;101.71;0.58;859.68;29.09;17.61
05/05/2018 16:00;18.43;9.41;101.91;0.09;859;19.15;10.29
05/05/2018 17:00;21.21;8.55;52.32;0.1;858.52;23.58;11.08
05/05/2018 18:00;20.29;8.43;346.38;0.08;858.33;29.59;17.06
05/05/2018 19:00;20.28;8.2;107.18;0.07;857.99;26.95;15.53
05/05/2018 20:00;19.44;8.84;180.88;0.4;858.3;22.65;11.6
05/05/2018 21:00;16.38;9.81;197.14;0.28;858.76;16.03;8.71
05/05/2018 22:00;16.09;8.86;175.36;0.48;858.7;12.96;6.93
05/05/2018 23:00;16.08;8.39;160.11;0.13;858.63;16.5;7.82
05/06/2018 00:00;15.65;8.55;182.43;0.17;858.45;14.16;7.44
05/06/2018 01:00;15.43;8.48;167.4;0.13;858.74;12.03;7.19
05/06/2018 02:00;14.9;8.22;147.14;0.05;858.9;7.46;5.04
05/06/2018 03:00;14.17;9.26;111.79;0.11;859.2;14.34;11.21
05/06/2018 04:00;13.79;9.78;162.43;0.02;859.07;14.91;12.27
05/06/2018 05:00;14.1;9.51;149.25;0.02;858.88;17.65;14.42
05/06/2018 06:00;13.44;9.64;99.72;0;858.94;24.31;19.74
05/06/2018 07:00;12.86;9.34;158.12;0;858.74;27.13;19.53
05/06/2018 08:00;14.38;9.4;178.46;0.07;859.03;41.53;26.02
05/06/2018 09:00;15.64;9.31;169.6;0.15;859.07;47.94;27.22
05/06/2018 10:00;17.37;9.46;323.59;0.29;859.4;49.23;26.98
05/06/2018 11:00;18.36;9.31;335.12;0.32;859.49;45.03;25.1
05/06/2018 12:00;20.21;8.17;301.61;0.3;859.4;46.53;20.03
05/06/2018 13:00;20.76;7.7;322.9;0.3;859.41;42.53;15.99
05/06/2018 14:00;22.51;5.74;62.13;0.36;859.24;64.7;16.4
05/06/2018 15:00;23.03;5.5;59.96;0.34;858.8;57.11;19.17
05/06/2018 16:00;23.5;4.5;68.43;0.44;858.41;66.59;19.52
05/06/2018 17:00;22.39;4.82;104.52;1.16;858.07;91.29;21.9
05/06/2018 18:00;22.36;4;92.54;0.66;857.9;54.19;19.71
05/06/2018 19:00;21.95;4.83;7.12;0.41;857.82;65.22;24.78
05/06/2018 20:00;20.39;6.36;337.56;0.54;858.13;78.8;30.06
05/06/2018 21:00;18.01;6.87;301.12;0.29;858.63;47.03;20.5
05/06/2018 22:00;15.05;9.41;338.15;0.22;859.51;32.01;16.84
05/06/2018 23:00;14.17;10.12;105.89;0.07;859.75;24.21;16.6
05/07/2018 00:00;14.49;9.43;185.03;0.06;859.66;40.26;21.64
05/07/2018 01:00;14.58;8.45;238.19;0.02;859.79;27.9;14.65
05/07/2018 02:00;14.26;8.37;247.08;0.01;859.9;27.79;16.81
05/07/2018 03:00;13.76;8.52;112.93;0.02;859.68;25.53;16.84
05/07/2018 04:00;13.35;8.3;174.58;0.04;859.29;32.01;21.95
05/07/2018 05:00;13.31;7.96;215.44;0.06;859.27;34.01;21.22
05/07/2018 06:00;12.76;7.88;240.97;0.02;859.13;48.4;30.34
05/07/2018 07:00;12.93;7.7;207.77;0.03;859.61;54.01;28.15
05/07/2018 08:00;13.93;7.81;236.49;0.04;859.98;78.89;34.15
05/07/2018 09:00;15.06;8.27;183.37;0.09;860.56;61.56;27.75
05/07/2018 10:00;16.92;8.81;155.1;0.13;860.27;74.38;33.74
05/07/2018 11:00;18.98;9.28;329.32;0.14;860.2;83.8;36.87
05/07/2018 12:00;20.5;9.26;342.03;0.24;860.3;76.75;36.49
05/07/2018 13:00;21.95;7.55;313.98;0.29;859.97;61.81;26.45
05/07/2018 14:00;22.7;5.4;10.47;0.2;859.41;53.99;20.99
05/07/2018 15:00;23.36;4.9;30.28;0.12;858.45;61.5;22.23
05/07/2018 16:00;23.95;4.51;24.11;0.18;857.91;74.78;25.5
05/07/2018 17:00;23.67;3.47;320.91;0.32;857.6;80.8;27.82
05/07/2018 18:00;23.33;3.23;328.24;0.39;857.21;88.43;29.26
05/07/2018 19:00;23.23;2.5;342.04;0.33;856.56;91.57;31.09
05/07/2018 20:00;22.42;2.44;0.95;0.14;856.07;97.58;32.68
05/07/2018 21:00;20.99;3.32;214.38;0.08;856.17;94.69;33.77
05/07/2018 22:00;19.53;4.55;106.33;0.21;856.36;102.63;37.72
05/07/2018 23:00;18.37;5.05;107.62;0.02;856.76;100.88;42.23
05/08/2018 00:00;18.01;5.7;166.11;0.03;856.73;93.3;41.96
05/08/2018 01:00;17.32;6.45;157.21;0.01;856.35;102.6;44.58
05/08/2018 02:00;16.77;6.64;101.48;0.1;856.32;103.14;42.99
05/08/2018 03:00;17.06;6.53;158.53;0.01;855.93;88.8;36.64
05/08/2018 04:00;16.85;6.76;198.17;0.07;855.45;91.65;37.06
05/08/2018 05:00;16.53;6.95;199.08;0.07;854.94;93.75;38.27
05/08/2018 06:00;16.24;7.21;202.68;0.03;854.62;97.47;39.19
05/08/2018 07:00;16.11;7.51;193.4;0.05;854.4;105.48;41.6
05/08/2018 08:00;16.54;7.83;114.87;0.07;854.5;126.23;45.78
05/08/2018 09:00;17.05;8.71;306.18;0.31;855;117.6;47.03
05/08/2018 10:00;15.96;9.88;6.4;0.24;855.91;58.89;27.04
05/08/2018 11:00;14.26;10.91;333.13;0.11;856.41;23.69;17.75
05/08/2018 12:00;14.11;11.81;293.86;0.11;854.92;19.17;15.25
05/08/2018 13:00;16.7;10.67;206.58;0.06;853.91;30.22;11.76
05/08/2018 14:00;18.7;9.89;102.9;0.3;853.11;29.19;12.24
05/08/2018 15:00;20.61;9.76;319.59;0.12;852.29;37.51;15.98
05/08/2018 16:00;22.03;7.97;106.96;0.99;851.86;56.37;13.32
05/08/2018 17:00;22.18;7.93;99.29;0.61;850.98;30.56;14.01
05/08/2018 18:00;21.58;8.54;94.51;0.51;850.51;61.15;21.45
05/08/2018 19:00;20.59;7.85;106.93;0.91;850.85;48.14;19.65
05/08/2018 20:00;15.09;8.17;331.04;0.51;853.46;53.84;16.16
05/08/2018 21:00;12.32;9.61;7.56;0.17;853.78;18.09;14.2
05/08/2018 22:00;12.07;9.72;210.65;0.13;853.16;18.76;16.26
05/08/2018 23:00;12.06;9.39;237.26;0.06;852.42;21.85;16.7
05/09/2018 00:00;12.04;9;210.01;0.06;852.27;22.67;16.74
05/09/2018 01:00;12.25;8.4;227.12;0.12;851.89;19.44;14.46
05/09/2018 02:00;12.33;8.54;198.8;0.05;851.27;16.04;12.25
05/09/2018 03:00;12.55;8.49;231.98;0.07;851.2;26.12;17.76
05/09/2018 04:00;12.55;8.29;301.51;0.16;851.71;30.56;19.87
05/09/2018 05:00;12.32;8.03;52.87;0.03;851.82;39.07;26.49
05/09/2018 06:00;11.89;7.66;16.45;0.04;851.85;39.21;26.86
05/09/2018 07:00;10.98;7.67;230.6;0;851.68;50.95;34.17
05/09/2018 08:00;12.19;8.12;204.18;0.02;851.88;64.35;41.27
05/09/2018 09:00;13.38;7.78;194.66;0.02;851.9;74.56;42.27
05/09/2018 10:00;15.61;7.76;105;0.1;852;63.52;34.31
05/09/2018 11:00;17.78;6.4;90.66;0.41;851.8;74.97;34.73
05/09/2018 12:00;18.88;4.43;97.41;0.85;851.7;59.74;26.11
05/09/2018 13:00;19.43;3.91;33.32;0.35;851.54;57.72;21.29
05/09/2018 14:00;20.14;4.8;339.28;0.36;851.53;51.4;19.44
05/09/2018 15:00;20.65;4.27;66.66;0.26;851.16;45.45;17.58
05/09/2018 16:00;20.46;4.73;64.19;0.34;850.91;57.35;17.83
05/09/2018 17:00;21.88;3.84;73.2;0.36;850.78;64.81;17.76
05/09/2018 18:00;21.4;2.77;63.16;0.42;850.97;77.19;19.56
05/09/2018 19:00;19.52;4.56;92.57;0.71;851.52;70.82;18.15
05/09/2018 20:00;16.83;5.34;104.35;1.07;851.98;24.79;10.25
05/09/2018 21:00;15.97;4.26;82.5;0.4;852.29;16.45;7.26
05/09/2018 22:00;15.04;4.17;28.7;0.2;852.43;19.81;8.42
05/09/2018 23:00;13.7;5.11;337.86;0.21;852.65;33.12;14.66
05/10/2018 00:00;13.7;4.95;309.32;0.21;853.23;35.15;17.44
05/10/2018 01:00;13.28;4.63;330.76;0.21;852.9;33.22;18.2
05/10/2018 02:00;12.91;4.32;284.53;0.16;852.66;31.6;14.39
05/10/2018 03:00;12.69;4.39;313.7;0.04;852.8;34.57;14.07
05/10/2018 04:00;12.81;4.43;290.96;0.09;852.76;30.44;12.99
05/10/2018 05:00;12.2;4.9;36.72;0.08;852.7;31.15;14.43
05/10/2018 06:00;10.85;5.28;106.01;0.01;852.68;37.84;18.92
05/10/2018 07:00;10.7;5.54;101.54;0.11;852.91;59.44;40.01
05/10/2018 08:00;11.83;5.65;98.75;0.07;853.25;67.89;38.62
05/10/2018 09:00;12.73;5.56;294.24;0.32;853.49;66.98;30.51
05/10/2018 10:00;14.13;5.79;314.5;0.26;853.49;73.14;35.41
05/10/2018 11:00;16.36;5.51;347.09;0.19;853.63;66.89;29.89
05/10/2018 12:00;18.01;4.04;350.94;0.31;853.7;44.95;20.41
05/10/2018 13:00;19.36;3.01;9.54;0.29;853.35;39.33;13.74
05/10/2018 14:00;20.13;2.16;59.56;0.42;852.94;37.32;10.78
05/10/2018 15:00;20.39;2.17;16.46;0.33;852.42;32.52;9.58
05/10/2018 16:00;19.95;2.17;324.67;0.52;852.09;24.92;8.32
05/10/2018 17:00;18.6;3.47;310.15;0.53;852.17;34.77;10.84
05/10/2018 18:00;19.07;3.55;336.51;0.47;852.04;23.96;8.61
05/10/2018 19:00;18.8;3.3;331.85;0.55;851.86;23.51;9.65
05/10/2018 20:00;17.27;4.7;336.33;0.45;852.14;20.93;11.69
05/10/2018 21:00;16.52;4.64;356.89;0.29;852.84;18.87;10.4
05/10/2018 22:00;15.97;4.12;95.56;0.29;853.52;19.8;9.23
05/10/2018 23:00;14.77;5.91;80.12;0.14;853.93;18.92;10.65
05/11/2018 00:00;14.2;7.02;357.57;0.24;854.17;18.82;12.95
05/11/2018 01:00;11.93;8.83;307.54;0.17;854.29;12.31;11.3
05/11/2018 02:00;11.59;8.88;289.08;0.01;853.85;11.55;10.93
05/11/2018 03:00;11.86;8.75;100.45;0.01;853.55;15.61;13.49
05/11/2018 04:00;12.03;8.35;334.27;0;853.32;14.03;12.65
05/11/2018 05:00;12.39;7.93;4.75;0.05;853.15;14.1;12.56
05/11/2018 06:00;12.1;7.65;315.69;0.01;852.97;17.12;13.93
05/11/2018 07:00;11.41;7.86;122.33;0.03;852.87;29.13;21.15
05/11/2018 08:00;11.98;7.85;105.43;0.28;853.15;25.12;19.8
05/11/2018 09:00;13.1;7.78;119.3;0.09;853.22;32.33;22.04
05/11/2018 10:00;15.35;7.47;186.78;0.11;853.04;27.17;17.86
05/11/2018 11:00;17.38;6.02;139.21;0.07;852.69;28.48;17.16
05/11/2018 12:00;18.53;5.73;288.28;0.2;852.32;27.91;17.73
05/11/2018 13:00;18.28;6.14;336.65;0.26;851.87;31.77;19.75
05/11/2018 14:00;18.03;5.29;8.48;0.08;851.8;23.2;11.45
05/11/2018 15:00;15.4;6.84;167.18;0.24;851.72;22.98;11.65
05/11/2018 16:00;18.14;7.15;153.88;0.19;851.12;24.37;12.1
05/11/2018 17:00;18.99;4.65;114.37;0.35;850.49;33.08;12.26
05/11/2018 18:00;18.23;3.23;105.85;0.5;850.29;78.33;23.09
05/11/2018 19:00;18.6;2.67;84.2;0.29;849.74;108.46;30.11
05/11/2018 20:00;18.18;2.52;88.68;0.2;849.65;104.71;30.34
05/11/2018 21:00;17.06;2.51;87.71;0.21;849.97;65.06;21.38
05/11/2018 22:00;15.31;5.19;3.3;0.23;850.5;64.4;28.13
05/11/2018 23:00;14.41;5.51;295.53;0.2;851.24;27.67;12.94
05/12/2018 00:00;14.04;5.59;348.88;0.18;851.14;27.9;12.58
05/12/2018 01:00;13.67;5.65;289.26;0.11;850.91;25.49;11.79
05/12/2018 02:00;13.47;5.51;284.99;0.16;850.88;23.15;10.64
05/12/2018 03:00;12.84;5.89;191.36;0.04;850.79;18;10.19
05/12/2018 04:00;12.23;6.4;211.76;0.07;850.66;10.14;6.86
05/12/2018 05:00;11.82;6.42;257.94;0.01;850.72;14.79;9.7
05/12/2018 06:00;11.66;6.36;166.8;0.02;850.98;15.76;9.85
05/12/2018 07:00;11.54;5.77;172.21;0.04;851.14;39.46;15.46
05/12/2018 08:00;12.18;6.08;124.67;0.04;851.6;34.19;16.31
05/12/2018 09:00;13.15;6.56;190.24;0.15;852.12;26.5;13.35
05/12/2018 10:00;14.25;6.21;257.45;0.09;852.37;35.39;17.18
05/12/2018 11:00;15.17;5.87;33.01;0.11;852.6;47.68;22.18
05/12/2018 12:00;13.94;7.43;91.59;0.43;852.98;35.54;18.05
05/12/2018 13:00;15.04;7.55;135.7;0.14;852.88;23.45;10.96
05/12/2018 14:00;18.05;6.19;121.97;0.09;852.34;26.02;8.92
05/12/2018 15:00;18.11;5.3;88.58;0.3;851.99;24.84;9.42
05/12/2018 16:00;18.67;4.93;95.85;0.2;851.56;34.1;12.04
05/12/2018 17:00;18.8;5.04;197.84;0.11;851.25;36.96;15.07
05/12/2018 18:00;18.52;4.93;162.93;0.15;851.08;36.69;17.3
05/12/2018 19:00;16.54;6.64;8.46;0.01;851.52;39.36;17.07
05/12/2018 20:00;11.86;9.46;173.67;0.07;852.4;16.25;13.02
05/12/2018 21:00;12;8.82;183.97;0.29;853.12;13.03;9.86
05/12/2018 22:00;11.91;8.49;181.69;0.31;853.47;16.11;10.87
05/12/2018 23:00;12.11;8.08;169.65;0.51;853.79;14.91;10.03
05/13/2018 00:00;12.02;7.82;166.39;0.55;853.82;10.38;7.15
05/13/2018 01:00;12.04;8.03;174.72;0.48;853.62;10.05;7.2
05/13/2018 02:00;12.36;7.39;173.4;0.46;853.27;9.33;5.85
05/13/2018 03:00;12.32;7.16;177.3;0.2;853.37;10.39;6.05
05/13/2018 04:00;12.25;7.09;177.33;0.15;853.4;9.36;6.03
05/13/2018 05:00;11.87;6.89;173.5;0.2;853.43;15.63;9.54
05/13/2018 06:00;11.16;7.06;165.8;0.08;853.62;21.78;14.65
05/13/2018 07:00;12.01;6.89;176.08;0.34;853.6;42.04;19.48
05/13/2018 08:00;12.67;6.91;173.91;0.46;853.87;50.59;20.4
05/13/2018 09:00;13.45;7.39;177.88;0.42;854.23;49.29;20.47
05/13/2018 10:00;14.33;7.63;174.47;0.68;854.67;40.74;19.79
05/13/2018 11:00;16.11;8.03;174.41;0.54;854.93;49.78;21.49
05/13/2018 12:00;18.07;8.16;174.82;0.49;854.91;58.8;22.65
05/13/2018 13:00;15.31;7.9;106.77;0.21;855.04;54.98;22.89
05/13/2018 14:00;13.99;8.02;145.72;0.06;854.71;42.04;21.22
05/13/2018 15:00;17.33;5.96;309.46;0.23;854.21;94.88;26.21
05/13/2018 16:00;18.86;4.64;336.79;0.13;853.99;91.83;29.15
05/13/2018 17:00;14.8;7.63;167.97;0.45;854.76;41.54;19.07
05/13/2018 18:00;15.13;6.45;126.24;0.19;854.93;39.05;14.38
05/13/2018 19:00;15.1;6.58;348.55;0.21;855.35;62.25;21.64
05/13/2018 20:00;14.49;6.33;158.44;0.15;855.74;35.37;15.81
05/13/2018 21:00;12.9;7.55;177.24;0.15;856.04;22.22;13.43
05/13/2018 22:00;12.42;7.9;124.14;0.12;855.94;29.84;19.49
05/13/2018 23:00;12.5;6.94;209.96;0.1;856.46;26.98;13.08
05/14/2018 00:00;12.76;6.54;190.62;0.18;856.54;21.62;11.24
05/14/2018 01:00;12.49;7.21;168.7;0.14;856.34;20.03;11.36
05/14/2018 02:00;12.18;6.9;161.62;0.09;856.38;15.28;9.12
05/14/2018 03:00;12.15;6.71;114.43;0.04;856.22;13.03;8.32
05/14/2018 04:00;12.12;6.67;193.89;0.13;856.12;11.64;7.4
05/14/2018 05:00;12.08;6.63;186.89;0.15;856.02;12.15;7.7
05/14/2018 06:00;11.95;6.86;169.22;0.53;856.05;12.89;8.34
05/14/2018 07:00;12.06;6.89;180.4;0.26;856.28;19.79;10.67
05/14/2018 08:00;12.15;7.26;192.85;0.2;856.8;25.98;13.56
05/14/2018 09:00;11.84;7.69;184.84;0.34;857.26;16.43;11.28
05/14/2018 10:00;11.97;7.98;166.45;0.35;857.61;14.05;9.81
05/14/2018 11:00;12.95;8.31;187.68;0.21;858.03;17.86;11.15
05/14/2018 12:00;13.7;9.03;180.98;0.23;858.21;22.86;12.72
05/14/2018 13:00;16.35;8.71;188.02;0.35;858.08;30.03;13.09
05/14/2018 14:00;18.58;7.19;175.72;0.33;857.98;41.79;13.56
05/14/2018 15:00;16.46;6.67;174.81;0.31;858.07;33.31;11.45
05/14/2018 16:00;15.31;7.89;143.21;0.35;858.26;21.16;9.8
05/14/2018 17:00;13.64;7.45;105.37;0.32;858.48;19.37;9.37
05/14/2018 18:00;12.04;8.81;219.02;0.1;857.94;9.8;6.86
05/14/2018 19:00;14.41;7.72;187.51;0.34;857.54;15.36;5.9
05/14/2018 20:00;15.3;6.8;177.02;0.48;858.04;21.42;6.35
05/14/2018 21:00;14.68;6.33;195.49;0.22;858.53;24.74;7.27
05/14/2018 22:00;13.99;6.72;186.51;0.32;859.02;20.91;7.93
05/14/2018 23:00;13.3;6.75;177.65;0.28;859.54;16.9;7.87
05/15/2018 00:00;12.79;6.86;176.43;0.06;859.53;13.37;6.94
05/15/2018 01:00;12.52;6.82;180.58;0.08;859.53;9.47;5.27
05/15/2018 02:00;12.5;6.74;205.4;0.14;859.46;5.52;3.61
05/15/2018 03:00;12.38;6.42;175.49;0.07;859.42;5.11;3.32
05/15/2018 04:00;12.34;6.37;171.08;0.05;859.57;4.47;3.21
05/15/2018 05:00;12.24;6.44;153.37;0.07;859.71;4.39;3.07
05/15/2018 06:00;12;6.94;192.53;0.07;859.77;8.25;5.75
05/15/2018 07:00;11.59;7.5;169.69;0.18;859.94;8.42;6.26
05/15/2018 08:00;12.12;7.46;178.87;0.29;860.26;16.77;9.86
05/15/2018 09:00;13.48;7.51;182.78;0.26;860.56;27.44;11.4
05/15/2018 10:00;14.98;7.35;186;0.22;861.04;28.78;11.4
05/15/2018 11:00;16.7;7.14;176.9;0.41;861.27;33.07;12.81
05/15/2018 12:00;17.87;6.89;178.94;0.63;861.32;46.41;15.22
05/15/2018 13:00;18.19;6.66;178.35;0.4;861.15;51.23;16.67
05/15/2018 14:00;17.4;6.76;157.27;0.43;861.2;39.89;13.29
05/15/2018 15:00;18.45;5.62;178.78;0.56;861.16;41.11;10.48
05/15/2018 16:00;18.13;5.18;181.41;0.39;861.16;35.25;10.85
05/15/2018 17:00;17.23;4.98;186.11;0.13;860.88;31.61;9.96
05/15/2018 18:00;17.17;5.25;191.06;0.21;861.08;31.22;9.3
05/15/2018 19:00;17.21;5.44;159.85;0.17;861.23;24.58;9.35
05/15/2018 20:00;16.68;5.12;183.27;0.15;861.42;24.5;8.82
05/15/2018 21:00;15.92;5.24;190.7;0.28;861.97;20.79;7.6
05/15/2018 22:00;15.13;5.96;169.47;0.42;862.36;21.12;9.06
05/15/2018 23:00;14.45;4.86;176.82;0.33;862.59;23.9;9.95
05/16/2018 00:00;13.65;5.1;173.57;0.34;862.7;26.07;10.83
05/16/2018 01:00;13;5.02;180.7;0.23;862.74;31.99;11.82
05/16/2018 02:00;12.26;4.71;167.52;0.03;862.56;42.49;14.16
05/16/2018 03:00;11.56;4.94;232.82;0.09;862.55;38.19;13.22
05/16/2018 04:00;11.02;5.01;199.24;0.07;862.6;32.13;12.39
05/16/2018 05:00;10.05;4.65;103.23;0.03;862.58;28.62;12.5
05/16/2018 06:00;9.59;3.92;107.63;0.05;862.66;28.76;12.98
05/16/2018 07:00;9.35;4.09;123.67;0.03;862.98;40.36;16.02
05/16/2018 08:00;10.68;4.07;235.15;0.04;863.24;100.45;26.42
05/16/2018 09:00;12.69;4.6;186.47;0.24;863.37;44.17;15.54
05/16/2018 10:00;15.08;4.63;190.59;0.26;863.66;43.98;14.75
05/16/2018 11:00;17.29;3.28;173.03;0.51;863.88;47.39;13.25
05/16/2018 12:00;18.51;2.49;194.76;0.47;863.95;48.38;11.47
05/16/2018 13:00;19.87;1.68;190.01;0.37;863.95;48.47;11.63
05/16/2018 14:00;19.9;2.15;186.68;0.38;863.63;39.52;10.2
05/16/2018 15:00;20.73;0.66;192.97;0.44;863.27;43.96;9.55
05/16/2018 16:00;21.31;-0.62;189.89;0.43;862.97;32.82;8.18
05/19/2018 11:00;21.55;2.72;230.38;0.09;863.81;52.03;15.3
05/19/2018 12:00;22.97;2.64;141.52;0.14;863.85;43.63;9.65
05/19/2018 13:00;24.15;1.07;90.03;0.12;863.67;35.29;7.56
05/19/2018 14:00;24.95;0.88;109.39;0.4;863.16;37.95;8.35
05/19/2018 15:00;25.66;1.23;54.68;0.16;862.66;47.73;10.18
05/19/2018 16:00;24.8;1.77;107.58;0.1;862.16;58.62;14.71
05/19/2018 17:00;26.37;2.29;10.51;0.12;861.69;49.28;12.09
05/19/2018 18:00;26.5;2.7;327.66;0.3;861.4;45.1;11.86
05/19/2018 19:00;25.6;2.6;340.72;0.25;861.23;35.59;9.18
05/19/2018 20:00;24.83;2.4;316.89;0.2;861.24;32.3;8.41
05/19/2018 21:00;23.64;2.17;353.67;0.12;861.38;37.67;9.73
05/19/2018 22:00;22.22;3.16;110.06;0.1;861.54;37.59;11.43
05/19/2018 23:00;20.99;4.05;176.3;0.04;862.28;39.19;11.7
05/20/2018 00:00;20.86;3.87;174.98;0.05;862.43;28.33;8.62
05/20/2018 01:00;19.9;4.38;177.71;0.06;862.41;23.84;8.3
05/20/2018 02:00;18.64;4.89;155.53;0.03;862.47;26.05;10.29
05/20/2018 03:00;18.06;4.89;144.24;0.08;862.13;21.13;9.3
05/20/2018 04:00;17.11;4.84;166.81;0.15;861.82;23.94;11.15
05/20/2018 05:00;16.6;4.74;144.02;0.09;861.78;19.22;9.6
05/20/2018 06:00;15.96;4.47;170.08;0.2;861.97;19.92;8.99
05/20/2018 07:00;15.71;4.25;177.37;0.15;861.95;21.74;9.69
05/20/2018 08:00;16.27;4.49;178.38;0.2;862.13;42.6;13.07
05/20/2018 09:00;17.71;4.7;170.67;0.14;862.32;32.67;11.01
05/20/2018 10:00;20.2;4.55;193.42;0.09;862.39;40.46;10.63
05/20/2018 11:00;23.01;3.96;126.32;0.15;862.28;42.81;9.79
05/20/2018 12:00;24.55;3.44;123.73;0.21;862.13;45.52;10.78
05/20/2018 13:00;25.66;3.25;77.88;0.12;861.91;48.24;11.97
05/20/2018 14:00;26.3;3.89;340.91;0.34;861.52;54.65;13.96
05/20/2018 15:00;26.82;4.19;75.33;0.2;861.09;43.75;9.83
05/20/2018 16:00;27.51;3.95;325.4;0.35;860.44;40.58;8.77
05/20/2018 17:00;27.64;3.36;323.08;0.47;860.2;52.47;9.22
05/20/2018 18:00;26.58;2.12;329.31;0.41;860.28;41;7.98
05/20/2018 19:00;23.77;5.56;327.12;0.41;860.85;82.38;13.5
05/20/2018 20:00;22.04;5.08;330.19;0.23;861.5;31.53;7.8
05/20/2018 21:00;21.07;6.69;14.26;0.21;861.94;42.49;11.54
05/20/2018 22:00;19.87;7.02;106.59;0.4;862.32;26.07;9.77
05/20/2018 23:00;19.46;6.93;100.49;0.1;862.38;23.91;9.07
05/21/2018 00:00;19.23;7.26;191.13;0.06;862.18;26.58;10.32
05/21/2018 01:00;18.91;7.43;159.86;0.08;862.3;13.46;6.3
05/21/2018 02:00;18.27;7.61;38.86;0.08;862.05;21.85;12.23
05/21/2018 03:00;17.65;7.68;87.6;0.02;861.41;24.47;12.9
05/21/2018 04:00;16.86;6.94;164.27;0.04;861.14;16.47;9.05
05/21/2018 05:00;16.19;6.9;171.75;0.1;860.94;20.99;13.9
05/21/2018 06:00;15.89;7.19;134.05;0;861.55;20.66;11.52
05/21/2018 07:00;15.71;7.33;315.22;0.01;862.02;28.04;11.88
05/21/2018 08:00;16.19;7.29;167.55;0.06;862.41;46.75;16.61
05/21/2018 09:00;17.57;7.83;158.17;0.15;862.45;35.4;13.61
05/21/2018 10:00;19.53;7.18;348.27;0.04;862.72;48.26;15.8
05/21/2018 11:00;20.32;7.87;2.19;0.24;862.99;43.96;15.29
05/21/2018 12:00;20.92;7.62;334.62;0.08;862.83;29.48;10.12
05/21/2018 13:00;23;7.12;112.23;0.22;862.39;42.05;11.7
05/21/2018 14:00;24.91;5.67;74.12;0.19;861.78;36.5;10.75
05/21/2018 15:00;26.07;5.37;339.83;0.24;861.05;44.98;13
05/21/2018 16:00;26.4;5.63;332.02;0.49;860.9;57.72;14.51
05/21/2018 17:00;25.7;6.72;319.24;0.49;860.67;60.58;12.9
05/21/2018 18:00;24.06;5.71;320.15;0.51;860.89;105.22;19.61
05/21/2018 19:00;22.77;5.07;348.34;0.37;861.14;44.99;11.93
05/21/2018 20:00;21.59;5.39;105.06;0.6;861.59;33.31;10.22
05/21/2018 21:00;21.51;4.8;91.27;0.2;862.05;29.59;9.76
05/21/2018 22:00;20.81;5.91;109.04;0.06;862.52;38.17;13.87
05/21/2018 23:00;19.83;6.86;179.26;0.23;862.67;21.54;11.33
05/22/2018 00:00;19.28;7.19;172.47;0.31;862.64;22.1;12.78
05/22/2018 01:00;18.98;7.29;169.46;0.2;862.57;20.56;11.54
05/22/2018 02:00;17.97;7.8;162.74;0.08;862.43;18.39;10.77
05/22/2018 03:00;17.27;8.05;158.3;0.08;862.86;15.66;9.61
05/22/2018 04:00;16.67;8.23;178.71;0.04;863.07;17.98;11.97
05/22/2018 05:00;16.45;8.24;192.89;0.04;862.67;18.13;12.19
05/22/2018 06:00;16.1;8.15;43.25;0.04;862.71;21.18;13.54
05/22/2018 07:00;15.8;8.05;184.49;0.1;863.09;131.66;25.2
05/22/2018 08:00;16.16;8.23;180.42;0.03;863.58;30.83;13.57
05/22/2018 09:00;17.2;8.61;172.29;0.09;863.87;34.05;13.93
05/22/2018 10:00;19.03;8.89;114.42;0.12;864.43;47.17;15.45
05/22/2018 11:00;20.6;8.84;157.33;0.1;864.72;46.31;17.74
05/22/2018 12:00;22.1;8.31;341.11;0.08;864.77;37.46;15.43
05/22/2018 13:00;23.05;8.17;108.65;0.1;864.37;46.13;16.07
05/22/2018 14:00;20.8;9.14;137.35;0.16;864.22;54.24;17.15
05/22/2018 15:00;18.03;10.7;334.89;0.1;864.2;32.09;15.96
05/22/2018 16:00;19.62;10.74;69.77;0.09;864.07;42.26;21.33
05/22/2018 17:00;19.88;10.78;103.58;0.13;863.58;37.84;20.2
05/22/2018 18:00;21.84;9.53;157.51;0.28;863.13;28.78;13.91
05/22/2018 19:00;21.3;9.77;174.22;0.31;863;25.1;12.81
05/22/2018 20:00;20.07;9.36;172.57;0.6;863.05;28.15;12
05/22/2018 21:00;19.31;8.07;174.02;0.64;863.18;27.09;9.86
05/22/2018 22:00;18.66;8.5;168.65;0.45;863.25;18.83;10.18
05/22/2018 23:00;17.91;8.51;178.13;0.15;863.45;17.74;9.11
05/23/2018 00:00;17.32;8.42;161.75;0.7;863.25;21.63;8.94
05/23/2018 01:00;16.87;8.27;163.06;0.8;863.2;17.71;8.63
05/23/2018 02:00;16.64;8.3;164.79;0.81;863.13;14.13;8.28
05/23/2018 03:00;16.61;7.71;172.75;0.57;863.01;13.84;7.22
05/23/2018 04:00;16.2;7.78;164.21;0.79;863;12.72;7.11
05/23/2018 05:00;16.46;7.42;165.92;0.73;863.02;15.22;8.06
05/23/2018 06:00;16.08;7.4;166.59;0.62;863.24;13.12;8.02
05/23/2018 07:00;15.6;7.44;162.71;0.61;863.43;12.93;8.25
05/23/2018 08:00;15.62;7.41;160.81;0.69;863.6;22.6;10.35
05/23/2018 09:00;16.03;7.58;165.41;0.6;864.01;20.95;10.47
05/23/2018 10:00;17.01;7.38;167.37;0.59;864.29;24.36;10.7
05/23/2018 11:00;18.52;7;175.2;0.57;864.34;38.48;14.02
05/23/2018 12:00;21.26;7.31;166.37;0.72;864.18;37.23;10.7
05/23/2018 13:00;22.94;8.11;183.88;0.39;864.05;49.19;12.87
05/23/2018 14:00;23.81;7.96;179.09;0.46;863.57;54.28;13.16
05/23/2018 15:00;24.1;7.79;173.36;0.47;863.09;47.8;13.95
05/23/2018 16:00;22.31;7.64;186.43;0.28;862.84;50.49;15.95
05/23/2018 17:00;20.84;7.76;181.36;0.43;862.55;39.47;13.63
05/23/2018 18:00;20.77;8.05;188.54;0.52;862.29;32.12;10.29
05/23/2018 19:00;20.31;8.14;176.01;0.54;862.17;34.03;11.01
05/23/2018 20:00;19.37;8.18;182.48;0.33;862.53;32.07;11.32
05/23/2018 21:00;17.74;8.15;195.26;0.17;862.95;25.95;10.59
05/23/2018 22:00;17.91;7.2;186.94;0.24;863.17;15.92;8.8
05/23/2018 23:00;17.69;7.21;165.32;0.25;863.28;18.36;9.8
05/24/2018 00:00;17.25;7.47;204.95;0.07;863.27;20.49;10.5
05/24/2018 01:00;16.95;7.06;189.33;0.07;862.95;23.05;11.13
05/24/2018 02:00;16.8;5.01;168.6;0.31;862.36;16.69;8.68
05/24/2018 03:00;16.33;5.27;177.57;0.29;862.01;14.18;8.21
05/24/2018 04:00;16.15;6.48;168.44;0.37;861.71;14.79;8.67
05/24/2018 05:00;16.12;6.31;177.19;0.33;861.3;15.59;9.01
05/24/2018 06:00;15.09;7.82;184.94;0.26;861.22;17.59;9.57
05/24/2018 07:00;14.98;7.1;183.59;0.3;861.25;17.47;9.53
05/24/2018 08:00;15.87;6.64;175.32;0.45;860.94;18.84;10.05
05/24/2018 09:00;16.76;6.46;173.6;0.54;861.05;21.59;10.2
05/24/2018 10:00;18.7;6.75;175.96;0.55;861.09;29.66;11.32
05/24/2018 11:00;19.96;7.29;177.12;0.54;860.9;25.15;10.81
05/24/2018 12:00;20.96;7.55;191.09;0.39;860.81;24.78;10.16
05/24/2018 13:00;21.89;8.03;191.6;0.32;860.43;31.65;10.81
05/24/2018 14:00;23.5;8.33;185.56;0.33;859.8;39.8;12.62
05/24/2018 16:00;21.06;10.26;335.06;0.43;858.98;33.08;19.73
05/24/2018 17:00;19.45;12.25;240.73;0.08;859.18;35.43;20.16
05/24/2018 18:00;16.53;10.75;174.82;0.59;859.44;19.97;12.59
05/24/2018 19:00;15.54;10.32;182.83;0.66;859.1;16.38;10.38
05/24/2018 20:00;16.11;9.73;172.57;0.27;858.93;16.14;8.04
05/24/2018 21:00;15.75;8.89;164.29;0.05;858.84;15.75;7.08
05/24/2018 22:00;15.45;8.73;174.44;0.33;859.01;13.3;7.04
05/24/2018 23:00;15.9;8.49;168.87;0.63;858.7;11.77;7.46
05/25/2018 00:00;15.92;8.85;335.97;0.22;859.91;25.68;12.23
05/25/2018 01:00;15.21;9.24;335.68;0.24;859.64;23.72;12.89
05/25/2018 02:00;14.75;8.94;336.17;0.15;859.25;17.07;10.81
05/25/2018 03:00;14.48;9.03;142.07;0.03;858.61;17.04;11.21
05/25/2018 04:00;14.44;8.27;190.8;0.11;858.65;11.14;7.71
05/25/2018 05:00;14.41;8.47;20.44;0.06;858.99;15.33;9.93
05/25/2018 06:00;14.09;8.59;151.83;0.04;858.6;14.56;10.69
05/25/2018 07:00;13.44;8.58;284.33;0.04;858.68;16.96;12.55
05/25/2018 08:00;14.03;8.44;199.31;0.1;858.86;21.1;13.4
05/25/2018 09:00;15.32;8.63;176.59;0.25;858.88;23.21;11.3
05/25/2018 10:00;16.91;8.91;187.2;0.14;859.07;24.23;11.29
05/25/2018 11:00;19.44;8.67;162.96;0.25;858.91;21.19;10.85
05/25/2018 12:00;20.82;8.83;183.54;0.36;858.53;30.62;17.04
05/25/2018 13:00;22.75;8.55;192.52;0.14;858.06;26.84;11.8
05/25/2018 14:00;24.18;9.82;184.52;0.15;857.59;36.36;16.48
05/25/2018 15:00;24.11;9.98;174.93;0.22;857.33;50.95;22.98
05/25/2018 16:00;23.88;8.66;170.35;0.2;856.93;61.84;30.57
05/25/2018 17:00;25.38;8.99;166.52;0.34;856.19;60.58;27.52
05/25/2018 18:00;25.1;9.72;160.73;0.29;855.92;67.44;28.04
05/25/2018 19:00;24.86;9.93;163.98;0.26;855.72;78.61;31.9
05/25/2018 20:00;23.96;9.93;163.76;0.42;855.62;80.38;34.22
05/25/2018 21:00;22.83;10.45;165.28;0.43;855.78;81.08;37.17
05/25/2018 22:00;21.73;10.18;150.51;0.17;856.72;88.01;41.71
05/25/2018 23:00;20.72;9.42;179.65;0.15;857.2;91.32;47.55
05/26/2018 00:00;18.46;10.46;170.56;0.32;857.55;75.83;37
05/26/2018 01:00;16.41;10.87;227.14;0.13;857.69;46.15;26.28
05/26/2018 02:00;16.75;10.32;274.37;0.14;858.64;43.06;25.21
05/26/2018 03:00;15.83;11.51;171.3;0.05;858.86;39.3;25.92
05/26/2018 04:00;15.82;10.02;186.08;0.08;858.61;29.53;17.54
05/26/2018 05:00;15.66;9.7;94.44;0.01;858.19;32.19;19.83
05/26/2018 06:00;15;9.47;173.68;0.03;857.83;42.15;24.72
05/26/2018 07:00;14.85;9.17;292.63;0.05;858.18;62.57;30.14
05/26/2018 08:00;15.77;9.42;148.2;0.02;858.57;59.67;28.9
05/26/2018 09:00;17.39;9.69;312.59;0.06;858.84;56.58;26.98
05/26/2018 10:00;19.64;9.51;188.8;0.12;859.2;60.46;26.65
05/26/2018 11:00;21.63;8.61;22.91;0.21;859.36;69.05;27.74
05/26/2018 12:00;22.62;8.63;22.15;0.34;859.61;69.86;28.27
05/26/2018 13:00;23.99;9.6;1.67;0.19;859.7;73.48;28.67
05/26/2018 14:00;24.76;9.89;333.39;0.41;859.27;81.77;27.4
05/26/2018 15:00;25.83;8.18;309.84;0.52;858.89;91.97;28.41
05/26/2018 16:00;26.55;6.85;348.86;0.27;858.5;64.98;21.87
05/26/2018 17:00;26.26;6.57;316.22;0.34;858.32;59.65;20.82
05/26/2018 18:00;26.21;6.34;326.93;0.21;858.48;57.97;20.11
05/26/2018 19:00;22.5;7.36;337.79;0.45;859.49;118.53;22.27
05/26/2018 20:00;15.89;11.08;339.84;0.27;861.59;20.34;13.27
05/26/2018 21:00;16.09;9.8;207.72;0.09;861.77;21.42;7.63
05/26/2018 22:00;16.52;9.59;89.7;0.09;861.69;24.23;9.7
05/26/2018 23:00;16.8;9.16;173.29;0.22;861.51;28.67;11.77
05/27/2018 00:00;16.72;8.53;197.02;0.04;862.04;32.85;12.53
05/27/2018 01:00;16.26;8.09;298.26;0.02;862.3;39.86;14.87
05/27/2018 02:00;15.28;8.35;179.3;0.01;862.28;36.55;16.93
05/27/2018 03:00;15.18;7.99;207.33;0.01;862.43;21.99;12.25
05/27/2018 04:00;14.86;8.38;132.24;0.03;862.51;10.43;7.14
05/27/2018 05:00;14.42;8.07;169.68;0.08;862.59;8.46;6.01
05/27/2018 06:00;14.12;7.86;158.13;0.03;862.64;11.91;7.8
05/27/2018 07:00;14.17;7.95;155.45;0.07;863;20.55;7.67
05/27/2018 08:00;14.79;8.09;174.7;0.17;863.34;21.11;7.94
05/27/2018 09:00;16.46;8.25;172.4;0.04;863.64;22.66;8.03
05/27/2018 10:00;19.18;8.34;250.11;0.06;864.05;28.18;8.91
05/27/2018 11:00;22.17;7.61;147.67;0.17;864.31;29.35;7.89
05/27/2018 12:00;24.17;7.22;124.81;0.26;864.49;47.72;10.7
05/27/2018 13:00;25.21;7.43;183.21;0.06;864.37;38.66;11.37
05/27/2018 14:00;26.22;4.65;318.96;0.23;863.96;48.91;15
05/27/2018 15:00;26.84;3.15;350.87;0.34;863.56;58.41;15.8
05/27/2018 16:00;27.52;2.21;327.72;0.19;863.43;43.97;14.58
05/27/2018 17:00;27.91;1.25;3.09;0.21;863.1;41.8;14.63
05/27/2018 18:00;27.98;0.22;125.52;0.13;862.94;40.49;12.59
05/27/2018 19:00;26.17;6.44;167.48;0.49;862.97;33.17;10.43
05/27/2018 20:00;24.32;7.19;179.71;0.53;863.24;30.24;10.05
05/27/2018 21:00;22.55;9.05;178.57;0.6;863.55;28.7;10.41
05/27/2018 22:00;20.95;9.59;192.25;0.08;864;25.16;10.58
05/27/2018 23:00;19.83;9.61;187.89;0.2;864.64;25.57;9.83
05/28/2018 00:00;18.93;9.21;180.09;0.34;864.75;23.61;9.74
05/28/2018 01:00;18.36;8.88;190.93;0.2;864.67;20.38;8.78
05/28/2018 02:00;17.77;8.53;175.21;0.72;864.33;21.15;8.77
05/28/2018 03:00;17.28;8.24;174.31;0.37;864.02;18.43;8.87
05/28/2018 04:00;16.8;8.12;192.86;0.33;863.9;17.69;8.99
05/28/2018 05:00;16.4;8.02;244.28;0.07;863.74;16.79;8.39
05/28/2018 06:00;16.09;7.9;164.2;0.06;863.71;18.27;8.76
05/28/2018 07:00;15.56;8.13;167.95;0.1;864.15;18.12;9.35
05/28/2018 08:00;15.69;8.46;139.44;0.04;864.32;29.23;11.78
05/28/2018 09:00;17.09;8.67;155.35;0.05;864.43;27.66;12.14
05/28/2018 10:00;20.1;8.7;195.13;0.09;864.23;38.7;14.11
05/28/2018 11:00;22.56;9.05;195.05;0.17;864;33.49;12.05
05/28/2018 12:00;24.58;9.48;169.01;0.14;863.93;34.34;11.64
05/28/2018 13:00;26.14;8.8;147.53;0.12;863.42;33.61;10.91
05/28/2018 14:00;27;6.38;129.16;0.04;862.86;33.12;11.62
05/28/2018 15:00;28.62;5.59;100.48;0.28;861.98;52.59;15.64
05/28/2018 16:00;28.64;6.39;43.61;0.12;861.48;41.75;13.71
05/28/2018 17:00;29.07;6.55;83.15;0.13;860.93;50.03;14.67
05/28/2018 18:00;28.54;6.86;349.57;0.24;860.36;44.77;16.01
05/28/2018 19:00;27.77;6.61;132.71;0.1;859.84;45.19;16.22
05/28/2018 20:00;27.02;7.21;347.62;0.13;859.87;45.53;17.15
05/28/2018 21:00;26.06;7.41;351.05;0.08;859.99;50.59;18.59
05/28/2018 22:00;25.01;7.56;94.01;0.02;860.35;61.25;21.16
05/28/2018 23:00;23.99;8.2;169.21;0.21;860.72;33.92;15.46
05/29/2018 00:00;22.69;7.77;92.62;0.13;860.85;26.28;11.03
05/29/2018 01:00;21.79;7.32;161.25;0.05;860.48;26.17;10.86
05/29/2018 02:00;21.26;6.46;155.59;0.04;860.11;21.82;9.33
05/29/2018 03:00;20.73;6.66;153.32;0.07;859.85;22.74;10.03
05/29/2018 04:00;20.33;6.42;166.74;0.21;859.34;21.69;9.4
05/29/2018 05:00;20.15;5.77;136.87;0.04;859.08;20.95;8.92
05/29/2018 06:00;19.33;5.62;151.21;0.11;858.92;24.4;9.51
05/29/2018 07:00;18.8;5.35;161.17;0.13;859.32;21.76;10.01
05/29/2018 08:00;19.23;5.43;158.01;0.13;859.37;35.37;12.24
05/29/2018 09:00;20.29;5.35;174.5;0.53;859.17;44.59;11.84
05/29/2018 10:00;21.09;5.56;170.33;0.97;858.7;55.3;12.72
05/29/2018 11:00;22.13;6.22;175.8;0.86;858.73;40.42;10.71
05/29/2018 12:00;24.47;6.33;181.13;0.66;858.73;46.01;11.17
05/29/2018 13:00;23.32;7.14;173.39;0.5;859.13;35.19;10.29
05/29/2018 14:00;23.71;8.2;160.4;0.1;859.3;50.44;15.57
05/29/2018 15:00;22.69;8.29;98.15;0.52;858.98;71.83;16.05
05/29/2018 16:00;22.77;9.2;165.32;0.41;858.26;32.01;12.56
05/29/2018 17:00;22.74;10.02;165.66;0.3;857.79;31.66;13.39
05/29/2018 18:00;22.06;10.45;173.47;0.48;857.25;31.05;12.76
05/29/2018 19:00;22.57;10.53;169.02;0.43;857.02;31.94;14.32
05/29/2018 20:00;22.05;10.61;174.31;0.37;856.76;28.53;14.93
05/29/2018 21:00;21.1;10.85;174.98;0.14;856.67;30.62;14.92
05/29/2018 22:00;20.55;10.44;181.89;0.14;856.87;28.62;15.32
05/29/2018 23:00;19.95;10.1;166.57;0.25;857.58;24.96;13.34
05/30/2018 00:00;19.07;10.03;215.71;0.07;858.44;25.32;13.71
05/30/2018 01:00;17.53;9.34;197.56;0.18;858.63;22.27;11.08
05/30/2018 02:00;16.17;8.4;175;0.5;858.55;19.7;7.96
05/30/2018 03:00;15.31;8.25;169.86;0.87;858.42;16.1;7.31
05/30/2018 04:00;14.96;8.36;177.09;0.56;858.3;12.24;7.26
05/30/2018 05:00;14.75;8.25;180.39;0.21;858.26;10.49;6.96
05/30/2018 06:00;14.6;8.15;188.2;0.28;858.49;10.62;6.97
05/30/2018 07:00;14.26;8.07;181.74;0.59;858.79;11.99;7.41
05/30/2018 08:00;14.44;8.12;176.51;0.63;859;17.51;9.1
05/30/2018 09:00;15.63;8.83;182.15;0.34;859.53;20.25;10.13
05/30/2018 10:00;18.12;9.79;183.97;0.34;859.82;28.83;11.87
05/30/2018 11:00;20.32;10.5;166.73;0.67;859.91;29.31;13.04
05/30/2018 12:00;22.01;10.57;169.65;0.43;859.93;34.37;15.12
05/30/2018 13:00;23.04;10.45;158.33;0.29;859.77;40.99;17.55
05/30/2018 14:00;24.96;10.1;157.16;0.29;859.62;51.3;19.18
05/30/2018 15:00;24.53;9.5;127.66;0.22;859.1;55.53;20.92
05/30/2018 16:00;24.88;9;318.72;0.14;858.62;61.61;22.65
05/30/2018 17:00;25.15;9.27;148.12;0.2;857.97;58.77;21.81
05/30/2018 18:00;26.81;6.6;34.03;0.22;857.63;95.58;23.47
05/30/2018 19:00;27.02;5.98;5.54;0.28;857.6;60.91;19.84
05/30/2018 20:00;26.21;5.92;0.44;0.3;857.75;55.23;18.99
05/30/2018 21:00;24.48;7.25;36.72;0.1;858.01;53.91;20.67
05/30/2018 22:00;22.67;9.73;171.61;0.39;858.22;34.97;17.93
05/30/2018 23:00;21.48;10.14;169.89;0.07;858.44;38.6;20.57
05/31/2018 00:00;20.32;10.07;169.49;0.11;858.36;30.82;16.49
05/31/2018 01:00;19.4;9.79;165.46;0.05;858.26;30.87;16.28
05/31/2018 02:00;18.63;9.89;172.07;0.07;858.21;30.16;16.92
05/31/2018 03:00;18.06;9.76;124.24;0.01;857.81;27.75;16.51
05/31/2018 04:00;17.34;9.77;203.54;0.02;857.57;27.79;16.9
05/31/2018 05:00;16.86;9.78;186.84;0.03;857.48;27.85;16.86
05/31/2018 06:00;16.4;9.79;266.96;0.01;857.36;28.44;17.45
05/31/2018 07:00;16.57;9.98;324.48;0.02;857.08;33.12;19.4
05/31/2018 08:00;17.32;10.26;191.87;0.09;856.82;42.41;20.16
05/31/2018 09:00;18.71;10.36;175.59;0.2;856.76;51.54;20.12
05/31/2018 10:00;20.99;10.43;160.82;0.06;856.85;55.54;22.13
05/31/2018 11:00;21.84;11.42;350.09;0.12;856.9;88.92;28.52
05/31/2018 12:00;19.68;14.27;349.91;0.16;857.17;60.16;27.27
05/31/2018 13:00;22.09;12.64;10.03;0.42;856.79;59.47;22.92
05/31/2018 14:00;23.6;11.48;333.1;0.38;856.61;56.69;22.04
05/31/2018 15:00;24.94;11.5;333.48;0.3;856.1;59.24;23.88
05/31/2018 16:00;26.15;11.16;311.64;0.34;855.55;73.21;28.02
05/31/2018 17:00;26.68;10.45;321.35;0.33;855.01;82.46;30.21
05/31/2018 18:00;26.63;10.23;310.43;0.25;854.72;88.17;31.4
05/31/2018 19:00;26.27;10.19;317.55;0.22;854.37;97.19;34.07
05/31/2018 20:00;25.57;9.93;94.83;0.06;853.98;104.44;35.92
05/31/2018 21:00;24.67;10.12;120.23;0.07;854.2;116.06;39.38
05/31/2018 22:00;24.03;10.21;82.81;0.07;854.77;102.58;39.43
05/31/2018 23:00;23.18;11.15;7.85;0.2;855.44;91.83;40.79
06/01/2018 00:00;21.73;11.51;78.93;0.11;855.48;58.12;25.06
06/01/2018 01:00;20.64;11.33;15.71;0.15;855.5;62.47;28.13
06/01/2018 02:00;19.8;11.07;10.13;0.13;855.6;58.32;27.44
06/01/2018 03:00;18.55;11.05;124.99;0.04;855.71;59.63;29.39
06/01/2018 04:00;18.97;8.39;89.41;0.02;855.63;68.25;28.56
06/01/2018 05:00;18.91;7.74;25.27;0.09;855.55;68.49;27.68
06/01/2018 06:00;17.72;7.86;323.64;0.02;855.57;71.82;26.29
06/01/2018 07:00;17.38;7.87;169.5;0.03;855.65;71.34;26.61
06/01/2018 08:00;18.24;8.67;151.36;0.01;855.91;84.92;29.9
06/01/2018 09:00;19.96;7.93;96.47;0.04;856.13;71.74;27.31
06/01/2018 10:00;22.45;6.84;346.8;0.09;856.04;82.98;25.34
06/01/2018 11:00;25.16;6.02;358.48;0.38;855.8;118.18;21.74
06/01/2018 12:00;26.68;3.83;64.97;0.38;855.72;179.82;26.26
06/01/2018 13:00;26.83;3.62;359.13;0.49;855.4;115.77;21.75
06/01/2018 14:00;28.06;3.34;80.24;0.45;855.16;103.01;16.98
06/01/2018 15:00;28.68;3.44;83.24;0.52;854.79;75.22;17.74
06/01/2018 16:00;29.36;2.18;0.66;0.37;854.3;69.14;13.04
06/01/2018 17:00;29.52;1.86;73.68;0.3;853.91;73.83;12.47
06/01/2018 18:00;29.26;1.75;30.38;0.25;853.67;81.25;13.08
06/01/2018 19:00;28.62;0.53;8.21;0.36;853.54;44.53;9.83
06/01/2018 20:00;27.35;-2.01;95.39;0.47;853.59;37.21;10.09
06/01/2018 21:00;25.82;-2.15;104.44;0.44;853.77;33.45;8.76
06/01/2018 22:00;24.44;-0.53;106.23;0.26;854.27;28.11;9.2
06/01/2018 23:00;22.97;2.03;4.61;0.16;855.22;46.09;12.8
06/02/2018 00:00;19.67;7.18;9.12;0.68;856.3;61.31;14.13
06/02/2018 01:00;18.89;7.57;316.52;0.23;856.71;34.8;12.68
06/02/2018 02:00;18.09;7.18;355.74;0.31;857.12;18.02;8.91
06/02/2018 03:00;17.19;7.13;46.06;0.08;857.16;17.45;8.73
06/02/2018 04:00;16.03;7.46;279.88;0.03;857.18;23.49;10.31
06/02/2018 05:00;16.45;7.4;227.81;0.06;857.41;23.91;10.83
06/02/2018 06:00;16.15;7.46;169.44;0.06;857.64;22.3;12.32
06/02/2018 07:00;16.17;8.33;211.33;0.05;857.98;16.05;8.79
06/02/2018 08:00;16.1;8.79;181.72;0.24;858.4;23.46;12.16
06/02/2018 09:00;17.07;9.12;179.37;0.15;858.53;34.11;13.42
06/02/2018 10:00;19.79;9.27;178.05;0.17;858.44;28.94;12.18
06/02/2018 11:00;23.25;8.65;174.22;0.13;858.25;34.04;11.76
06/02/2018 12:00;25.05;6.76;190.73;0.15;858.05;35.04;10.75
06/02/2018 13:00;26.33;2.77;44.21;0.13;857.93;50.59;12.34
06/02/2018 14:00;27.22;2.09;359.64;0.26;857.7;55.03;12.15
06/02/2018 15:00;28.05;2.63;339.26;0.33;857.34;49.69;12.42
06/02/2018 16:00;28.51;-0.56;52.2;0.24;856.97;40.73;10.05
06/02/2018 17:00;28.88;-0.82;337.49;0.38;856.59;49.48;10.95
06/02/2018 18:00;28.87;0.47;15.75;0.29;856.28;36.89;9.61
06/02/2018 19:00;28.05;1.15;105.06;0.36;856;34.9;9.23
06/02/2018 20:00;26.55;1.36;116.23;0.52;856.02;33.45;9.49
06/02/2018 21:00;23.58;7.03;196.8;0.2;856.56;33.29;10.07
06/02/2018 22:00;20.7;7.86;174.25;0.24;857.11;53.03;12.53
06/02/2018 23:00;18.47;7.99;196.12;0.24;857.83;70.74;14.24
06/03/2018 00:00;16.7;7.83;233.1;0.18;858.42;38.76;11.69
06/03/2018 01:00;15.57;7.66;186.13;0.29;859.09;15.64;6.93
06/03/2018 02:00;14.8;7.72;197.99;0.34;859.18;11.85;6.37
06/03/2018 03:00;14.46;7.58;192.48;0.35;859.29;9.65;6.76
06/03/2018 04:00;13.98;7.47;183.42;0.42;859.18;9;6.08
06/03/2018 05:00;13.41;7.34;186.72;0.35;859.03;7.81;6.07
06/03/2018 06:00;12.97;7.22;199.06;0.19;858.83;6.06;4.66
06/03/2018 07:00;12.76;6.94;193.33;0.21;858.69;9.63;5.11
06/03/2018 08:00;13.65;7.12;178.12;0.6;858.72;13.05;6.6
06/03/2018 09:00;15.31;7.64;182.77;0.39;859.29;15.55;7.18
06/03/2018 10:00;17.32;8.19;194.69;0.2;859.37;19.26;8.61
06/03/2018 11:00;19.4;8.41;187.61;0.06;859.49;22.2;8.94
06/03/2018 12:00;21.72;8.55;130.28;0.16;859.26;28.98;11.01
06/03/2018 13:00;23.68;7.99;174.58;0.07;858.63;42.12;14.48
06/03/2018 14:00;24.63;7.26;339.69;0.21;858.11;40.27;13.93
06/03/2018 15:00;25.69;7.25;25.78;0.24;857.42;45.12;15.71
06/03/2018 16:00;26.42;5.74;340.83;0.33;856.77;43.66;13.25
06/03/2018 17:00;27.31;4.22;49.43;0.2;856.06;41.78;10.88
06/03/2018 18:00;27.1;1.86;342.8;0.52;855.7;67.2;14.46
06/03/2018 19:00;26.74;2.49;339.34;0.55;855.61;52.36;12.55
06/03/2018 20:00;22.86;8.55;331;0.27;856.14;82.18;15.67
06/03/2018 21:00;21.01;9.6;11.93;0.11;856.66;33.5;11.94
06/03/2018 22:00;19.52;9.25;284.47;0.14;857.19;23.01;9.78
06/03/2018 23:00;18.29;9.26;313.33;0.13;858.1;22.32;10.01
06/04/2018 00:00;17.78;9.2;240.55;0.03;858.02;17.81;9.39
06/04/2018 01:00;17.26;8.75;193.71;0.18;857.82;12.58;7.89
06/04/2018 02:00;17.02;7.97;178.05;0.18;857.57;10.46;6.84
06/04/2018 03:00;16.67;8.07;106.83;0.02;857.15;10.93;7.08
06/04/2018 04:00;16.11;8.26;168.69;0.07;856.83;11.05;7.42
06/04/2018 05:00;15.7;8.16;163.24;0.17;856.63;9.61;7.18
06/04/2018 06:00;15.09;7.97;169.36;0.17;856.63;9.62;7.53
06/04/2018 07:00;14.85;7.91;167.55;0.07;856.91;11.09;8.28
06/04/2018 08:00;15.65;8.1;155.56;0.15;857.28;13.64;8.6
06/04/2018 09:00;17.37;8.29;164.49;0.04;857.65;24.12;9.69
06/04/2018 10:00;19.52;7.74;150.41;0.02;857.76;23.6;10.76
06/04/2018 11:00;21.89;7.52;100.44;0.15;857.55;30.9;11.48
06/04/2018 12:00;23.88;7.27;330.8;0.13;857.26;37.49;12.53
06/04/2018 13:00;24.77;7.95;342.35;0.34;857;44.92;15.85
06/04/2018 14:00;26.9;5.23;0.07;0.21;856.54;44.83;12.62
06/04/2018 15:00;27.67;3.75;329.12;0.61;856.21;65.72;13.56
06/04/2018 16:00;26.55;4.19;317.22;0.63;856.01;34.98;10.99
06/04/2018 17:00;23.71;6.29;328.23;0.53;856.25;69.64;13.01
06/04/2018 18:00;21.14;9.43;359.87;0.5;856.8;32.58;12.35
06/04/2018 19:00;22.7;7.66;71.41;0.1;855.84;18.94;9.16
06/04/2018 20:00;22.82;6.74;168.38;0.1;855.5;20.8;10.1
06/04/2018 21:00;21.77;7.47;167.63;0.33;855.56;20.21;10.92
06/04/2018 22:00;21.48;7.1;171.45;0.33;855.65;17.07;9.79
06/04/2018 23:00;20.92;8.18;186.53;0.26;855.67;18.41;9.91
06/05/2018 00:00;20.16;8.28;172.25;0.61;855.26;19.62;10.25
06/05/2018 01:00;19.84;9.2;174.02;0.48;855.35;19.56;10.15
06/05/2018 02:00;19.03;9.6;174.24;0.55;854.99;24.3;12.15
06/05/2018 03:00;17.03;10.35;179.66;0.41;854.32;19.55;12.65
06/05/2018 04:00;18.14;9.56;176.01;0.62;853.76;16.06;10.63
06/05/2018 05:00;17.64;9.69;172.79;0.59;853.93;14.07;10.82
06/05/2018 06:00;17.77;9.18;171.29;0.61;853.78;13.9;10.68
06/05/2018 07:00;17.53;9.1;192.04;0.1;853.78;14.68;10.89
06/05/2018 08:00;18.01;9.42;180.34;0.09;854.2;18.57;11.76
06/05/2018 09:00;19.38;9.82;180.69;0.05;854.48;21.5;12.07
06/05/2018 10:00;21.57;9.77;291.66;0.22;854.99;34.34;15.52
06/05/2018 11:00;21.86;10.87;316.01;0.47;855.62;38.03;21.94
06/05/2018 12:00;23.27;10.53;347.28;0.2;855.65;36;18.7
06/05/2018 13:00;26.06;7.79;348.33;0.36;855.71;44.87;15.36
06/05/2018 14:00;27.68;4.44;359.13;0.51;855.56;60.98;12.22
06/05/2018 15:00;27.86;5.44;330.05;0.6;855.39;37.21;10.6
06/05/2018 16:00;29.21;3.44;9.28;0.34;855.22;59.82;10.95
06/05/2018 17:00;29.5;2.67;341.93;0.56;855.07;49.3;10.21
06/05/2018 18:00;29.25;2.28;339.21;0.61;855.06;40.34;10
06/05/2018 19:00;28.71;1.76;55.5;0.31;854.87;36.58;8.52
06/05/2018 20:00;27.62;1.95;18.67;0.22;854.95;31.25;8.81
06/05/2018 21:00;26.22;2.5;345.79;0.33;855.54;33.38;11.07
06/05/2018 22:00;24.78;2.22;102.92;0.35;856.25;28.69;10.33
06/05/2018 23:00;23.59;1.54;109.33;0.5;857.17;20.31;8.1
06/06/2018 00:00;22.68;2.17;108.95;0.54;857.78;20.56;8.18
06/06/2018 01:00;21.28;3.31;348.22;0.07;858.29;40.25;17.42
06/06/2018 02:00;20.17;3.61;119.1;0.05;858.75;28.52;12.82
06/06/2018 03:00;19.37;7.7;307.44;0.22;859.51;18.34;10.87
06/06/2018 04:00;18.14;10.58;325.93;0.21;859.88;17.89;11.57
06/06/2018 05:00;17.17;10.29;97.33;0.2;860.01;17.02;12.13
06/06/2018 06:00;16.22;9.16;172.29;0.01;860.23;18.18;13.02
06/06/2018 07:00;16.35;7.96;232.95;0.08;860.74;21.35;13.26
06/06/2018 08:00;17.06;6.5;175.16;0.15;861.19;21.03;11.81
06/06/2018 09:00;18.74;5.89;213.39;0.09;861.63;24.85;12.45
06/06/2018 10:00;21.36;7.04;294.67;0.15;861.73;17.24;9.71
06/06/2018 11:00;23.72;6.41;315.65;0.24;861.79;16.15;7.51
06/06/2018 12:00;25.13;5.41;320.84;0.4;861.93;20.24;7.23
06/06/2018 13:00;26.07;4.6;339.01;0.57;861.88;25.07;8.16
06/06/2018 14:00;27.24;3.8;323.27;0.37;861.67;24.29;7.92
06/06/2018 15:00;28.09;1.66;313.2;0.46;861.55;24.14;7.08
06/06/2018 16:00;29.2;0.13;329.68;0.3;861.38;27.38;7.09
06/06/2018 17:00;29.21;0.39;319.03;0.49;861.31;26.16;6.59
06/06/2018 18:00;29.18;0.87;341.82;0.39;861.35;20.84;5.68
06/06/2018 19:00;28.36;1.31;25.52;0.11;861.31;17.66;6.53
06/06/2018 20:00;27.64;0.65;5.69;0.15;861.32;16.92;5.86
06/06/2018 21:00;25.86;1.09;35.55;0.1;861.45;29.11;10.52
06/06/2018 22:00;24.86;1.77;62.83;0.1;861.7;39;13.07
06/06/2018 23:00;22.75;2.08;167.4;0.02;862.18;41.1;13.13
06/07/2018 00:00;21.88;2.53;259.67;0;862.31;35.41;12.86
06/07/2018 01:00;20.88;2.09;265.5;0.07;862.22;31.49;10.98
06/07/2018 02:00;20.65;1.34;177.52;0.05;862.39;26.56;10.64
06/07/2018 03:00;20.45;2.93;193.69;0.02;862.4;19.41;8.57
06/07/2018 04:00;19.77;3.92;148.19;0.01;862.41;15.08;7.88
06/07/2018 05:00;19.16;4.04;173.46;0.07;862.7;14.56;7.55
06/07/2018 06:00;18.67;4.18;198.48;0.06;862.92;14.48;7.44
06/07/2018 07:00;18.22;4.37;206.91;0.03;863.37;18.79;8.62
06/07/2018 08:00;18.76;4.64;244.58;0.05;863.8;32.35;11.31
06/07/2018 09:00;20.35;5.72;169.68;0.07;863.94;27.62;10.49
06/07/2018 10:00;23.32;6.16;186.04;0.13;864.07;30.44;9.56
06/07/2018 11:00;25.8;5.49;96.92;0.07;863.92;27.25;8.18
06/07/2018 12:00;26.71;5.2;291.93;0.16;863.95;28.01;8.19
06/07/2018 13:00;27.98;5.16;315.11;0.38;863.85;33.83;8.49
06/07/2018 14:00;29.03;4.38;1.92;0.16;863.45;41.35;9.22
06/07/2018 15:00;29.71;3.51;322.34;0.28;862.99;25.6;6.93
06/07/2018 16:00;29.82;3.16;317.35;0.42;862.61;30.71;7.25
06/07/2018 17:00;30.43;3.33;339.2;0.2;862.38;25.73;7.2
06/07/2018 18:00;30.7;2.56;1.41;0.19;862.07;27.99;7
06/07/2018 19:00;29.85;2;337.54;0.25;861.71;22.84;5.94
06/07/2018 20:00;28.78;-0.08;338.12;0.3;861.7;17.3;5.11
06/07/2018 21:00;27.61;-2.27;355.05;0.18;861.8;19.92;5.55
06/07/2018 22:00;25.68;1.24;179.24;0.11;862.14;29.85;7.95
06/07/2018 23:00;23.41;9.23;187.96;0.11;862.55;30.8;11.67
06/08/2018 00:00;22.63;9.18;220.76;0.07;862.73;24.77;11.38
06/08/2018 01:00;21.98;9.27;183.55;0.08;862.77;22.58;11.18
06/08/2018 02:00;21.06;10.1;180.75;0.13;862.62;21.72;11.93
06/08/2018 03:00;20.24;10.58;190.82;0.09;862.32;22.56;11.97
06/08/2018 04:00;19.63;10.23;182.98;0.1;862.37;22.93;12.36
06/08/2018 05:00;19.19;9.78;222.31;0.05;862.34;19.6;11.15
06/08/2018 06:00;18.63;9.3;172.57;0.14;862.14;19.25;11.51
06/08/2018 07:00;18.24;9.13;282.42;0.02;862.57;21.86;12.45
06/08/2018 08:00;18.84;9.05;230.29;0.02;862.86;29.28;12.41
06/08/2018 09:00;20.15;9.31;127.6;0.04;862.82;25.88;11.85
06/08/2018 10:00;22.64;9.35;148.61;0.14;862.82;31.78;11.9
06/08/2018 11:00;25.07;8.85;236.5;0.05;862.53;25.5;9.37
06/08/2018 12:00;26.54;7.95;358.08;0.2;862.22;25.84;9.38
06/08/2018 13:00;28.08;6.38;346.8;0.22;861.7;23.55;7.37
06/08/2018 14:00;28.25;6.27;333.68;0.41;861;22.29;7.07
06/08/2018 15:00;29.28;5.8;317.72;0.45;860.36;26.44;6.75
06/08/2018 16:00;29.84;4.79;354.48;0.3;859.9;28.83;6.54
06/08/2018 17:00;30.49;2.13;331.12;0.33;859.36;18.94;5.05
06/08/2018 18:00;30.4;1.21;339.92;0.29;858.78;16.47;4.61
06/08/2018 19:00;29.55;0.35;27.52;0.21;858;12.76;4.41
06/08/2018 20:00;28.88;1.15;352.45;0.22;857.73;16.11;5.09
06/08/2018 21:00;25.99;8.36;167.91;0.2;858.1;25.32;9.15
06/08/2018 22:00;23.45;10.16;186.98;0.28;858.66;23.52;11.34
06/08/2018 23:00;21.97;10.29;188.73;0.14;858.91;24.58;12.78
06/09/2018 00:00;20.78;10.56;199.27;0.19;859.12;24.13;13.1
06/09/2018 01:00;20.55;10.58;172.82;0.05;859.97;21.39;12.02
06/09/2018 02:00;19.99;10.66;240.37;0.04;860.12;19.62;11.62
06/09/2018 03:00;19.06;10.32;178.76;0.07;859.77;15.07;10.07
06/09/2018 04:00;18.25;9.43;184.55;0.13;859.3;9.39;7
06/09/2018 05:00;18.19;8.17;174.65;0.32;858.99;5.12;4.14
06/09/2018 06:00;17.5;8.16;173.97;0.28;858.85;5.39;4.16
06/09/2018 07:00;16.76;8.39;168.3;0.41;859.11;17.53;6.2
06/09/2018 08:00;16.98;8.67;151.58;0.1;859.19;13.85;6.61
06/09/2018 09:00;18.02;9.34;180.53;0.11;859.28;20.31;10.03
06/09/2018 10:00;20.37;9.5;199.46;0.23;859.38;21.34;9.67
06/09/2018 11:00;22.66;8.88;174.13;0.43;859;15.61;6.86
06/09/2018 12:00;24;8.24;176.66;0.37;858.6;17.02;5.79
06/09/2018 13:00;25.26;7.33;162.8;0.25;857.99;17.6;4.85
06/09/2018 14:00;25.99;7.23;181.14;0.34;857.36;14.52;4.6
06/09/2018 15:00;26.73;7.8;175.28;0.09;856.78;15.94;5.32
06/09/2018 16:00;26.55;7.89;121.22;0.15;856.3;19.3;5.68
06/09/2018 17:00;26.11;8.07;181.03;0.29;855.82;15.64;5.52
06/09/2018 18:00;25.35;8.4;180.56;0.34;855.51;16.1;6.36
06/09/2018 19:00;24.28;8.32;170.21;0.42;855.31;13.5;5.82
06/09/2018 20:00;24.04;8.64;174.4;0.51;855.49;13.31;5.89
06/09/2018 21:00;22.48;8.82;176.59;0.57;855.75;19.21;7.3
06/09/2018 22:00;20.75;9.09;177.61;0.52;855.95;23.51;8.77
06/09/2018 23:00;19.63;9.22;210.47;0.17;856.36;23.7;7.94
06/10/2018 00:00;18.89;9.16;207.33;0.24;856.34;16.32;7.45
06/10/2018 01:00;18.19;9.13;177.83;0.62;855.95;18.41;7.45
06/10/2018 02:00;17.56;9.27;171.83;0.62;855.32;15.43;8.62
06/10/2018 03:00;17.26;9.11;175.98;0.55;854.96;18.62;9.35
06/10/2018 04:00;16.94;9.07;167.94;0.76;854.74;17.84;9.74
06/10/2018 05:00;16.36;9;171.89;0.75;854.51;17.67;10.02
06/10/2018 06:00;15.92;8.89;168;0.86;854.31;17.42;10.86
06/10/2018 07:00;15.88;8.89;168.63;0.74;854.31;15.7;10.32
06/10/2018 08:00;16.28;8.84;163.44;1.04;854.27;22.34;11.32
06/10/2018 09:00;17.21;8.87;168.33;0.86;854.36;21.91;10.52
06/10/2018 10:00;19.78;9.09;171.46;0.65;854.38;18.54;8.84
06/10/2018 11:00;22.52;8.9;164.11;0.57;854.24;18.04;8.15
06/10/2018 12:00;24.36;8.78;182.01;0.26;853.96;20.99;7.58
06/10/2018 13:00;25.78;8.63;188.81;0.24;853.66;19.58;6.53
06/10/2018 14:00;26.96;8.09;142.59;0.27;853.13;25.59;7.62
06/10/2018 15:00;26.18;8.72;133.01;0.21;852.7;37.13;9.06
06/10/2018 16:00;26.94;8.11;179.6;0.12;852.37;24.26;7.34
06/10/2018 17:00;27.58;7.3;41.06;0.24;852.07;29.2;8.71
06/10/2018 18:00;28.19;7.35;142.37;0.13;851.57;27.95;9.1
06/10/2018 19:00;26.8;7.41;183.5;0.23;851.5;31.5;9.22
06/10/2018 20:00;24.91;8.6;174.56;0.61;852.01;28.56;7.92
06/10/2018 21:00;23.65;8.62;190.07;0.25;852.79;17.52;7.28
06/10/2018 22:00;22.58;9.23;185.16;0.14;853.24;23.67;8.29
06/10/2018 23:00;21.79;9.63;221.4;0.17;853.71;41.25;26.71
06/11/2018 00:00;20.95;9.39;174.12;0.31;853.55;12.98;7.75
06/11/2018 01:00;19.89;9.57;169.3;0.71;853.42;17.33;8.63
06/11/2018 02:00;19.16;9.66;191.89;0.39;853.29;12.98;8.25
06/11/2018 03:00;18.43;9.85;175.76;0.38;853.04;17.02;9.82
06/11/2018 04:00;17.69;9.69;199.86;0.26;853.02;12.36;8.45
06/11/2018 05:00;17.41;9.22;178.29;0.6;852.94;29.31;23.52
06/11/2018 06:00;17.1;9.05;200.14;0.14;852.79;13.19;10.34
06/11/2018 07:00;16.97;8.87;168.2;0.08;852.95;17.27;9.9
06/11/2018 08:00;17.34;9.03;165.82;0.07;853.18;14.27;8.35
06/11/2018 09:00;18.76;9.08;202.01;0.25;853.39;20.52;8.69
06/11/2018 10:00;21.25;9.49;184.21;0.48;853.5;18.74;8.69
06/11/2018 11:00;24.27;9.4;179.12;0.49;853.22;21.78;7.53
06/11/2018 12:00;26.28;9.18;172.69;0.22;853.04;22.11;6.87
06/11/2018 13:00;27.91;8.21;68.09;0.11;852.83;25.7;6.97
06/11/2018 14:00;28.74;8.23;69.82;0.17;852.39;41.53;11.19
06/11/2018 15:00;28.91;7.11;27.53;0.28;851.98;61;11.11
06/11/2018 16:00;30.41;4.53;10.8;0.33;851.65;42.54;8.47
06/11/2018 17:00;30.64;3.14;11.58;0.37;851.44;42.58;8.39
06/11/2018 18:00;29.09;2.29;16.41;0.31;851.44;40.79;8.22
06/11/2018 19:00;27.53;5.28;23.95;0.03;851.76;45.3;7.99
06/11/2018 20:00;25.15;8.62;36.5;0.54;852.68;62.79;11.18
06/11/2018 21:00;23.92;5.11;162.29;0.09;853.08;16.65;5.05
06/11/2018 22:00;23.23;5.47;114.77;0.23;853.94;36.12;7.59
06/11/2018 23:00;22;5.76;130.22;0.17;854.38;20.78;6.71
06/12/2018 00:00;21.36;8.65;174.48;0.27;854.37;20.23;8.41
06/12/2018 01:00;20.48;9.7;134.86;0.12;854.42;20.64;10.09
06/12/2018 02:00;19.7;9.56;103.92;0.09;854.48;17.7;8.72
06/12/2018 03:00;19.15;8.59;122.9;0.04;853.44;16.96;9.13
06/12/2018 04:00;18.18;8.45;248.54;0.06;852.63;14.95;10.29
06/12/2018 05:00;17.91;9.11;196.64;0.17;852.38;12.48;7.55
06/12/2018 06:00;17.11;8.88;190.07;0.03;852.59;12.3;7.48
06/12/2018 07:00;16.81;8.9;184.6;0.09;852.92;15.45;7.85
06/12/2018 08:00;17.1;9.27;201.24;0.26;853.14;17.14;9.44
06/12/2018 09:00;18.19;9.48;179.7;0.62;853.26;21.72;9.57
06/12/2018 10:00;20.48;9.51;177.13;0.64;853.15;18.93;8.02
06/12/2018 11:00;23.46;9.15;177.2;0.61;853.06;24.94;7.66
06/12/2018 12:00;25.83;8.73;187.18;0.32;853.06;22.68;7.54
06/12/2018 13:00;26.82;7.34;173.37;0.2;852.76;23.72;6.78
06/12/2018 14:00;27.78;6.97;106.65;0.08;852.13;50.23;13.29
06/12/2018 15:00;25.24;7.12;184.19;0.31;852.04;64.15;16.84
06/12/2018 16:00;25.52;7.04;180.34;0.44;851.58;55.86;15.06
06/12/2018 17:00;24.69;7.25;170.3;0.63;851.62;39.04;12.11
06/12/2018 18:00;24.66;7.46;25.88;0.57;852.7;110.05;18.86
06/12/2018 19:00;22.93;8.13;23.98;0.19;853.39;38.68;11.8
06/12/2018 20:00;21.05;9.22;168.99;0.15;854.42;32.58;11.74
06/12/2018 21:00;19.75;9.48;183.64;0.62;854.77;27.31;9.34
06/12/2018 22:00;19.31;8.78;185.17;0.66;855.04;18.55;7.55
06/12/2018 23:00;18.56;9.48;205.01;0.1;855.79;16.18;8.64
06/13/2018 00:00;18.02;9.63;180.77;0.31;856.12;16.28;9.23
06/13/2018 01:00;17.46;9.07;184.46;0.46;855.82;14.18;8.86
06/13/2018 02:00;16.72;8.81;187.17;0.15;855.52;13.58;9.04
06/13/2018 03:00;16.38;8.75;212.38;0.22;855.22;12.99;8.34
06/13/2018 04:00;15.92;8.97;195.21;0.13;855.33;11.65;8.72
06/13/2018 05:00;15.43;8.81;205.78;0.22;855.36;10.95;8.3
06/13/2018 06:00;14.87;8.73;180.38;0.47;855.54;10.97;8.14
06/13/2018 07:00;14.53;8.69;216.34;0.1;855.85;11.36;7.87
06/13/2018 08:00;14.83;8.68;202.81;0.32;856.23;13.97;8.2
06/13/2018 09:00;16.03;9.11;186.37;0.56;856.4;23.34;8.86
06/13/2018 10:00;18.23;9.3;183.77;0.62;856.47;21.52;7.19
06/13/2018 11:00;20.35;8.87;183.12;0.62;856.5;59.24;12.63
06/13/2018 12:00;22.39;8.84;190.12;0.45;856.45;24.77;8.02
06/13/2018 13:00;24;9.01;184.38;0.37;856.26;27.06;8.18
06/13/2018 14:00;25.3;8.38;187.34;0.35;855.82;22.26;7.39
06/13/2018 15:00;26.18;7.46;179.98;0.24;855.38;27.53;8.21
06/13/2018 16:00;27.1;7.03;145.65;0.17;854.83;39.85;10.84
06/13/2018 17:00;28.16;7.24;161.72;0.38;854.44;40.57;10.34
06/13/2018 18:00;27.14;7.55;170.53;0.35;854.23;46.6;11.66
06/13/2018 19:00;26.32;8.04;173.65;0.34;854.03;38.71;9.83
06/13/2018 20:00;24.51;8.6;183.82;0.53;854.41;25.67;7.69
06/13/2018 21:00;22.88;8.52;174.25;0.53;854.74;23.15;8.27
06/13/2018 22:00;21.41;8.52;177.89;0.38;855.03;20.13;7.84
06/13/2018 23:00;20.36;8.6;219.48;0.11;855.69;17.39;8.15
06/14/2018 00:00;19.48;8.63;198.42;0.08;856.02;16.66;8.1
06/14/2018 01:00;18.74;8.74;225.45;0.08;856.02;16;7.53
06/14/2018 02:00;18.36;8.43;209.18;0.14;855.93;17.39;7.94
06/14/2018 03:00;17.88;8.13;154.83;0.03;855.9;13.19;7.13
06/14/2018 04:00;17.4;8.2;177.97;0.17;855.67;13.47;7.39
06/14/2018 05:00;17.22;8.71;151.76;0.14;855.66;13.11;8.07
06/14/2018 06:00;16.49;8.88;152.2;0.25;855.82;14.4;9.35
06/14/2018 07:00;16.15;8.53;154.81;0.16;856.12;15.48;9.06
06/14/2018 08:00;16.78;8.59;205.6;0.16;856.33;17.81;9.54
06/14/2018 09:00;18.08;8.97;191.9;0.2;856.65;26.41;10.95
06/14/2018 10:00;20.6;9.32;198.42;0.18;856.68;34.28;12
06/14/2018 11:00;23.78;9.47;160.5;0.23;856.74;39.63;11.88
06/14/2018 12:00;25.79;9.32;156.65;0.26;856.61;34.53;10.58
06/14/2018 13:00;27.48;9.31;175.48;0.34;856.14;41.38;10.56
06/14/2018 14:00;29.29;8.04;184.46;0.24;855.76;38.58;10.42
06/14/2018 15:00;27.19;5.8;289.57;0.24;855.51;103.45;19.96
06/14/2018 16:00;18.72;11.78;333.51;0.61;856.5;28;13.47
06/14/2018 17:00;21.04;10.16;329.19;0.13;855.39;44.71;12.83
06/14/2018 18:00;25.21;7.49;126.94;0.28;855.71;52.37;11.52
06/14/2018 19:00;26.58;4.42;166.21;0.21;855.08;23.89;6.22
06/14/2018 20:00;24.43;6.57;193.14;0.24;855.33;24.28;8.57
06/14/2018 21:00;23.19;6.96;186.26;0.05;855.82;23.38;8.55
06/14/2018 22:00;22.21;7.87;198.64;0.22;856.2;22.93;9.87
06/14/2018 23:00;21.74;8.08;193.94;0.1;856.39;20.44;8.83
06/15/2018 00:00;20.38;8.15;168.95;0.59;856.64;25.23;9.42
06/15/2018 01:00;19.41;7.55;175.81;0.76;856.45;25.65;7.19
06/15/2018 02:00;19.24;7.25;215.94;0.08;856.05;18.82;7.63
06/15/2018 03:00;19.5;6.7;170.62;0.29;856.12;13.41;6.2
06/15/2018 04:00;18.77;7;181.61;0.14;856.25;11.8;5.76
06/15/2018 05:00;18.3;7.24;177.16;0.04;856.19;11.88;6.46
06/15/2018 06:00;17.99;7.59;152.87;0.2;856.23;12.08;7.24
06/15/2018 07:00;17.38;7.79;131.42;0.2;856.39;18.26;8.1
06/15/2018 08:00;18.33;8.18;171.44;0.12;856.46;19.57;8.36
06/15/2018 09:00;19.39;8.39;203.2;0.09;856.64;19.11;7.95
06/15/2018 10:00;21.64;8.15;164.8;0.26;856.72;22.97;8.52
06/15/2018 11:00;24.32;7.97;137.16;0.09;857.01;25.32;8.1
06/15/2018 12:00;26.32;8.46;144.76;0.08;856.78;28.83;9.69
06/15/2018 13:00;28.08;7.64;7.55;0.03;856.18;30.15;10.04
06/15/2018 14:00;28.74;6.46;338.51;0.23;855.67;36.41;12.05
06/15/2018 15:00;28.28;5.78;58.01;0.18;855.21;82.77;16.05
06/15/2018 16:00;24.76;6.84;195.36;0.08;855.37;28.15;8.54
06/15/2018 17:00;28.33;4.91;118.14;0.21;854.97;26.08;8.37
06/15/2018 18:00;26.11;6.41;100.07;0.33;855.38;55.21;10.73
06/15/2018 19:00;26.32;7.16;207.6;0.12;854.81;16.64;6.75
06/15/2018 20:00;24.65;8.3;168.96;0.03;855.36;19.05;9.62
06/15/2018 21:00;23.58;8;179.79;0.15;856.76;20.74;9.41
06/15/2018 22:00;22.82;8.21;166.1;0.29;857.03;20.87;9.77
06/15/2018 23:00;22.41;7.89;188.91;0.21;856.21;24.27;10.56
06/16/2018 00:00;21.29;8.79;162.99;0.1;856.64;18.99;10.57
06/16/2018 02:00;20.07;8.55;194.3;0.03;856.38;16.85;9.77
06/16/2018 03:00;19.4;8.66;103.68;0.1;856.62;20.13;12.23
06/16/2018 04:00;18.81;8.93;154.3;0.02;856.41;22.41;12.28
06/16/2018 05:00;18.41;8.9;228.51;0.01;856.3;21.94;12.27
06/16/2018 06:00;17.36;8.99;171.26;0.02;856.27;22.37;12.66
06/16/2018 07:00;17.58;8.73;240.49;0.04;856.42;20.05;11.66
06/16/2018 08:00;18.36;8.63;195.97;0.02;856.6;28.01;15.34
06/16/2018 09:00;20;9.2;169.42;0.09;856.5;36.36;14.64
06/16/2018 10:00;23.07;9.38;183.89;0.19;856.35;28.63;11.87
06/16/2018 11:00;25.47;8.3;277.19;0.24;856.24;27.03;10.13
06/16/2018 12:00;26.52;8.15;326.66;0.28;856.18;34.19;12.26
06/16/2018 13:00;27.16;8.31;326.35;0.28;855.85;46.13;14.1
06/16/2018 14:00;28.14;8.28;341.84;0.18;855.38;40.5;13.43
06/16/2018 15:00;28.58;8.28;27.17;0.05;854.73;46.93;16.39
06/16/2018 16:00;29.18;6.55;318.97;0.23;854.41;33.71;11.17
06/16/2018 17:00;28.74;6.38;316.95;0.86;854.63;247.58;29.29
06/16/2018 18:00;23.49;8.94;313.96;1.06;856.66;116.05;18.96
06/16/2018 19:00;22.51;8.62;312.19;0.56;857.11;34.91;10.06
06/16/2018 20:00;22.34;7.78;335.2;0.28;856.35;24.87;9.34
06/16/2018 21:00;21.74;7.79;353.09;0.31;856.24;24.2;10.35
06/16/2018 22:00;21.22;8.24;313.2;0.21;856.78;30.67;15.06
06/16/2018 23:00;20.75;8.23;339.31;0.12;857.49;24.43;12.64
06/17/2018 00:00;19.38;8.78;104.01;0.46;857.7;34;18.87
06/17/2018 01:00;18.37;8.87;109.07;0.33;857.61;29.23;16.83
06/17/2018 02:00;17.76;8.52;110.16;0.04;857.5;28.2;14.99
06/17/2018 03:00;17.08;8.38;89.83;0.01;857.67;18.61;12.15
06/17/2018 04:00;16.63;7.84;157.13;0.01;857.63;16.17;10.1
06/17/2018 05:00;16.29;7.65;171.69;0.01;857.54;16.81;10.93
06/17/2018 06:00;16.44;7.57;291.6;0.01;857.47;15.1;9.85
06/17/2018 07:00;16.74;7.75;215;0.02;857.6;20.36;11.23
06/17/2018 08:00;17.78;8.15;287.45;0.01;857.58;27.83;13.67
06/17/2018 09:00;19.44;8.21;4.94;0.28;857.63;29.26;14.27
06/17/2018 10:00;21.72;8.65;357.28;0.28;857.63;27.68;11.93
06/17/2018 11:00;24;9.11;357.66;0.22;857.49;37.45;14.23
06/17/2018 12:00;25.7;8.99;348.69;0.25;857.3;33.59;12.45
06/17/2018 13:00;26.94;8.05;12.39;0.44;856.95;30.64;10.74
06/17/2018 14:00;28.26;6.97;27.15;0.22;856.47;29.14;8.85
06/17/2018 15:00;29.17;6.69;33.32;0.27;856.13;41.47;9.92
06/17/2018 16:00;30.13;5.34;357.6;0.37;855.67;31.18;8.51
06/17/2018 17:00;30.41;3.95;6.03;0.41;855.22;34.65;8.57
06/17/2018 18:00;30.69;2.33;336.68;0.55;854.77;39.58;9.04
06/17/2018 19:00;30.15;3.65;344.9;0.37;854.54;28.69;8.99
06/17/2018 20:00;28.64;4.2;58.86;0.23;854.45;28.96;9.8
06/17/2018 21:00;27.83;4.53;69.61;0.23;854.44;34.95;12.19
06/17/2018 22:00;26.98;4.82;21.22;0.14;854.51;43.97;15.46
06/17/2018 23:00;26.07;5.67;43.37;0.09;854.73;51.27;17.97
06/18/2018 00:00;24.41;5.5;115.47;0.23;854.93;42.29;15.23
06/18/2018 01:00;24.09;4.9;107.41;0.29;854.95;29.41;11.18
06/18/2018 02:00;23.08;4.76;98.87;0.17;854.91;28.81;11.38
06/18/2018 03:00;22.19;4.46;84.08;0.06;854.73;33.54;12.68
06/18/2018 04:00;21.29;4.32;48.77;0.02;854.6;34.58;12.9
06/18/2018 05:00;21.02;4.11;92.63;0.03;854.5;39.3;13.88
06/18/2018 06:00;20.39;5.29;143.4;0.04;854.55;38.29;14.28
06/18/2018 07:00;19.81;9.01;166.38;0.16;854.57;28.15;12.34
06/18/2018 08:00;20.2;10.13;179.73;0.05;854.53;46.46;14.52
06/18/2018 09:00;21.41;10.22;187.84;0.13;854.73;29.96;11.94
06/18/2018 10:00;24.34;8.11;184.21;0.16;854.65;64.69;16.95
06/18/2018 11:00;27.09;4.68;46.83;0.13;854.44;108.69;25.12
06/18/2018 12:00;28.03;1.89;7.64;0.3;854.28;127.15;24.3
06/18/2018 13:00;28.9;1.91;21.56;0.35;854.12;110.35;21.14
06/18/2018 14:00;29.5;2.1;18.94;0.3;853.81;104.86;21.3
06/18/2018 15:00;30.59;1.53;7.82;0.44;853.46;111.18;21.35
06/18/2018 16:00;30.77;1.76;12.25;0.25;853.07;100.37;22.44
06/18/2018 17:00;31.96;1.18;61.88;0.32;852.6;108.67;22.55
06/18/2018 18:00;31.69;0.99;339.57;0.39;852.32;91.76;19.23
06/18/2018 19:00;30.95;0.42;333.4;0.67;852.16;90.85;17.92
06/18/2018 20:00;29.8;0.15;346.46;0.45;852.12;73.11;16.02
06/18/2018 21:00;28.35;-0.44;76.8;0.25;852.18;65.58;15.72
06/18/2018 22:00;26.91;0.48;104.94;0.35;852.46;61.01;16.58
06/18/2018 23:00;25.61;1.09;107.99;0.69;852.99;55.11;16.24
06/19/2018 00:00;24.64;1.83;106.75;0.67;853.24;43.8;13.4
06/19/2018 01:00;23.88;1.85;105.27;0.58;853.35;36.6;11.54
06/19/2018 02:00;22.9;1.54;97.01;0.21;853.42;37.49;11.66
06/19/2018 03:00;22.02;1.86;89.07;0.03;853.81;38.73;12.37
06/19/2018 04:00;21.02;2.86;45.05;0.01;854.18;42.68;14.97
06/19/2018 05:00;19.47;3.73;37.95;0.02;854.45;53.67;18.61
06/19/2018 06:00;18.49;5.33;114.3;0.01;854.79;38.55;17.69
06/19/2018 07:00;18.13;6.1;262.11;0.01;855.24;46.75;19.72
06/19/2018 08:00;19.2;8.9;165.46;0.09;855.52;31.23;13.85
06/19/2018 09:00;20.19;9.62;194.91;0.18;855.83;39.66;12.86
06/19/2018 10:00;22.8;9.24;258.78;0.03;856.16;44.09;13.81
06/19/2018 11:00;25.16;8.37;302.38;0.04;856.31;41.36;12.36
06/19/2018 12:00;26.16;7.24;347.71;0.25;856.34;45.04;12.7
06/19/2018 13:00;27.81;6.36;327.85;0.2;856.16;55.34;14.2
06/19/2018 14:00;28.7;5.04;18.5;0.23;855.92;53.37;13.15
06/19/2018 15:00;29.56;3.52;354.88;0.39;855.78;47.66;11.04
06/19/2018 16:00;30.55;1.67;340.81;0.29;855.84;42.82;9.62
06/19/2018 17:00;31.31;1.8;358.29;0.35;855.79;59.36;11.76
06/19/2018 18:00;31;-1.67;343.52;0.43;855.83;48.88;10.05
06/19/2018 19:00;30.27;-2.79;345.09;0.39;855.83;38.96;9.05
06/19/2018 20:00;29.08;-1.79;62.81;0.2;855.92;36.29;9
06/19/2018 21:00;27.35;2.17;162.29;0.07;856.18;42.07;10.23
06/19/2018 22:00;24.78;7.55;181.17;0.52;856.67;34.9;9.81
06/19/2018 23:00;23.61;8.01;195.39;0.1;857.38;34.7;10.31
06/20/2018 00:00;22.75;7.84;160.24;0.1;857.44;29.94;9.76
06/20/2018 01:00;21.86;7.66;223.1;0.07;857.61;26.75;9.06
06/20/2018 02:00;21.13;7.54;216.51;0.21;857.44;23.57;8.88
06/20/2018 03:00;20.68;7.33;176.71;0.18;857.55;19.61;8.27
06/20/2018 04:00;19.98;7.44;173.79;0.14;857.8;20.03;8.39
06/20/2018 05:00;19.33;7.71;209.77;0.05;857.88;20.07;8.3
06/20/2018 06:00;18.74;7.71;255.58;0.08;858.11;16.93;8.5
06/20/2018 07:00;18.41;7.72;62.99;0.01;858.43;17.49;9.44
06/20/2018 08:00;18.99;7.95;150.55;0.06;858.66;23.46;11.33
06/20/2018 09:00;20.44;8.12;184.5;0.02;859.04;32.57;11.96
06/20/2018 10:00;22.54;8.37;171.43;0.29;859.06;33.02;11.45
06/20/2018 11:00;25.69;7.91;166.26;0.36;858.95;39.46;11.54
06/20/2018 12:00;27.25;5.88;109.73;0.31;858.8;34.94;9.57
06/20/2018 13:00;28.62;4.39;318.9;0.24;858.6;40.32;9.89
06/20/2018 14:00;29.81;4.31;335.63;0.23;858.34;49.53;11.59
06/20/2018 15:00;29.95;4.43;346.59;0.32;857.82;57.3;13.5
06/20/2018 16:00;30.68;3.51;1.52;0.26;857.37;50.36;10.71
06/20/2018 17:00;31.86;3.3;331.03;0.29;857.22;53.45;10.15
06/20/2018 18:00;31.48;1.92;15.83;0.28;857.13;48.24;10.16
06/20/2018 19:00;31.06;-3.57;342.2;0.33;856.92;34.96;6.93
06/20/2018 20:00;29.72;-3.15;90.33;0.27;857.02;28.56;6.28
06/20/2018 21:00;27.91;-0.42;111.47;0.3;857.3;36.35;7.42
06/20/2018 22:00;24.89;7.9;187.52;0.28;857.81;51.2;11.14
06/20/2018 23:00;23.06;7.82;193.41;0.12;858.83;54.13;11.93
06/21/2018 00:00;21.94;7.12;184.03;0.19;859.82;34.07;9.81
06/21/2018 01:00;20.82;6.94;189.15;0.23;860.43;27.2;9.53
06/21/2018 02:00;19.84;6.92;197.98;0.21;860.5;24.59;9.79
06/21/2018 03:00;19.02;6.98;243.11;0.1;860.43;20.7;9.46
06/21/2018 04:00;18.55;6.82;278.06;0.04;860.14;20.11;9.25
06/21/2018 05:00;18.34;6.68;114.14;0.08;859.92;18.6;8.78
06/21/2018 06:00;17.79;6.67;156.76;0.06;859.94;18.13;9.03
06/21/2018 07:00;17.27;6.75;190.05;0.04;859.93;17.67;10.03
06/21/2018 08:00;17.75;6.93;205.52;0.12;860.35;22.18;11.39
06/21/2018 09:00;19.03;7;184.29;0.29;860.94;31.44;11.67
06/21/2018 10:00;21.3;7.05;177.3;0.51;860.88;39.78;11.39
06/21/2018 11:00;23.77;7.38;185.4;0.48;860.61;42.51;12.42
06/21/2018 12:00;25.61;7.53;171.81;0.69;860.24;44.79;11.1
06/21/2018 13:00;27.24;7.53;171.34;0.49;859.97;42.67;10.3
06/21/2018 14:00;28.61;6.91;180.15;0.3;859.45;34.5;9.21
06/21/2018 15:00;28.97;6.79;165.93;0.34;858.93;36.47;9.78
06/21/2018 16:00;29.75;6.6;178.03;0.14;858.57;42.18;10.42
06/21/2018 17:00;30.82;6.41;187.5;0.17;858.31;36.59;9.33
06/21/2018 18:00;29.69;6.59;179.18;0.15;858;36.97;9.47
06/21/2018 19:00;28.32;6.58;180.46;0.34;857.75;31.14;9.7
06/21/2018 20:00;27.41;6.34;181.6;0.6;857.8;37.81;9.55
06/21/2018 21:00;26.06;6.21;184.1;0.61;858.03;37.02;9.31
06/21/2018 22:00;24.45;7;184.22;0.53;858.38;41.79;10.77
06/21/2018 23:00;23.16;7.75;209.77;0.22;858.88;37.48;11
06/22/2018 00:00;22.16;7.53;219.59;0.21;858.94;40.89;11.2
06/22/2018 01:00;21.44;6.53;174.73;0.7;858.85;43.62;11.69
06/22/2018 02:00;20.85;5.85;185.98;0.27;858.63;39.67;10.1
06/22/2018 03:00;20.23;5.97;181.21;0.48;858.36;39.93;10.18
06/22/2018 04:00;19.72;5.84;197.11;0.3;858.04;44.48;9.86
06/22/2018 05:00;19.32;5.81;210.21;0.14;858.13;22.65;8.28
06/22/2018 06:00;18.85;6.06;185.26;0.18;858.28;20.89;8.64
06/22/2018 07:00;18.87;6.36;178.27;0.52;858.24;22.29;8.29
06/22/2018 08:00;19.12;6.57;171.37;0.46;858.26;22.88;8.49
06/22/2018 09:00;19.94;6.66;179.61;0.53;858.3;25.13;8.67
06/22/2018 10:00;22.24;7.03;190.11;0.39;858.19;26.52;8.64
06/22/2018 11:00;24.92;7.12;180.08;0.45;857.99;31.32;9.06
06/22/2018 12:00;27.09;6.93;179.41;0.34;857.73;34.49;9.03
06/22/2018 13:00;28.78;6.63;181.95;0.26;857.29;30.52;8.62
06/22/2018 14:00;29.75;6.25;233.16;0.22;856.65;29.64;8.32
06/22/2018 15:00;30.44;6.03;239.83;0.24;855.86;30.22;8.03
06/22/2018 16:00;30.88;5.87;246.11;0.23;855.16;31.65;8.21
06/22/2018 17:00;31.91;6.09;180.2;0.18;854.69;32.51;8.48
06/22/2018 18:00;30.93;6.23;202.23;0.27;854.2;31.13;8.74
06/22/2018 19:00;29.24;6.45;183.24;0.41;854.02;32.88;9.57
06/22/2018 20:00;27.81;7.02;178.54;0.52;854.16;44.75;11.08
06/22/2018 21:00;25.94;7.84;180.62;0.5;854.4;46.99;11.53
06/22/2018 22:00;24.57;7.81;217.15;0.2;854.98;37.8;11.18
06/22/2018 23:00;23.58;6.91;216.91;0.08;855.61;34.56;10.41
06/23/2018 00:00;22.68;5.82;202.46;0.08;855.89;32.99;9.13
06/23/2018 01:00;21.9;4.9;204.95;0.17;855.67;43.59;9.51
06/23/2018 02:00;21.17;3.79;180.64;0.31;855.39;70.34;10.53
06/23/2018 03:00;20.75;2.81;189.82;0.33;855.56;44.51;8.32
06/23/2018 04:00;19.99;3.05;192.7;0.13;855.79;20.08;6.67
06/23/2018 05:00;19.44;2.39;169.9;0.08;855.65;16.21;5.79
06/23/2018 06:00;18.95;1.88;166.56;0.12;855.83;16.61;5.9
06/23/2018 07:00;18.52;1.79;206.69;0.05;856.22;26.85;7.86
06/23/2018 08:00;19.08;1.95;175.62;0.05;856.37;23.65;7.85
06/23/2018 09:00;20.6;1.85;195.72;0.15;856.41;38.28;9.77
06/23/2018 10:00;22.46;2.4;180.14;0.64;856.44;34.16;7.79
06/23/2018 11:00;24.9;3.15;181.63;0.56;856.48;36.05;8.37
06/23/2018 12:00;27.1;3.53;176.24;0.49;856.31;34.5;8.43
06/23/2018 13:00;29.13;3.87;166.12;0.31;855.82;43.42;8.91
06/23/2018 14:00;29.85;4.55;161.31;0.22;855.49;38.58;9.35
06/23/2018 15:00;30.67;4.88;199.6;0.06;855.12;38.92;8.99
06/23/2018 16:00;31.19;4.64;145.24;0.16;854.71;46.27;9.62
06/23/2018 17:00;30.93;4.7;172.75;0.23;854.43;36.79;8.82
06/23/2018 18:00;31.46;4.54;166.44;0.18;854.3;32.23;7.84
06/23/2018 19:00;30.62;4.38;166.22;0.36;854.23;29.12;7.34
06/23/2018 20:00;29.26;4.46;173.63;0.45;854.37;32.94;7.56
06/23/2018 21:00;27.44;4.97;170.86;0.55;854.75;32.62;7.1
06/23/2018 22:00;25.63;6.3;200.62;0.21;855.41;36.85;8.7
06/23/2018 23:00;24.25;6.32;277.7;0.05;856.32;34.01;9.43
06/24/2018 00:00;23.17;5.8;166.51;0.08;856.69;27.6;8.09
06/24/2018 01:00;22.37;5.36;166.05;0.06;856.86;25.81;7.56
06/24/2018 02:00;21.72;5.3;219.69;0.06;857.12;19.99;6.37
06/24/2018 03:00;21.33;5.48;199.97;0.07;857.12;16.78;5.61
06/24/2018 04:00;20.75;5.49;209.79;0.05;857.18;16.68;5.84
06/24/2018 05:00;20.5;5.19;180.28;0.16;857.29;14.11;5.5
06/24/2018 06:00;19.84;4.86;162.24;0.1;857.31;15.66;6.16
06/24/2018 07:00;19.49;3.85;208.46;0.04;857.58;17.52;6.86
06/24/2018 08:00;20.02;3.45;170.57;0.09;857.82;23.32;7.95
06/24/2018 09:00;21.5;3.2;174.28;0.29;857.95;43.82;10.09
06/24/2018 11:00;-9999;4.99;-9999;0;857.36;-9999;-9999
06/24/2018 12:00;29.04;5.05;177.79;0.47;857.44;38.11;8.3
06/24/2018 13:00;30.82;5.14;146.62;0.27;857.36;48.31;9.75
06/24/2018 14:00;31.84;4.95;267.96;0.19;857;38.27;7.97
06/24/2018 15:00;32.71;4.37;105.61;0.2;856.45;32.49;7.64
06/24/2018 16:00;33.15;4.18;9.67;0.15;856.29;42.88;9.26
06/24/2018 17:00;34.25;4.23;343.09;0.15;856.25;48.08;10.27
06/24/2018 18:00;34.14;4.48;3.43;0.23;856.1;56.57;12.45
06/24/2018 19:00;33.49;4.61;15.4;0.11;855.99;52.96;11.59
06/24/2018 20:00;30.77;5.44;174.02;0.52;856.18;40.6;8.88
06/24/2018 21:00;28.85;6.77;179.7;0.36;856.61;38.77;9.26
06/24/2018 22:00;27.29;7.82;213.3;0.14;857.12;39.54;9.57
06/24/2018 23:00;26.16;8.49;266.05;0;857.62;35.29;10.32
06/25/2018 00:00;25.13;8.7;191.35;0.07;857.9;33.27;10.49
06/25/2018 01:00;24.27;8.31;211;0.06;857.79;34.41;10.31
06/25/2018 02:00;23.44;8.06;198.69;0.15;857.59;48.61;12.09
06/25/2018 03:00;22.75;8.02;202.37;0.1;857.7;50;12.49
06/25/2018 04:00;22.05;8.02;190.37;0.02;857.74;43.68;12.15
06/25/2018 05:00;21.66;7.83;94.55;0.02;857.75;29.13;10.47
06/25/2018 06:00;21.18;7.52;298.48;0.05;858.06;25.76;10.23
06/25/2018 07:00;20.96;7.87;244.51;0.09;858.54;28.05;11.17
06/25/2018 08:00;21.15;8.42;230.3;0.17;858.92;33.78;12.47
06/25/2018 09:00;22.07;9.08;193.7;0.55;859.17;52.16;14.38
06/25/2018 10:00;24.07;8.93;184.91;0.76;859.17;88.38;20.23
06/25/2018 11:00;26.54;9.58;194.36;0.56;859.14;54.76;12.63
06/25/2018 12:00;28.83;9.19;193.89;0.57;859.18;55.25;12.24
06/25/2018 13:00;30.19;8.69;179.12;0.61;858.96;51.54;11.61
06/25/2018 14:00;31.4;8.41;185.02;0.51;858.58;50.58;11
06/25/2018 15:00;32.37;8.27;188.94;0.42;858.16;47.55;11.6
06/25/2018 16:00;33.11;8.47;192.84;0.39;857.78;44;10.39
06/25/2018 17:00;33.88;8.68;186.39;0.32;857.55;46.95;10.97
06/25/2018 18:00;33.26;8.58;204.44;0.29;857.23;44.02;10.19
06/25/2018 19:00;32.32;8.51;177.4;0.33;856.96;40.24;9.73
06/25/2018 20:00;30.83;8.38;185.54;0.34;857.22;39.6;9.46
06/25/2018 21:00;28.79;8.79;188.72;0.34;857.6;37.5;9.68
06/25/2018 22:00;26.95;9.49;201.62;0.24;857.86;47.04;11.1
06/25/2018 23:00;25.61;9.18;215.29;0.09;858.25;39.67;11.26
06/26/2018 00:00;24.67;8.71;176.5;0.05;858.12;39.16;10.53
06/26/2018 01:00;23.85;8.52;17.21;0.03;857.96;50.44;10.6
06/26/2018 02:00;23.12;8.53;262.2;0.03;857.78;42.35;11.37
06/26/2018 03:00;22.6;8.47;196.97;0.18;857.55;34.04;9.86
06/26/2018 04:00;22.07;8.34;198.73;0.24;857.29;30.78;9.17
06/26/2018 05:00;21.61;8.2;141.81;0.07;857.06;25.27;8.79
06/26/2018 06:00;21.23;8.13;158.89;0.06;857.09;25.13;9.15
06/26/2018 07:00;21.16;8.11;224.1;0.04;857.21;29.15;10.22
06/26/2018 08:00;21.38;8.23;245.89;0.19;857.55;25.93;9.93
06/26/2018 09:00;22.35;8.41;199.14;0.36;857.66;44.16;12.12
06/26/2018 10:00;24.49;8.57;174.39;0.86;857.5;67.71;14.17
06/26/2018 11:00;27.4;8.58;175.49;0.86;857.2;51.42;11.57
06/26/2018 12:00;30.03;8.63;186.33;0.53;856.9;62.66;12.38
06/26/2018 13:00;32.36;8.65;192.78;0.41;856.74;48.04;11.08
06/26/2018 14:00;33.73;8.77;242.57;0.28;856.14;52.28;12.32
06/26/2018 15:00;34.71;7.9;319.37;0.2;855.84;69.94;13.98
06/26/2018 16:00;34.78;7.66;330.49;0.22;855.53;67.58;14.68
06/26/2018 17:00;34.88;7.58;22.68;0.21;855.27;68.35;15.48
06/26/2018 18:00;35.31;5.56;355.92;0.34;854.92;62.73;13.15
06/26/2018 19:00;34.78;4.1;340.04;0.41;854.7;61.63;12.56
06/26/2018 20:00;33.54;-3.25;344.99;0.33;854.87;46.91;8.81
06/26/2018 21:00;30.68;4.98;154.49;0.3;855.34;43.56;10.13
06/26/2018 22:00;28.23;8.07;176.05;0.13;855.86;52.72;11.61
06/26/2018 23:00;26.66;7.97;177.33;0.16;856.6;43.6;11.03
06/27/2018 00:00;25.37;7.67;152.58;0.06;856.63;47.75;13.05
06/27/2018 01:00;24.39;7.72;180.36;0.04;856.85;35.65;10.36
06/27/2018 02:00;23.81;7.72;152.96;0.04;856.66;32.25;9.79
06/27/2018 03:00;23.23;7.82;237.62;0.05;856.36;29.48;9.48
06/27/2018 04:00;22.72;7.83;234.03;0.08;856.16;26.86;9.58
06/27/2018 05:00;22.42;7.88;164.71;0.05;856.19;24.96;9.36
06/27/2018 06:00;21.89;7.9;226.34;0.04;856.26;24.06;9.55
06/27/2018 07:00;21.61;7.92;223.84;0.02;856.61;25.26;10.16
06/27/2018 08:00;22.11;7.86;298.96;0.04;856.73;37.98;12.55
06/27/2018 09:00;23.27;7.71;186.63;0.17;856.87;46.85;12.77
06/27/2018 10:00;25.59;7.75;192.54;0.23;857.02;52.08;12.02
06/27/2018 11:00;28.4;8.06;181.28;0.26;856.96;65.92;12.01
06/27/2018 12:00;30.1;7.45;179.75;0.44;856.76;48.89;10.62
06/27/2018 13:00;32.25;7.4;176.46;0.41;856.36;63.78;12.22
06/27/2018 14:00;33.18;6.97;196.7;0.26;856.07;55.58;10.66
06/27/2018 15:00;34.24;6.28;185.62;0.37;855.63;52.83;10.87
06/27/2018 16:00;35.23;5.47;185.32;0.25;855.18;68.65;11.82
06/27/2018 17:00;35.01;5.68;161.76;0.38;854.96;49.5;10.64
06/27/2018 18:00;34.84;6.21;182.57;0.35;854.77;50.5;10.03
06/27/2018 19:00;33.25;6.64;190.46;0.44;854.7;82.02;14.36
06/27/2018 20:00;31.33;7.95;178.47;0.52;855.1;50;9.71
06/27/2018 21:00;29.35;8.94;171.8;0.68;855.42;47.23;10.01
06/27/2018 22:00;27.86;8.82;187.2;0.36;856;43.51;10.68
06/27/2018 23:00;26.86;8.97;213.01;0.12;856.64;45.77;11.65
06/28/2018 00:00;25.84;8.79;274.03;0.02;856.88;41.7;11.17
06/28/2018 01:00;25.06;8.26;229.95;0.08;857.11;37.32;10.23
06/28/2018 02:00;24.44;7.46;225.8;0.11;856.96;32.07;8.93
06/28/2018 03:00;23.84;6.81;282.74;0.04;856.68;33.95;8.79
06/28/2018 04:00;23.26;6.41;262.21;0.12;856.65;26.36;7.76
06/28/2018 05:00;22.78;6.23;246.61;0.07;856.66;29.53;9.88
06/28/2018 06:00;22.35;6.4;256.83;0.08;856.52;28.25;8.44
06/28/2018 07:00;22.09;6.34;218.33;0.21;856.76;30.42;8.94
06/28/2018 08:00;22.34;5.74;194.08;0.35;857.03;36.72;9.89
06/28/2018 09:00;23.56;5.05;179.82;0.32;857.26;65.66;12.4
06/28/2018 10:00;25.73;5.1;179;0.56;857.14;56.91;10.87
06/28/2018 11:00;28.61;5.14;196.81;0.44;856.87;67.25;12.24
06/28/2018 12:00;30.47;4.7;176.91;0.65;856.39;74.25;11.24
06/28/2018 13:00;31.92;4.68;174.7;0.72;856;78;12.17
06/28/2018 14:00;33.29;4.25;175.12;0.67;855.58;70.82;11.28
06/28/2018 15:00;34.52;4.38;194.5;0.46;855.27;76.06;12.97
06/28/2018 16:00;35.26;4.41;216.65;0.39;854.76;65.19;10.96
06/28/2018 17:00;35.7;4.45;212.27;0.33;854.39;56.64;10.65
06/28/2018 18:00;35.4;4.66;188.33;0.39;854.08;51.74;9.78
06/28/2018 19:00;34.12;5.02;195.09;0.42;853.88;57.95;11.21
06/28/2018 20:00;32.25;5.54;189.59;0.52;854.05;74.54;12.31
06/28/2018 21:00;30.09;6.43;191.08;0.61;854.36;76.87;13.52
06/28/2018 22:00;28.56;6.84;209.05;0.25;854.91;52.59;12.23
06/28/2018 23:00;27.39;6.65;248.16;0.04;855.36;52.16;12.68
06/29/2018 00:00;26.49;6.03;194.72;0.09;855.4;47.81;12.24
06/29/2018 01:00;25.82;5.48;214.59;0.17;855.27;56.97;12.66
06/29/2018 02:00;25.19;5.08;185.12;0.4;854.94;61.73;12.32
06/29/2018 03:00;24.64;4.54;178.06;0.59;854.77;51;12.02
06/29/2018 04:00;24.36;4.18;172.96;0.81;854.56;41.07;10.79
06/29/2018 05:00;24.22;4.16;171.92;0.79;854.57;38.38;10.47
06/29/2018 06:00;23.81;4.09;170.42;0.42;854.69;33.9;10.11
06/29/2018 07:00;23.28;4.23;143.12;0.14;854.91;35.69;10.65
06/29/2018 08:00;23.36;4.74;159.75;0.09;854.88;79.18;17.5
06/29/2018 09:00;24.76;5.05;171.68;0.07;854.72;46.95;11.75
06/29/2018 10:00;27.55;5.12;168.09;0.5;854.57;46.4;11
06/29/2018 11:00;30.67;5.47;168.23;0.48;854.36;53.28;13.15
06/29/2018 12:00;33;5.3;177.54;0.38;854.1;52.49;11.24
06/29/2018 13:00;34.78;4.22;227.17;0.12;853.7;55.42;11.21
06/29/2018 14:00;35.7;2.37;309.77;0.25;853.22;57.34;11.25
06/29/2018 15:00;37.12;1.82;309.46;0.15;852.72;65.62;12.74
06/29/2018 16:00;37.5;2.29;3.14;0.36;852.19;81.49;14.31
06/29/2018 17:00;38.34;1.8;348.49;0.34;851.73;90.53;16.99
06/29/2018 18:00;37.69;0.85;323.1;0.49;851.44;64.37;13.45
06/29/2018 19:00;37.37;-1.72;51.55;0.26;851.32;72.98;14.57
06/29/2018 20:00;36.14;-0.12;359.65;0.28;851.35;61.02;13.44
06/29/2018 21:00;34.25;1.39;331.46;0.06;851.58;67.67;16.27
06/29/2018 22:00;31.47;3.44;105.55;0.1;851.79;84.65;20.22
06/29/2018 23:00;30.6;1.17;105.85;0.34;852.36;66.14;16.63
06/30/2018 00:00;31.1;0.9;105.18;0.45;852.75;61.29;15.6
06/30/2018 01:00;29.14;2.21;110.58;0.08;852.81;63.59;17.65
06/30/2018 02:00;28.4;4.67;234.69;0.11;852.98;55.06;13.94
06/30/2018 03:00;27.12;5.12;167.37;0.13;853.05;48.05;13.76
06/30/2018 04:00;26.09;3.26;162.34;0.1;853.01;53.13;16.04
06/30/2018 05:00;25.54;3.61;170.17;0.11;853.23;52.97;16.45
06/30/2018 06:00;24.95;3.95;152.72;0.04;853.53;57.71;18.3
06/30/2018 07:00;24.6;4.64;163.69;0.08;853.77;114.49;23.82
06/30/2018 08:00;24.98;5.23;202.09;0.03;854.1;80.62;24.02
06/30/2018 09:00;26.66;6.3;195.76;0.04;854.27;94.5;23.12
06/30/2018 10:00;29.54;5.95;178.23;0.14;854.39;80.6;19.02
06/30/2018 11:00;32.21;5.03;96.89;0.09;854.3;93.69;20.65
06/30/2018 12:00;33.58;4.6;13.06;0.21;854.06;102.05;22.21
06/30/2018 13:00;35.5;4.28;349.21;0.26;853.8;112.96;23.99
06/30/2018 14:00;36.19;4.34;324.42;0.3;853.6;126.38;27.52
06/30/2018 15:00;37.16;2.74;40.68;0.29;853.13;144;28.61
06/30/2018 16:00;38.25;-3.87;100.6;0.82;853.02;287.36;35.71
06/30/2018 17:00;37.93;-2.71;105.2;1.05;852.87;162.36;31.59
06/30/2018 18:00;37.83;-2.83;103.86;0.87;852.67;177.31;33.88
06/30/2018 19:00;37.05;-4.87;91.56;0.64;852.78;178.73;40.56
06/30/2018 20:00;35.5;-5.88;102.75;0.95;853.22;149.29;32.9
06/30/2018 21:00;34;-7.18;104.79;0.69;853.79;117.84;31.18
06/30/2018 22:00;32.38;-7.51;105.55;0.51;854.07;108.3;30.16
06/30/2018 23:00;30.51;-2.97;109.63;0.41;854.66;126.36;35.1
07/01/2018 00:00;28.77;-2.91;49.19;0.02;854.94;149.19;39.3
07/01/2018 01:00;28.1;-2.7;114.64;0.02;855.05;140.76;38.91
07/01/2018 02:00;27.09;-2.89;150.68;0.04;855.02;146.52;42
07/01/2018 03:00;25.97;-2.65;278.96;0.03;855.32;126.21;36.14
07/01/2018 04:00;25.32;-3.14;260.86;0.03;855.53;98.1;29.48
07/01/2018 05:00;25.03;-3.41;263.14;0.02;855.7;98.14;29.94
07/01/2018 06:00;24.57;-3.07;245.44;0.02;856.04;117.85;34.28
07/01/2018 07:00;24.28;-2.62;274.08;0.02;856.1;128.07;36.78
07/01/2018 08:00;24.96;-1.93;242.68;0.04;856.28;150.95;40.15
07/01/2018 09:00;26.38;-1.09;150.83;0.09;857.04;145.43;39.44
07/01/2018 10:00;28.62;-0.84;349.69;0.09;857.59;154.98;38.25
07/01/2018 11:00;31.28;-0.63;336.31;0.14;857.74;164.03;38.73
07/01/2018 12:00;32.56;0.99;322.38;0.29;857.85;241.26;57.42
07/01/2018 13:00;34.18;-0.4;320.61;0.25;857.67;217.28;53.03
07/01/2018 14:00;35.77;-0.4;319.71;0.23;857.25;199.32;48.71
07/01/2018 16:00;38.74;-0.77;324.27;0.51;856.71;185.77;43.6
07/01/2018 17:00;38.73;-1.08;346.64;0.29;856.67;191.12;42.45
07/01/2018 18:00;38.38;-2.73;334.03;0.37;856.5;161.51;35.76
07/01/2018 19:00;37.4;-2.69;331.55;0.34;856.47;129.2;32.87
07/01/2018 20:00;36.58;-2.19;349.58;0.25;856.58;111.51;28.14
07/01/2018 21:00;35.13;-1.31;10.56;0.12;856.77;104.41;26.56
07/01/2018 22:00;32.29;0.97;129.86;0.06;856.99;114.75;31.51
07/01/2018 23:00;30.79;0.88;180.35;0.01;857.45;146.18;39.19
07/02/2018 00:00;30.36;1.19;255.36;0.02;857.72;126.72;32.69
07/02/2018 01:00;29.26;3.17;293.9;0.08;857.9;111.99;30.69
07/02/2018 02:00;28.73;4.62;297.94;0.02;857.93;97.29;26.8
07/02/2018 03:00;28.36;5.5;167.17;0.23;857.97;80.06;23.15
07/02/2018 04:00;27.73;6.6;171.82;0.05;858.04;66.96;18.96
07/02/2018 05:00;27.32;6.57;44.7;0.03;858.14;64.78;16.67
07/02/2018 06:00;26.97;6.57;149.66;0.09;858.43;70.93;16.65
07/02/2018 07:00;26.51;6.99;165.23;0.09;858.91;63.05;16.2
07/02/2018 08:00;26.61;7.31;228.64;0.08;859.18;79.72;17.76
07/02/2018 09:00;27.57;7.31;224.98;0.09;859.5;103.6;21.83
07/02/2018 10:00;30.41;5.43;172.5;0.75;859.65;99.32;20.56
07/02/2018 11:00;33.62;3.53;175.4;0.72;859.66;87.33;18.7
07/02/2018 12:00;36.29;0.04;190.07;0.41;859.82;200.54;30.07
07/02/2018 13:00;37.57;-1.13;228.78;0.34;859.86;182.83;30.82
07/02/2018 14:00;38.36;-1.6;202;0.28;859.63;145.56;24.12
07/02/2018 15:00;39.02;-1.66;198.03;0.2;859.48;86.66;18.75
07/02/2018 16:00;39.42;-1.47;169.21;0.25;859.29;79.24;18.5
07/02/2018 17:00;39.45;-1.44;186.35;0.45;859.03;77.82;19.25
07/02/2018 18:00;39.06;-1.25;189.11;0.24;858.92;72.59;16.2
07/02/2018 19:00;37.77;-1.41;193.65;0.38;858.72;77.09;16.64
07/02/2018 20:00;36.31;0.07;184.66;0.51;858.83;81.33;18.87
07/02/2018 21:00;34.41;0.12;195.36;0.53;859.37;111.75;21.78
07/02/2018 22:00;32.54;-2.63;220.82;0.15;859.94;100.2;19.06
07/02/2018 23:00;30.88;-1.9;201.08;0.35;860.48;80.44;15.41
07/03/2018 00:00;29.58;-1.63;175.42;0.68;860.64;70.06;14.45
07/03/2018 01:00;28.49;-2.33;173.1;1.03;860.63;76.65;12.8
07/03/2018 02:00;27.29;-2.35;186.45;0.45;860.72;42.9;9.68
07/03/2018 03:00;26.19;-2.1;216.97;0.11;860.7;36.13;9.47
07/03/2018 04:00;25.4;-1.87;244.37;0.17;860.67;36.18;9.71
07/03/2018 05:00;24.47;-1.54;181.04;0.07;860.69;31.37;9.76
07/03/2018 06:00;23.52;-1.52;313.42;0.04;861;35.8;10.66
07/03/2018 07:00;23.45;-0.91;212.93;0.18;861.23;49.74;13.37
07/03/2018 08:00;24.05;-0.12;195.35;0.2;861.14;55.74;14.13
07/03/2018 09:00;25.92;0.67;167.34;0.5;861.41;65.78;14.73
07/03/2018 10:00;28.71;1.58;165.51;0.72;861.47;70.21;14.65
07/03/2018 11:00;32.03;2.2;180.39;0.5;861.46;97.77;17.61
07/03/2018 12:00;33.88;2.4;225.2;0.28;861.29;111.74;19.72
07/03/2018 13:00;35.39;1.96;194.51;0.37;860.83;100.06;17.85
07/03/2018 14:00;36.67;1.42;184.33;0.36;860.36;83.9;16.04
07/03/2018 15:00;37.09;0.28;181.63;0.36;859.85;70.77;15.03
07/03/2018 16:00;37.77;-0.12;169.2;0.22;859.28;81.98;15.58
07/03/2018 17:00;38.25;-0.04;106.98;0.27;858.69;113.04;18.18
07/03/2018 20:00;34.31;-1.77;213.9;0.3;858.83;62.5;13.19
07/03/2018 21:00;33.05;-1.99;256.4;0.19;859.05;90.26;16.64
07/03/2018 22:00;31.29;-2.28;268.42;0.16;859.53;80.26;16.96
07/03/2018 23:00;29.77;-1.6;198.6;0.11;860.12;62.04;16.53
07/04/2018 00:00;28.64;-1.22;175.98;0.54;860.34;56.54;16.03
07/04/2018 01:00;27.76;0.07;171.84;0.42;860.28;49.21;16.1
07/04/2018 02:00;26.8;0.54;170.38;0.36;860.07;47.24;15.9
07/04/2018 03:00;25.95;0.97;174.96;0.31;859.76;44.6;15.52
07/04/2018 04:00;25.12;0.9;182.02;0.32;859.52;43.38;15.32
07/04/2018 05:00;24.55;0.91;181.73;0.28;859.26;43.12;15.41
07/04/2018 06:00;24.18;0.5;178.85;0.41;859.11;42.42;14.59
07/04/2018 07:00;23.73;0.71;205.95;0.15;859.34;47.49;15.67
07/04/2018 08:00;24.2;1.06;173.77;0.42;859.56;52.69;16.07
07/04/2018 09:00;25.54;1.29;186.5;0.32;859.63;58.13;16.23
07/04/2018 10:00;28.35;1.6;169.29;0.53;859.37;58.28;15.73
07/04/2018 11:00;31.68;0.12;184.88;0.53;858.92;92.5;18.36
07/04/2018 12:00;33.43;-0.62;200.67;0.4;858.52;109.88;19.83
07/04/2018 13:00;35.28;-1.32;202.67;0.23;858.01;98.83;18.93
07/04/2018 14:00;36.42;-1.15;158.84;0.14;857.52;56.81;12.91
07/04/2018 15:00;36.83;-1.5;138.2;0.13;856.99;63.15;14.36
07/04/2018 16:00;37.06;-1.77;166.37;0.29;856.57;203.77;27.99
07/04/2018 17:00;37.5;-1.57;128.77;0.24;855.92;90.33;16.03
07/04/2018 18:00;37.09;-1.42;175.55;0.24;855.56;65.59;12.95
07/04/2018 19:00;35.67;-1.76;195.06;0.33;855.37;55.15;12.27
07/04/2018 20:00;34.2;-1.73;201.99;0.31;855.41;54.97;12.17
07/04/2018 21:00;32.89;-2.65;196.86;0.22;855.37;48.38;11.38
07/04/2018 22:00;31.14;-2.84;184.43;0.49;856.04;84.42;15.21
07/04/2018 23:00;29.39;-2.65;181.44;0.62;856.82;107.45;14.33
07/05/2018 00:00;28.11;-2.33;215.96;0.16;856.77;-9999;-9999
07/05/2018 01:00;27.39;-2.76;192.15;0.19;856.55;-9999;-9999
07/05/2018 02:00;26.43;-2.39;177.79;0.32;856.1;-9999;-9999
07/05/2018 03:00;25.88;-3.16;169.71;0.82;855.67;-9999;-9999
07/05/2018 04:00;25.18;-3.47;165.46;0.93;855.41;-9999;-9999
07/05/2018 05:00;24.41;-3.47;168.53;0.86;855.16;-9999;-9999
07/05/2018 06:00;23.84;-3.49;176.41;0.58;855.05;-9999;-9999
07/05/2018 07:00;23.64;-3.23;176.48;0.39;855.29;-9999;-9999
07/05/2018 08:00;23.74;-2.05;142.42;0.04;855.7;-9999;-9999
07/05/2018 09:00;24.69;-1.39;139.87;0.1;855.89;-9999;-9999
07/05/2018 10:00;27.45;-1.91;178.46;0.5;855.66;-9999;-9999
07/05/2018 11:00;30.49;-1.92;172.61;0.59;855.41;-9999;-9999
07/05/2018 12:00;32.66;-1.57;167.55;0.51;855.19;-9999;-9999
07/05/2018 13:00;34.45;-1.02;192.85;0.23;854.83;-9999;-9999
07/05/2018 14:00;35.06;-0.8;294.42;0.14;854.33;-9999;-9999
07/05/2018 15:00;35.79;-0.36;333.76;0.21;853.88;-9999;-9999
07/05/2018 16:00;36.02;-0.48;353.7;0.3;853.36;-9999;-9999
07/05/2018 17:00;36.76;-0.03;327.2;0.2;852.8;-9999;-9999
07/05/2018 18:00;36.31;-0.06;328;0.27;852.28;-9999;-9999
07/05/2018 19:00;35.67;0.57;327.4;0.24;852;-9999;-9999
07/05/2018 20:00;34.93;1.03;353.54;0.2;852.03;-9999;-9999
07/05/2018 21:00;33.36;2.43;175.85;0.33;852.24;-9999;-9999
07/05/2018 22:00;30.84;6.22;178.09;0.5;852.67;-9999;-9999
07/05/2018 23:00;29.39;8.12;182.24;0.21;853.06;-9999;-9999
07/06/2018 00:00;28.36;7.22;220.46;0.04;853.07;-9999;-9999
07/06/2018 01:00;27.65;6.63;187.91;0.12;852.95;-9999;-9999
07/06/2018 02:00;26.83;5.69;187.55;0.6;852.64;-9999;-9999
07/06/2018 03:00;26.24;4.22;168.88;0.95;852.35;-9999;-9999
07/06/2018 04:00;25.69;4.43;171.35;0.8;852.39;-9999;-9999
07/06/2018 05:00;25.42;4.06;168.23;0.89;852.21;-9999;-9999
07/06/2018 06:00;25.35;3.9;167.35;1.04;851.98;-9999;-9999
07/06/2018 07:00;25.05;3.67;170.36;0.78;852.03;-9999;-9999
07/06/2018 08:00;25.28;3.69;169.78;0.48;852.6;-9999;-9999
07/06/2018 09:00;26.68;3.75;175.04;0.46;852.8;-9999;-9999
07/06/2018 10:00;29.01;4.22;176.93;0.51;852.69;-9999;-9999
07/06/2018 11:00;32.45;3.85;189.54;0.25;852.62;-9999;-9999
07/06/2018 12:00;34.2;0.03;66.07;0.23;852.48;-9999;-9999
07/06/2018 13:00;35.33;-3.79;101.72;0.67;852.55;-9999;-9999
07/06/2018 14:00;35.63;-1.36;82.32;0.42;852.51;-9999;-9999
07/06/2018 15:00;36.15;-0.53;78.25;0.41;852.1;-9999;-9999
07/06/2018 16:00;36.95;0.08;23.96;0.38;851.62;116.93;23.22
07/06/2018 17:00;37.15;0.91;47.47;0.26;851.26;92.13;19.51
07/06/2018 18:00;36.61;1.04;40.33;0.29;851;90.16;18.76
07/06/2018 19:00;35.77;0.6;13.54;0.28;850.88;85.58;20.04
07/06/2018 20:00;34.44;0.01;346.8;0.5;851.07;77.47;18
07/06/2018 21:00;33.21;0.05;9.25;0.26;851.57;73.34;17.23
07/06/2018 22:00;31.56;1.18;108.53;0.52;852.11;52.88;14.29
07/06/2018 23:00;30.54;1.82;111.96;0.84;852.58;47.1;13.07
07/07/2018 00:00;29.53;1.37;111.94;0.77;852.87;41.44;12.34
07/07/2018 01:00;28.87;1.4;111.44;0.67;852.98;43.57;13.19
07/07/2018 02:00;28.17;1.51;110.61;0.56;852.92;44.12;13.5
07/07/2018 03:00;26.64;2.45;27.18;0.02;852.93;50.24;15.33
07/07/2018 04:00;25.5;2.37;110.59;0.05;853.06;48.1;15.71
07/07/2018 05:00;24.95;2.4;289.02;0.01;853.03;47.7;15.84
07/07/2018 06:00;24.65;1.85;308.98;0.05;853.09;50.55;16.96
07/07/2018 07:00;24.24;4.46;251.24;0.02;853.28;55.51;17.52
07/07/2018 08:00;24.13;7.48;241.45;0.02;853.54;69.68;20.64
07/07/2018 09:00;25.5;9;241.27;0.07;853.64;72.81;19.01
07/07/2018 10:00;27.9;8.65;177.8;0.07;853.63;64.53;17.6
07/07/2018 11:00;30.97;6.78;192.75;0.07;853.51;77.4;18.32
07/07/2018 12:00;32.73;4.68;349.43;0.12;853.3;76.15;18.44
07/07/2018 13:00;33.69;4.08;338.64;0.35;853.1;89.39;19.76
07/07/2018 14:00;34.94;2.26;25.04;0.36;852.9;122.73;21.16
07/07/2018 15:00;35.93;-0.33;72.22;0.36;852.65;92.54;16.59
07/07/2018 16:00;36.63;-0.06;53.57;0.24;852.25;110.09;20.51
07/07/2018 17:00;36.91;-1.24;69.66;0.35;852;115.88;17.65
07/07/2018 18:00;36.28;-1.17;0.29;0.41;851.92;100.39;15.85
07/07/2018 19:00;35.03;-0.32;353.05;0.5;852.08;83.06;15.22
07/07/2018 20:00;33.73;-0.1;336.1;0.55;852.47;76.98;15.82
07/07/2018 21:00;32.25;-0.43;353.56;0.4;852.9;65.48;13.52
07/07/2018 22:00;30.79;-0.85;108.02;0.42;853.66;51.65;12.32
07/07/2018 23:00;29.29;-0.39;110.88;0.52;854.16;50.85;13.2
07/08/2018 00:00;27.12;0.32;116.35;0.06;854.56;73.51;21.06
07/08/2018 01:00;26.21;2.91;137.01;0.02;854.85;61.48;17.21
07/08/2018 02:00;25.84;7.25;243.02;0.02;854.95;48.25;15.63
07/08/2018 03:00;24.86;7.5;159.07;0.02;854.95;44.49;16
07/08/2018 04:00;24;11.31;166.23;0.08;854.99;33.49;15.2
07/08/2018 05:00;23.26;11.95;319.52;0.02;854.98;29.19;15.5
07/08/2018 06:00;22.71;11.82;351.77;0.05;855.12;24.95;15.63
07/08/2018 07:00;22.4;11.79;273.01;0.01;855.59;43.13;18.97
07/08/2018 08:00;22.65;12.25;287.46;0.06;855.99;56.71;20.02
07/08/2018 09:00;23.56;12.19;187.34;0.35;856.1;49.61;17.68
07/08/2018 10:00;25.65;11.09;179.42;0.47;856.29;51.27;17.24
07/08/2018 11:00;28.73;10.26;175.94;0.32;856.38;86.3;18.25
07/08/2018 12:00;30.75;8.4;212.75;0.07;856.23;65.24;15.15
07/08/2018 13:00;32.24;6.29;21.63;0.14;856.07;118.89;20.6
07/08/2018 14:00;32.74;2.74;359.35;0.21;855.71;116.91;21.46
07/08/2018 15:00;33.71;0.03;340.19;0.37;855.41;125.05;22.23
07/08/2018 16:00;34.25;-0.6;345.96;0.4;855.4;104.76;19.02
07/08/2018 17:00;34.07;-1.29;353.15;0.39;855.18;120.99;21.31
07/08/2018 18:00;33.92;-2.41;343.96;0.48;855.05;118.34;20.69
07/08/2018 19:00;33.92;-4.51;40.98;0.25;855.21;81.2;15.77
07/08/2018 20:00;32.76;-3.89;17.82;0.19;855.42;62.7;12.78
07/08/2018 21:00;31.54;-2.25;5.35;0.25;855.69;64.37;13.77
07/08/2018 22:00;29.82;3.53;154.85;0.15;856.16;66.19;15.41
07/08/2018 23:00;27.95;11.51;172.42;0.14;856.89;42.47;13.91
07/09/2018 00:00;26.83;12.02;204.73;0.15;857.1;36.42;12.88
07/09/2018 01:00;26.02;11.82;228.28;0.06;857.08;32.67;12.13
07/09/2018 02:00;25.17;11.79;190.44;0.3;857.01;32.1;11.87
07/09/2018 03:00;23.58;12.22;180.54;0.74;857;27.41;10.72
07/09/2018 04:00;23.33;12.03;184.87;0.11;857.01;23.71;10.99
07/09/2018 05:00;22.86;11.52;194.84;0.29;856.9;21.43;11.48
07/09/2018 06:00;22.42;11.38;218.29;0.13;857.1;20.33;12.07
07/09/2018 07:00;22.24;11.32;227.23;0.13;857.28;23.24;13.38
07/09/2018 08:00;22.52;11.4;204.94;0.1;857.56;25.74;13.99
07/09/2018 09:00;23.8;11.42;197.48;0.23;857.76;30.18;12.22
07/09/2018 10:00;26.18;11.31;180.21;0.14;858.15;46.33;15.11
07/09/2018 11:00;29.01;10.8;146.5;0.23;858.27;56.16;14.35
07/09/2018 12:00;30.74;9.65;160.8;0.06;857.95;53.14;12.6
07/09/2018 13:00;32.76;7.77;336.46;0.11;857.42;68.29;14.11
07/09/2018 14:00;33.78;5.89;345.46;0.17;856.98;77.97;15.6
07/09/2018 15:00;34.37;5.46;57.87;0.12;856.48;71.37;14.93
07/09/2018 16:00;35.67;5.17;350.37;0.15;855.99;67.29;14.16
07/09/2018 17:00;36.52;4.78;331.42;0.21;855.62;70.27;14.49
07/09/2018 18:00;35.93;4.4;326.18;0.28;855.45;74.4;17.38
07/09/2018 19:00;35.56;4.61;325.83;0.33;855.46;86.08;15.88
07/09/2018 20:00;34.47;5.11;353.56;0.21;855.77;81.04;16.28
07/09/2018 21:00;31.73;10.92;178.62;0.49;856.48;57.75;12.7
07/09/2018 22:00;30.22;11.79;192.21;0.22;857.28;44.65;12.99
07/09/2018 23:00;28.96;12.37;198.54;0.17;857.89;36.74;13.43
07/10/2018 00:00;28.01;12.64;204.09;0.26;858.11;32.36;13.78
07/10/2018 01:00;27.03;12.93;237.68;0.13;858.31;35.84;12.82
07/10/2018 02:00;26.12;13.13;175.85;0.12;858.29;27.61;12.02
07/10/2018 03:00;25.44;13.01;194.18;0.3;858.06;35.09;12.67
07/10/2018 04:00;24.95;12.16;191.06;0.36;857.88;35.98;12.11
07/10/2018 05:00;24.44;11.43;195.77;0.09;857.98;28.57;11.26
07/10/2018 06:00;23.94;11.36;224.28;0.06;858.14;21.99;11.09
07/10/2018 07:00;23.6;11.17;201.12;0.06;858.19;24.72;11.89
07/10/2018 08:00;23.73;11.24;189.5;0.52;858.52;35.4;13.48
07/10/2018 09:00;24.86;11.65;183.97;0.44;858.82;50.86;15.04
07/10/2018 10:00;27.4;11.81;179.07;0.64;858.65;50.53;13.79
07/10/2018 11:00;30.06;11.51;198.71;0.65;858.41;97.07;16.37
07/10/2018 12:00;31.99;10.87;190.8;0.66;858.13;86.45;15.26
07/10/2018 13:00;33.32;10.62;181.67;0.86;857.81;91.4;16.85
07/10/2018 14:00;34.91;10.19;191.9;0.65;857.51;96.85;15.91
07/10/2018 19:00;36.16;11.29;178.19;0.52;856.14;49.71;11.18
07/10/2018 20:00;34.33;11.88;174.59;0.54;856.48;51.51;12.38
07/10/2018 21:00;32.26;12.3;188.58;0.6;856.99;52.08;12.37
07/10/2018 22:00;30.6;12.76;236.44;0.19;857.39;51.75;13.82
07/10/2018 23:00;29.31;12.94;196.73;0.07;857.74;49.74;15.01
07/11/2018 00:00;28.21;12.99;204.2;0.07;857.97;41.99;14.74
07/11/2018 01:00;27.43;12.71;189.6;0.29;857.84;46.78;14.13
07/11/2018 02:00;26.68;12.11;204.19;0.2;857.79;53.21;15.83
07/11/2018 03:00;26.1;11.71;196.31;0.36;857.72;47.94;15.7
07/11/2018 04:00;25.67;11.62;190.78;0.23;857.63;33.96;13.39
07/11/2018 05:00;25.22;11.29;168.54;0.12;857.79;27.22;12.49
07/11/2018 06:00;24.59;10.88;172.79;0.14;857.67;26.6;10.42
07/11/2018 07:00;24.38;10.14;177.6;0.14;857.88;28.74;12.96
07/11/2018 08:00;24.74;9.69;178.85;0.12;858.13;40.58;14.93
07/11/2018 09:00;26.06;10.03;196.87;0.18;858.4;51.86;15.11
07/11/2018 10:00;28.75;11.21;169.39;0.08;858.58;55.33;16.35
07/11/2018 11:00;31.48;11.72;181.69;0.6;858.43;58.66;14.82
07/11/2018 13:00;37.03;7.95;165.2;0.16;857.8;96.73;18.96
07/11/2018 14:00;37.97;7.49;154.89;0.11;857.47;84.7;18.35
07/11/2018 15:00;38.82;7.29;337.3;0.21;856.87;74.36;15.81
07/11/2018 16:00;39.48;6.3;332.89;0.21;856.29;70.84;15.31
07/11/2018 17:00;40.4;6.21;19.83;0.21;855.94;93.89;19.4
07/11/2018 18:00;40.11;5.97;355.59;0.41;855.52;91.52;19.71
07/11/2018 19:00;39.58;5.56;341.9;0.27;855.13;75.54;17.28
07/11/2018 20:00;38.5;4.29;350.93;0.26;855.15;72.13;16.35
07/11/2018 21:00;36.74;6.03;148.63;0.29;855.58;56.78;13.72
07/11/2018 22:00;34.56;8.42;164.07;0.08;856.11;53.52;13.57
07/11/2018 23:00;33.2;9.22;218.17;0.13;856.48;49.89;13.94
07/12/2018 00:00;32.1;9.69;352.37;0.02;856.37;44.64;12.37
07/12/2018 01:00;31.36;10.21;203.84;0.21;856.51;44.19;12.44
07/12/2018 02:00;31.15;10.15;177.57;0.63;856.04;42.6;12.11
07/12/2018 03:00;30.57;9.96;174.7;0.72;855.68;41.47;11.78
07/12/2018 04:00;29.86;9.9;177.97;0.6;855.6;42.33;12.36
07/12/2018 05:00;28.93;10.19;177.84;0.47;855.77;33.46;11.9
07/12/2018 06:00;28.41;9.86;196.15;0.17;855.94;34.08;12.83
07/12/2018 07:00;27.82;9.84;178.11;0.09;856.35;48.49;17.61
07/12/2018 08:00;28.19;9.04;138.44;0.09;856.53;49.5;16.71
07/12/2018 12:00;37.45;4.16;299.84;0.16;856.36;68.41;15.08
07/12/2018 13:00;38.65;2.7;105.7;0.14;855.85;67.43;14.55
07/12/2018 14:00;40.03;0.7;187.65;0.28;855.16;67.97;13.62
07/12/2018 15:00;40.71;0.84;197.92;0.24;854.74;55.95;12.9
07/12/2018 16:00;41.07;0.82;194.47;0.19;854.28;58.53;12.81
07/12/2018 17:00;41.18;0.89;123.54;0.27;853.67;182.5;24.53
07/12/2018 18:00;40.34;-0.58;149.47;0.16;853.31;92.31;18.16
07/12/2018 19:00;38.87;-0.94;129.56;0.07;852.94;61.85;12.64
07/12/2018 20:00;37.92;-1.76;106.53;0.18;852.9;53.49;12.03
07/12/2018 21:00;36.5;-0.39;125.33;0.07;852.88;51.67;13.21
07/12/2018 22:00;35.18;0.93;193.45;0.06;853.06;53.36;14.04
07/12/2018 23:00;34.29;5.12;181.85;0.38;853.47;69.92;15.93
07/13/2018 00:00;33.44;0.88;184.71;0.59;853.75;82.26;15.59
07/13/2018 03:00;31.11;-2.08;171.73;0.67;853.45;21.76;7.07
07/13/2018 04:00;30.36;-2.15;168.81;0.79;853.23;36.49;11.22
07/13/2018 05:00;29.71;-2.2;166.42;0.86;853.06;30.23;9.99
07/13/2018 06:00;29.19;-2.44;167.01;0.82;853.11;31.82;10.15
07/13/2018 07:00;28.42;-2.13;168.45;0.53;853.42;32;10.79
07/13/2018 08:00;28.09;-1.47;169.29;0.26;853.71;35.19;11.95
07/13/2018 09:00;29.61;-0.6;176.11;0.21;853.81;52.74;13.5
07/13/2018 10:00;32.23;-0.44;174.76;0.49;853.81;43.01;11.42
07/13/2018 11:00;34.8;-0.02;189.2;0.38;853.69;46.89;11.16
07/13/2018 12:00;36.31;-0.05;262.66;0.34;853.31;47.31;11.47
07/13/2018 13:00;38.35;-1.5;194.87;0.25;852.7;49.25;10.76
07/13/2018 14:00;39.2;-2.33;157.51;0.19;852.11;89.32;14.65
07/13/2018 15:00;39.42;-3.77;163.04;0.21;851.76;51.37;10.82
07/13/2018 16:00;39.67;-3.25;179.66;0.22;851.21;72.58;13.62
07/13/2018 17:00;39.92;-4.28;139.99;0.18;850.72;147.02;20.28
07/13/2018 18:00;39.41;-2.81;93.45;0.1;850.38;64.21;14.05
07/13/2018 19:00;38.43;-4.61;142.73;0.13;849.85;67.17;12.34
07/13/2018 20:00;36.98;-2.22;197.87;0.2;849.78;67.88;13.46
07/13/2018 21:00;33.12;10.08;182.75;0.66;850.15;133.5;21.16
07/13/2018 22:00;31.41;10.46;197.05;0.35;851.04;73.42;16.97
07/13/2018 23:00;30.17;11.18;181.54;0.14;851.99;60;16.65
07/14/2018 00:00;28.86;11.79;214.82;0.21;852.12;60.97;17.07
07/14/2018 01:00;27.78;11.69;189.07;0.52;851.74;90.91;20.3
07/14/2018 02:00;26.87;12.07;175.19;0.91;851.54;82.66;16.68
07/14/2018 03:00;26.07;12.52;176.24;0.98;851.35;59.61;16.71
07/14/2018 04:00;25.5;11.68;171.15;1.07;851.15;68.84;18.66
07/14/2018 05:00;24.97;10.52;178.56;0.8;850.98;51.04;15.73
07/14/2018 06:00;24.55;9.75;177.04;0.88;851.35;67.05;19.08
07/14/2018 07:00;24.11;9.03;185.45;0.52;851.69;47.6;14.4
07/14/2018 08:00;24.28;8.45;183.51;0.41;851.87;57.66;15.5
07/14/2018 09:00;25.23;8.48;179.88;0.64;852.05;74.87;17.34
07/14/2018 10:00;27.34;8.67;173.32;0.92;851.94;78.23;16.92
07/14/2018 12:00;32.5;6.74;196.68;0.65;851.19;75.78;16.53
07/14/2018 13:00;34.35;5.67;192.99;0.72;850.76;66.88;14.37
07/14/2018 14:00;36.74;3.16;182.21;0.54;850.29;68.43;13.31
07/14/2018 15:00;37.5;2.86;218.09;0.24;849.7;63.77;12.92
07/14/2018 16:00;37.29;2.52;326.16;0.17;849.18;72.27;14.45
07/14/2018 17:00;37.22;3.16;339.16;0.17;848.77;85.42;17.08
07/14/2018 18:00;36.55;2.9;358.34;0.33;848.45;83.12;16.68
07/14/2018 19:00;36.06;1.08;0.33;0.34;848.27;88.73;19.37
07/14/2018 20:00;35.27;3.35;318.92;0.22;848.38;78.81;18.86
07/14/2018 21:00;32.21;9.1;168.35;0.56;848.77;54.57;13
07/14/2018 22:00;30.85;9.78;179.91;0.05;849.26;48.02;13.29
07/14/2018 23:00;29.55;10.39;235.79;0.07;849.93;48.6;13.51
07/15/2018 00:00;28.72;10.69;285.55;0.04;850;38.6;12.45
07/15/2018 01:00;27.83;10.75;211.65;0.03;849.9;34.92;12.2
07/15/2018 02:00;27.05;11.01;192.23;0.04;849.83;28.68;11.38
07/15/2018 03:00;26.39;11.15;267.67;0.08;849.96;27.59;11.34
07/15/2018 04:00;25.85;11.16;192.39;0.14;849.85;24.54;11.04
07/15/2018 05:00;25.6;11;332.17;0.01;849.58;26.01;11.44
07/15/2018 06:00;25.39;10.8;144.05;0.08;849.62;32.85;12.45
07/15/2018 07:00;24.98;10.8;195.14;0.11;849.87;28.36;12.27
07/15/2018 08:00;24.84;10.8;287.57;0.11;850.24;34.24;13.65
07/15/2018 09:00;25.9;10.37;257.08;0.08;850.59;68.85;18.07
07/15/2018 10:00;27.77;9.77;168.55;0.27;850.66;44.33;13.44
07/15/2018 11:00;30.21;9.29;166.55;0.37;850.68;50.89;13.43
07/15/2018 12:00;31.57;8.24;109.91;0.07;850.41;72.19;17.99
07/15/2018 13:00;32.77;8.17;332.34;0.15;850.02;89.95;22.04
07/15/2018 14:00;33.67;6.78;336.54;0.31;849.54;120.3;24.64
07/15/2018 15:00;34.5;5.09;318.04;0.3;849.03;123.69;24.5
07/15/2018 16:00;35.52;2.29;106.7;0.57;848.81;174.6;23.84
07/15/2018 17:00;35.48;-1.59;107.17;1.15;848.79;187.5;24.78
07/15/2018 18:00;35.3;-1.38;106.84;0.88;848.81;98.95;14.52
07/15/2018 19:00;34.03;-1.71;108.97;1.01;848.8;69.72;10.79
07/15/2018 20:00;32.83;-0.95;108.77;0.7;848.93;74.97;13.69
07/15/2018 21:00;31.16;1.53;101.66;0.38;849.4;59.2;15.9
07/15/2018 22:00;30.28;2.44;102.33;0.36;849.95;70.38;19.5
07/15/2018 23:00;29.23;5.42;72.12;0.17;850.49;91.42;26.04
07/16/2018 00:00;28.02;6.88;346.93;0.18;850.82;77.28;26.54
07/16/2018 01:00;27.04;6.79;22.53;0.14;850.83;77.35;27.45
07/16/2018 02:00;25.66;6.44;132.35;0.02;850.63;71.76;28
07/16/2018 03:00;24.88;5.88;99.13;0.02;850.59;64.34;26.03
07/16/2018 04:00;24.53;6.32;273.73;0;850.76;63.34;25.45
07/16/2018 05:00;23.55;6.28;103.76;0.01;850.93;63.71;27.31
07/16/2018 06:00;23.2;6.08;196.51;0.02;851.23;60.92;26.39
07/16/2018 07:00;23.46;7.82;276.29;0.03;851.52;54.11;23.5
07/16/2018 08:00;23.69;9.38;214.36;0.03;851.79;54.39;23.3
07/16/2018 12:00;30.22;8.4;327.67;0.29;851.68;91.73;24.49
07/16/2018 13:00;29.86;8.27;332.61;0.22;851.52;89.21;24.9
07/16/2018 14:00;32.39;7.42;352.62;0.3;851.06;113.44;25.13
07/16/2018 15:00;32.91;5.47;330.99;0.42;850.47;105.85;24.17
07/16/2018 16:00;33.93;3.83;85.14;0.36;850.19;95.72;20.98
07/16/2018 17:00;34.21;4.57;354.34;0.34;850.08;87.06;19.54
07/16/2018 18:00;33.78;4.13;337.67;0.48;849.94;74.61;18.28
07/16/2018 19:00;33.2;4.33;329.58;0.44;849.8;76.5;18.31
07/16/2018 20:00;31.61;6.84;339.66;0.48;850.27;126.61;22.88
07/16/2018 21:00;28.82;11.73;16.46;0.58;850.98;73.86;17.87
07/16/2018 22:00;27.9;11.93;185.93;0.24;851.64;46.86;14.83
07/16/2018 23:00;26.04;12.02;212.43;0.15;852.54;42.19;14.23
07/17/2018 00:00;24.98;11.73;187.97;0.19;852.73;42.26;13.66
07/17/2018 01:00;24.21;11.66;202.5;0.27;852.75;35.36;13.48
07/17/2018 02:00;23.39;11.63;184.83;0.45;852.71;33.81;12.92
07/17/2018 03:00;22.74;12.34;179.1;0.54;852.49;38.46;13.1
07/17/2018 04:00;22.02;12.74;178.39;0.72;852.42;41.4;14.53
07/17/2018 05:00;21.91;12.81;174.57;0.91;852.37;33.99;13.58
07/17/2018 06:00;21.77;13.19;170.86;0.95;852.52;23.4;11.25
07/17/2018 07:00;21.39;13.44;167.59;1.15;852.82;20.58;9.62
07/17/2018 08:00;21.73;13.26;165.6;0.93;852.96;32.27;14.41
07/17/2018 09:00;22.7;13.58;170.29;1;853.31;17.17;5.77
07/17/2018 10:00;25.75;14.14;175.91;0.97;853.02;29.05;8.84
07/17/2018 11:00;27.01;14.34;173.64;0.84;852.86;25.96;9.62
07/17/2018 15:00;31.85;12.15;328.45;0.2;851.13;51.98;17.04
07/17/2018 16:00;32.54;11.42;6.42;0.35;850.88;74.29;24.64
07/17/2018 17:00;32.55;10.92;324.6;0.16;850.75;71.62;23.56
07/17/2018 18:00;31.27;12.88;189.22;0.2;850.81;63.76;15.89
07/17/2018 19:00;30.25;12.53;313.77;0.06;850.83;55.28;15.77
07/17/2018 20:00;28.49;12.47;310.11;0.47;851.84;76.09;19.21
07/17/2018 21:00;25.85;13.14;176.38;0.51;852.94;28.39;9.1
07/17/2018 22:00;23.29;13.27;171.71;0.34;854.15;26.29;8.81
07/17/2018 23:00;22.02;13.07;214.44;0.05;854.68;20.62;7.67
07/18/2018 00:00;21.65;12.75;209.29;0.04;854.59;16.43;6.4
07/18/2018 01:00;21.2;12.63;213.04;0.16;854.44;10.93;5.43
07/18/2018 02:00;20.75;12.48;211.48;0.29;854.24;8.49;4.03
07/18/2018 03:00;20.19;12.46;177.68;0.52;854.38;7.43;3.82
07/18/2018 04:00;19.66;12.38;173.12;0.66;854.21;11.03;4.61
07/18/2018 05:00;19.39;12.71;181.74;0.5;854.15;11.46;5.5
07/18/2018 06:00;19.04;12.54;187.08;0.32;854.4;6.87;4.94
07/18/2018 07:00;19.42;12.38;178.66;0.26;854.46;23.45;8.2
07/18/2018 08:00;19.86;12.44;181.73;0.29;854.67;15.57;7.8
07/18/2018 09:00;20.92;12.7;185.68;0.44;854.48;54.51;11.46
07/18/2018 10:00;23.26;12.98;185;0.55;854.18;81.94;17.02
07/18/2018 11:00;25.93;13.38;182.77;0.68;853.84;43.09;8.98
07/18/2018 12:00;28.23;13.57;186.82;0.67;853.59;31.59;8.48
07/18/2018 13:00;30.55;13.62;179.81;0.47;853.15;35.28;9.43
07/18/2018 14:00;31.59;13.29;216.59;0.12;852.67;42.3;11.99
07/18/2018 15:00;32.57;13.09;2.92;0.3;851.99;42.48;11.4
07/18/2018 16:00;33.65;12.94;336.63;0.26;851.42;54.21;14.6
07/18/2018 17:00;34.34;12.9;341.4;0.21;851.02;67.18;18.05
07/18/2018 18:00;34.35;12.53;357.61;0.25;850.83;70.22;20.52
07/18/2018 19:00;34.88;8.41;64.78;0.24;850.74;90.34;22.78
07/18/2018 20:00;34.2;8.42;347.05;0.24;850.88;89.16;23.79
07/18/2018 21:00;32.31;9.61;354.3;0.16;851.07;87.04;25.27
07/18/2018 22:00;30.77;9.98;38.76;0.02;851.43;93.97;27.47
07/18/2018 23:00;28.87;11.11;156.49;0.23;851.9;63.16;20.93
07/19/2018 00:00;26.65;12.21;111.88;0.06;852.06;37.28;13.2
07/19/2018 01:00;25.69;12.49;146.33;0.04;852.22;27.63;12.28
07/19/2018 02:00;25.22;12.41;146.85;0.08;852.17;23.23;12.04
07/19/2018 03:00;24.56;12.34;181.14;0.06;852.15;18.99;10.63
07/19/2018 04:00;24.04;12.27;161.9;0.11;852.09;19.14;10.69
07/19/2018 05:00;23.36;12.3;177.84;0.1;852.26;18.09;10.81
07/19/2018 06:00;22.93;12.35;177.67;0.18;852.39;19.64;11.38
07/19/2018 07:00;22.4;12.46;173.46;0.1;852.7;52.39;15.4
07/19/2018 08:00;22.94;12.59;197.46;0.06;853.06;31.65;13.76
07/19/2018 09:00;24.46;12.5;284.56;0.04;853.15;37.84;14.63
07/19/2018 10:00;27.23;12.05;188.98;0.27;853.1;57.64;18.57
07/19/2018 11:00;31.19;9.45;184.35;0.05;852.94;103.3;26.35
07/19/2018 12:00;32.9;6.12;25.58;0.05;852.78;115.6;30.26
07/19/2018 13:00;33.89;6.1;355.87;0.38;852.46;114.94;31.32
07/19/2018 14:00;34.76;5.6;331.42;0.22;851.99;109.63;30.3
07/19/2018 15:00;37.54;-3.2;341.62;0.44;851.38;124.9;21.96
07/19/2018 16:00;38.7;-7.52;354.06;0.29;851.16;162.51;23.13
07/19/2018 17:00;38.95;-7.16;56.71;0.33;851.1;147.13;24.48
07/19/2018 18:00;38.48;-4.32;338.18;0.39;850.89;91.14;18
07/19/2018 19:00;37.57;-4.94;81.43;0.35;850.77;98.48;21.25
07/19/2018 20:00;36.44;-5.12;27.71;0.19;850.99;63.74;15.34
07/19/2018 21:00;34.44;-3.16;59.06;0.07;851.27;63.94;16.1
07/19/2018 22:00;32.61;-3.93;109.04;0.29;851.62;59.08;16.03
07/19/2018 23:00;30.87;-4.02;107.27;0.11;851.97;55.79;15.96
07/20/2018 00:00;29.5;-0.54;130.76;0.05;852.29;95.71;26.21
07/20/2018 01:00;28.78;2.85;329.26;0.32;852.35;80.25;19.02
07/20/2018 02:00;27.43;3.71;273.89;0.05;852.33;66.83;17.48
07/20/2018 03:00;27.39;2.17;182.54;0.04;852.53;58.12;15.95
07/20/2018 04:00;25.74;1.74;113.33;0.03;852.5;66.76;20.07
07/20/2018 05:00;24.69;0.89;196.48;0.02;852.49;60.73;17.15
07/20/2018 06:00;24.49;0.42;244.52;0.08;852.59;61.35;17.77
07/20/2018 07:00;24.15;0.28;259.06;0.14;852.91;61.54;18.26
07/20/2018 08:00;24.35;0.7;242.93;0.03;853.08;74.22;20.71
07/20/2018 09:00;26.56;2.17;252.4;0.1;853.19;71.62;18.27
07/20/2018 10:00;28.74;1.51;147.3;0.03;853.26;77.12;19.33
07/20/2018 11:00;31.41;0.09;8.6;0.13;853.16;66.86;17.03
07/20/2018 12:00;32.75;0.74;356.52;0.17;852.96;74.28;18.95
07/20/2018 13:00;33.87;1.32;325.09;0.2;852.67;83.11;21.55
07/20/2018 14:00;34.73;0.7;339.71;0.31;852.29;84.71;21.81
07/20/2018 15:00;36.38;-2.31;322.43;0.37;851.89;96.17;19.51
07/20/2018 16:00;37.61;-6.39;335.26;0.63;851.58;162.2;23.35
07/20/2018 17:00;37.28;-6.39;329.11;0.64;851.45;72.04;13.27
07/20/2018 18:00;36.65;-6.07;328.15;0.5;851.43;47.63;11.03
07/20/2018 19:00;35.76;-6.29;328.98;0.56;851.21;55.83;11.56
07/20/2018 20:00;34.83;-8.77;338.68;0.5;851.31;43.9;9.01
07/20/2018 21:00;33.22;-7.27;349.16;0.24;851.68;47.43;10.66
07/20/2018 22:00;30.85;-5.95;95.7;0.03;851.93;50.71;11.25
07/20/2018 23:00;28.32;-4.31;153.07;0.01;852.36;67.42;16.55
07/21/2018 00:00;26.89;-4.33;185.74;0.01;852.38;56.97;14.38
07/21/2018 01:00;25.74;-4.05;258.09;0;852.26;45.39;12.32
07/21/2018 02:00;24.82;-3.41;51.11;0;852.29;59.54;17.23
07/21/2018 03:00;24.04;-3.24;154.05;0.04;852.19;47.56;14.15
07/21/2018 04:00;23.99;-3.94;180.68;0.04;852.21;42.98;12.65
07/21/2018 05:00;23.66;-6.33;295.22;0.07;852.28;38.78;9.42
07/21/2018 06:00;22.92;-5.51;204.75;0.04;852.48;34.7;9.3
07/21/2018 07:00;22.22;-3;236.97;0.09;853.18;44.45;13.01
07/21/2018 08:00;22.33;2.45;111.09;0.04;853.46;70.37;19.89
07/21/2018 09:00;24.52;8.95;149.29;0.1;853.58;70.19;21.54
07/21/2018 10:00;26.85;8.58;220.46;0.1;853.76;63.22;18.86
07/21/2018 11:00;29.41;7.87;204.53;0.12;853.73;58.15;17.77
07/21/2018 12:00;31.26;6.74;165.85;0.17;853.59;56.95;15.82
07/21/2018 13:00;32.97;6.84;160.78;0.2;853.24;51.57;14.43
07/21/2018 14:00;34;5.8;300.59;0.19;852.77;44.52;13.14
07/21/2018 15:00;35.25;4.35;14.06;0.08;852.28;47.03;13.4
07/21/2018 16:00;36.02;3.43;319.64;0.16;851.78;54.75;14.64
07/21/2018 17:00;36.53;2.61;328.24;0.29;851.42;65.88;17.11
07/21/2018 18:00;36.6;2.46;338.14;0.2;851.28;67.36;17.75
07/21/2018 19:00;35.39;2.63;0.58;0.11;851.21;66.96;18.42
07/21/2018 20:00;32.08;10.62;175.36;0.74;851.67;103.06;19.08
07/21/2018 21:00;29.93;11.15;182.04;0.62;852.18;57.52;17.41
07/21/2018 22:00;28.51;11.46;193.8;0.34;852.79;46.79;16.22
07/21/2018 23:00;27.22;11.99;187.41;0.34;853.34;67.52;17.81
07/22/2018 00:00;25.73;12.31;191.1;0.63;853.41;148.82;24.64
07/22/2018 01:00;24.66;12.11;201.39;0.6;853.5;83.9;19.15
07/22/2018 02:00;23.79;11.9;193.78;0.53;853.43;52.94;16.65
07/22/2018 03:00;23.25;11.55;202.94;0.28;853.46;27.1;13.23
07/22/2018 04:00;22.51;11.51;196.73;0.06;853.34;21.04;12.31
07/22/2018 05:00;22.01;11.54;230.73;0.2;853.43;22.28;12.21
07/22/2018 06:00;21.45;11.5;250.91;0.21;853.72;21.92;11.78
07/22/2018 07:00;21.09;11.39;198.99;0.36;854;27.85;13.15
07/22/2018 08:00;21.15;11.44;196.06;0.4;853.89;34.92;13.69
07/22/2018 09:00;21.88;11.43;199.1;0.53;854.04;85.02;18.88
07/22/2018 10:00;23.56;11.51;203.96;0.57;853.95;78.95;18.2
07/22/2018 11:00;26.02;11.56;203.27;0.36;853.88;111.67;23.8
07/22/2018 12:00;27.13;11.49;193.26;0.55;853.59;77.09;18.42
07/22/2018 13:00;28.98;11.31;173.88;0.9;853.31;83.68;16.33
07/22/2018 14:00;30.14;11.11;191.46;0.66;852.74;73.74;14.96
07/22/2018 18:00;31.35;10.67;189.89;0.5;850.74;58.39;12.03
07/22/2018 19:00;30.37;10.36;188.92;0.44;850.97;54.17;12.77
07/22/2018 20:00;29.38;10.6;174.96;0.36;851.41;35.13;10.39
07/22/2018 21:00;27.26;11.06;187.52;0.44;851.78;37.93;10.85
07/22/2018 22:00;25.63;11.68;216.83;0.14;852.13;37.33;12.51
07/22/2018 23:00;24.4;12.16;227.23;0.11;852.48;32.68;12.84
07/23/2018 00:00;23.34;12.12;192.45;0.51;852.37;35.75;11.39
07/23/2018 01:00;22.6;11.55;196.78;0.67;852.79;54.93;13.49
07/23/2018 02:00;21.98;11.5;196.21;0.35;853.24;16.75;7.79
07/23/2018 03:00;21.65;11.33;198.64;0.2;853.19;14.82;7.65
07/23/2018 04:00;21.34;11.19;201.16;0.25;853.1;13.46;7.63
07/23/2018 05:00;21.1;10.96;209.48;0.27;853.11;15.18;7.84
07/23/2018 06:00;20.75;10.77;235.36;0.22;852.98;16.56;8.88
07/23/2018 07:00;20.48;10.61;210.15;0.21;853.08;19.83;9.49
07/23/2018 08:00;20.59;10.56;195.77;0.32;853.29;29.83;10.81
07/23/2018 09:00;21.6;10.72;183.72;0.41;853.27;31;11.53
07/23/2018 10:00;23.4;10.82;175.77;0.63;853.17;34.72;12.04
07/23/2018 11:00;25.87;10.83;176.98;0.67;852.94;34.62;11.26
07/23/2018 12:00;27.77;10.96;192.09;0.51;852.8;35.26;11.86
07/23/2018 14:00;30.62;10.86;182.82;0.1;851.89;41.2;12.45
07/23/2018 15:00;31.69;10.85;199.27;0.17;851.36;43.86;13.27
07/23/2018 16:00;32.1;11.04;145.72;0.19;850.89;45.36;14.04
07/23/2018 17:00;31.37;10.97;127.45;0.2;850.6;97.01;19.06
07/23/2018 18:00;31.79;10.53;100.03;0.19;850.13;122.89;24.4
07/23/2018 19:00;31.93;9.96;350.85;0.17;849.95;80.62;19.85
07/23/2018 20:00;30.97;9.7;131.18;0.01;850.53;52.87;15.74
07/23/2018 21:00;27.3;10.8;177.44;0.44;851.57;33.3;11.45
07/23/2018 22:00;26.06;10.82;173.95;0.42;852.74;23.5;10.48
07/23/2018 23:00;25.06;11.07;186.6;0.2;853.48;24.63;12.18
07/24/2018 00:00;24.07;11.27;181.19;0.05;853.65;17.62;9.74
07/24/2018 01:00;23.56;11.21;178.58;0.16;853.8;14.1;8.67
07/24/2018 02:00;23.03;11.27;212.84;0.11;853.79;12.31;8.21
07/24/2018 03:00;22.46;11.44;232.41;0.06;853.39;13.65;8.61
07/24/2018 04:00;21.77;11.59;56.18;0.03;853.41;16.74;8.68
07/24/2018 05:00;21.14;11.45;185.3;0.07;853.35;16.21;9.01
07/24/2018 06:00;20.56;11.21;136.11;0.02;853.52;16.56;9.22
07/24/2018 07:00;20.58;11.17;189.92;0.04;853.9;20.99;10.12
07/24/2018 08:00;20.98;11.58;156.67;0.11;854.43;19.24;10.45
07/24/2018 09:00;22.26;11.91;186.36;0.06;854.67;32.6;12.69
07/24/2018 10:00;24.54;11.98;192.49;0.2;854.96;37.44;13.49
07/24/2018 11:00;27.48;11.63;175.24;0.16;855.05;48.65;14.5
07/24/2018 12:00;29.47;11.06;144.88;0.15;854.97;51.75;16.18
07/24/2018 13:00;31.56;10.11;171.2;0.03;854.53;49.63;15.45
07/24/2018 20:00;32.85;6.66;338.78;0.19;853.65;68.9;20.95
07/24/2018 21:00;31.83;6.63;355.57;0.05;854.07;64.4;21.6
07/24/2018 22:00;30.4;5.09;98.1;0.09;854.64;71.66;25.11
07/24/2018 23:00;29.26;10.51;193;0.18;855.31;45.43;17.49
07/25/2018 00:00;28.21;12.02;169.55;0.04;855.4;31.22;15.38
07/25/2018 01:00;27.43;12.51;189.26;0.07;855.27;27.96;14.88
07/25/2018 02:00;26.84;12.6;205.6;0.17;855.19;29.85;14
07/25/2018 03:00;26.06;12.83;206.97;0.21;855.06;28.04;14.82
07/25/2018 04:00;25.8;12.31;197.4;0.23;854.95;25.18;13.49
07/25/2018 05:00;25.07;12.43;166.67;0.06;855.05;23.92;13.34
07/25/2018 06:00;24.89;12.59;222.36;0.1;855.17;22.36;13.45
07/25/2018 07:00;24.68;12.21;154.57;0.07;855.51;25.52;14.46
07/25/2018 08:00;24.76;12;177.57;0.15;855.89;28.29;15.5
07/25/2018 09:00;25.77;12.04;281.9;0.08;856.16;40.06;17.23
07/25/2018 10:00;28.02;11.03;178.25;0.15;856.29;54.18;19.96
07/25/2018 11:00;31.69;9.95;181.22;0.22;856.33;67.18;20.43
07/25/2018 12:00;34.4;8.61;207.35;0.29;855.86;66.07;18.99
07/25/2018 22:00;32.44;8.29;196.1;0.11;854.71;60.02;21
07/25/2018 23:00;31.19;9.95;264.38;0.06;855.12;64.4;22.72
07/26/2018 00:00;30.38;10.88;184.01;0.33;855.29;49.58;19.05
07/26/2018 01:00;29.18;11.67;170.33;0.74;855.07;45.77;17.6
07/26/2018 02:00;28.83;11.39;172.2;0.59;855;39.94;18.24
07/26/2018 03:00;28.54;11.26;171.2;0.09;854.8;39.72;18.32
07/26/2018 04:00;28.03;11.11;200.46;0.07;854.6;35.33;17.64
07/26/2018 05:00;27.58;11.19;147.02;0.09;854.75;34.79;17.47
07/26/2018 06:00;27.79;10.85;165.01;0.28;854.78;34.84;17.33
07/26/2018 07:00;27.66;10.68;164.03;0.11;855.08;42.72;19.02
07/26/2018 08:00;27.62;10.82;208.8;0.03;855.42;43.85;20.33
07/26/2018 09:00;28.77;11.15;185.5;0.12;855.86;60.5;22.95
07/26/2018 10:00;31.34;10.83;156.65;0.19;856.05;59.25;23.34
07/26/2018 11:00;33.98;10.59;174.88;0.24;856.14;165.94;32.52
07/26/2018 12:00;36.26;10.03;175.83;0.39;856.11;67.85;21.68
07/26/2018 23:00;32.22;10.02;188.47;0.29;856.45;82.84;23.57
07/27/2018 00:00;31.6;10.58;189.47;0.26;856.61;40.39;17.82
07/27/2018 01:00;30.63;11.48;247.95;0.12;856.34;36.51;16.92
07/27/2018 02:00;30.53;10.84;198.49;0.36;856.03;34.37;15.76
07/27/2018 03:00;29.61;12.55;201.76;0.29;855.78;37.55;16.9
07/27/2018 04:00;28.91;13.46;203.21;0.1;855.73;36.12;17.58
07/27/2018 05:00;28.85;13.16;164.97;0.67;855.53;37.89;17.29
07/27/2018 06:00;28.38;12.89;163.56;0.93;855.4;47.74;17.29
07/27/2018 07:00;27.61;13.42;163.34;0.87;855.58;43.16;18.06
07/27/2018 08:00;27.4;14.18;165.77;0.74;855.67;36.25;17.52
07/27/2018 09:00;27.59;14.28;173.79;0.83;855.93;36.97;17.99
07/27/2018 10:00;29.42;13.55;180.21;0.57;855.84;39.97;18.43
07/27/2018 11:00;32.18;12.72;174.97;0.74;855.83;46.88;18.45
07/27/2018 12:00;34.78;10.98;175.1;0.6;855.8;45.22;16.9
07/27/2018 22:00;29.85;13.46;201.92;0.04;854.83;129.34;33.64
07/27/2018 23:00;29.58;12.97;219.99;0.06;854.85;72.05;30.52
07/28/2018 00:00;29.06;12.81;211.29;0.22;854.69;90.27;36.43
07/28/2018 01:00;28.5;12.75;185.27;0.33;854.59;91.73;38.2
07/28/2018 02:00;27.67;12.99;211.43;0.33;854.33;110.13;38.83
07/28/2018 03:00;26.82;13.03;196.19;0.53;854.14;98.72;37.93
07/28/2018 04:00;26.34;12.65;171.9;1.2;854.08;111.27;35.75
07/28/2018 05:00;25.72;12.48;189.2;0.67;854.19;81.57;32.11
07/28/2018 06:00;25.32;12.43;176.23;0.75;854.2;72.54;32.53
07/28/2018 07:00;25.02;12.38;168.98;0.86;854.42;63.78;26.55
07/28/2018 08:00;25.24;12.3;168.52;0.95;854.56;80.22;30.46
07/28/2018 09:00;25.6;12.13;167.55;1.15;854.57;95.03;31.99
07/28/2018 10:00;26.76;11.71;168.61;1.02;854.61;89.17;32.31
07/28/2018 11:00;29.21;9.68;172.82;0.93;854.56;76.63;25.57
07/28/2018 12:00;31.1;9.26;173.2;1.13;854.53;97.19;27.03
07/28/2018 13:00;34.12;9.66;178.92;0.77;854.22;93.98;26.78
07/28/2018 23:00;30.75;7.32;179.65;0.3;853.91;84.68;24.64
07/29/2018 00:00;30.47;7.13;176.66;0.64;853.82;72.49;23.12
07/29/2018 01:00;30.08;7.07;169.14;0.86;853.71;70.57;21.68
07/29/2018 02:00;29.33;6.68;168.95;0.94;853.41;63.65;21.19
07/29/2018 03:00;28.82;6.28;172.06;0.96;853.09;-9999;-9999
07/29/2018 04:00;28.56;6.18;166.57;1.07;852.91;64.84;19.03
07/29/2018 05:00;28.23;6.07;169.46;0.92;852.92;61.88;21.92
07/29/2018 06:00;28.42;5.82;171.63;0.75;853.02;57.71;21.43
07/29/2018 07:00;28.08;5.61;167.91;0.64;853.35;70.4;23.14
07/29/2018 08:00;28.14;5.35;162.64;0.66;853.52;66.64;21.92
07/29/2018 09:00;29.19;5.46;164.46;0.72;853.76;65.32;21.28
07/29/2018 10:00;31.26;5.9;181.54;0.44;853.86;67.12;21.85
07/29/2018 11:00;33.66;6.16;173.62;0.77;853.91;79.82;23.02
07/29/2018 12:00;35.25;6.23;180.77;0.56;853.9;73.9;21.53
07/29/2018 13:00;38.06;5.89;188.42;0.44;853.39;95.67;25.48
07/29/2018 14:00;39.27;5.23;251.07;0.2;852.97;85.4;24.69
07/29/2018 15:00;39.85;5.06;161.05;0.11;852.55;84.94;23.87
07/29/2018 16:00;40.06;5.92;342.73;0.21;852.25;107.08;28.61
07/29/2018 17:00;38.69;5.81;356.03;0.27;852.1;95.42;28.2
07/29/2018 18:00;38.22;6.27;3.84;0.16;852.02;93.2;28.69
07/29/2018 19:00;37.09;5.55;167.37;0.46;852.16;88.3;25.41
07/29/2018 20:00;35.55;5.66;125.92;0.35;852.95;244.08;38.54
07/29/2018 21:00;35.5;4.84;112.8;0.38;852.96;65.4;20.89
07/29/2018 22:00;33.4;8.24;163.85;0.25;853.55;86.87;24.12
07/29/2018 23:00;32.47;7.16;178.04;0.35;854.01;57.92;20.51
07/30/2018 00:00;31.48;6.49;168.24;0.51;854.26;58.44;20.07
07/30/2018 01:00;30.42;5.72;180.32;0.41;854.38;52.08;18.58
07/30/2018 02:00;29.39;5.53;168.76;0.61;854.15;57.15;18.77
07/30/2018 03:00;28.71;5.94;181.67;0.12;853.89;57.55;20.09
07/30/2018 04:00;28.59;5.93;173.69;0.63;853.74;59.19;20.48
07/30/2018 05:00;28.21;5.96;166.61;0.99;853.72;55.56;19.99
07/30/2018 06:00;27.57;5.94;164.35;0.98;853.82;52.39;20.56
07/30/2018 07:00;27.59;5.98;175.5;0.65;854.19;53.1;20.31
07/30/2018 08:00;27.5;6.43;190.08;0.29;854.69;62.59;22.22
07/30/2018 09:00;27.93;6.98;185.56;0.17;854.93;93.78;27.46
07/30/2018 10:00;30.09;6.88;170.19;0.62;855.12;69.57;26.38
07/30/2018 11:00;32.82;6.85;166.81;0.91;855.01;68.29;23.95
07/30/2018 12:00;35.51;6.32;179.77;0.64;854.83;68.01;23.29
07/30/2018 13:00;37.48;5.62;199.69;0.35;854.39;67.43;22.57
07/30/2018 14:00;38.57;4.96;181.22;0.2;853.91;66.42;21.84
07/30/2018 15:00;39.5;4.09;173.63;0.31;853.51;87.6;27.5
07/30/2018 16:00;37.11;3.97;116.2;0.86;853.91;454.36;48.22
07/30/2018 17:00;36.93;3.44;164.83;0.24;853.78;76.7;18.69
07/30/2018 18:00;36.99;4.87;181.8;0.25;853.65;111.81;29.85
07/30/2018 19:00;35.62;5.66;184.22;0.37;853.55;73.93;20.93
07/30/2018 20:00;34.46;5.81;358.88;0.26;854.42;157.95;28.3
07/30/2018 21:00;33.84;5.4;161.42;0.27;854.86;48.76;18.14
07/30/2018 22:00;32.61;7.52;228.98;0.03;854.94;68.26;21.08
07/30/2018 23:00;31.53;8.14;189.16;0.21;855.15;71.78;22.98
07/31/2018 00:00;31.18;7.06;173.18;0.47;855.01;56.3;19.51
07/31/2018 01:00;30.47;7.25;174.47;0.38;854.76;51.12;18.72
07/31/2018 02:00;29.38;7.62;185.62;0.38;854.61;52.09;19.23
07/31/2018 03:00;28.77;7.71;170.87;0.75;854.37;55.45;18.74
07/31/2018 04:00;28.29;8.08;172.05;0.62;854.25;50.78;19.46
07/31/2018 05:00;27.94;8.55;172.33;0.69;854.17;45.02;19.68
07/31/2018 06:00;27.25;8.8;178.64;0.42;854.2;48.26;20.21
07/31/2018 07:00;26.71;8.96;183.63;0.63;854.24;56.5;21.2
07/31/2018 08:00;26.89;9.3;174.94;0.95;854.46;53.42;21.65
07/31/2018 09:00;27.5;9.73;175.41;0.83;854.57;67.68;22.46
07/31/2018 10:00;29.4;9.51;173.55;0.98;854.69;82.4;24.86
07/31/2018 11:00;32.42;8.81;169.33;0.9;854.77;82.11;22.77
07/31/2018 12:00;34.6;7.22;166.92;0.91;854.88;67.91;20.76
07/31/2018 13:00;34.96;6.47;169.11;0.78;854.61;68.41;21.22
07/31/2018 14:00;37.24;5.58;182.32;0.49;854.16;65.37;20.22
07/31/2018 15:00;37.54;4.52;214.29;0.29;853.62;63.66;20.61
07/31/2018 16:00;39.34;3.65;187.17;0.24;853.1;70.36;21.3
07/31/2018 17:00;38.2;3.1;175.95;0.23;852.72;71.47;21.14
07/31/2018 18:00;35.67;4.59;96.57;0.42;853.57;254.52;35.27
07/31/2018 19:00;35.18;5.28;171.96;0.52;853.45;75.35;20.57
07/31/2018 20:00;33.85;5.44;187.08;0.29;853.49;63.1;18.68
07/31/2018 21:00;32.71;5.24;146.21;0.15;854.5;88.1;21.03
07/31/2018 22:00;31.03;5.88;192.37;0.16;855.02;70.85;19.48
07/31/2018 23:00;30.03;6.79;209.2;0.09;855.02;61.02;19.13
08/01/2018 00:00;29.26;7.2;180.93;0.36;855.33;64.45;18.66
08/01/2018 01:00;28.58;7.02;200.77;0.4;855.27;53.33;16.93
08/01/2018 02:00;27.75;6.77;201.35;0.33;855.16;46.14;15.55
08/01/2018 03:00;26.98;6.62;245.31;0.06;855.14;37.95;14.46
08/01/2018 04:00;26.15;6.14;245.96;0.16;855.11;40.65;14.2
08/01/2018 05:00;25.43;5.95;204.01;0.27;855.11;43.2;14.18
08/01/2018 06:00;24.9;6.05;220.03;0.17;855.04;52.03;15.31
08/01/2018 07:00;24.53;6.06;203.25;0.17;855.24;55.86;16.71
08/01/2018 08:00;24.35;6.08;195.94;0.36;855.27;70.54;18.51
08/01/2018 09:00;24.8;5.88;211.31;0.3;855.6;67.06;17.63
08/01/2018 10:00;27.79;5.73;177.19;0.85;855.73;90.14;19.45
08/01/2018 11:00;29.37;5.29;175.15;0.84;855.67;101.86;20.62
08/01/2018 12:00;31.23;3.88;184.25;0.63;855.71;81.34;18.6
08/01/2018 13:00;32.93;3.51;177.93;0.82;855.48;73.13;16.15
08/01/2018 17:00;35.69;3.67;187.89;0.43;853.8;59.03;15.12
08/01/2018 18:00;35.54;3.75;178.19;0.46;853.64;55.53;15.43
08/01/2018 19:00;34.25;4.18;189.98;0.42;853.42;55.01;15.36
08/01/2018 20:00;33.1;5.06;164.46;0.72;853.29;66.65;16.73
08/01/2018 21:00;31.32;5.45;174.17;0.64;853.55;86.59;18.71
08/01/2018 22:00;30.15;5.64;180.61;0.24;854.19;63.58;17.67
08/01/2018 23:00;29.07;5.78;223.73;0.17;854.67;67.6;19.88
08/02/2018 00:00;27.96;5.81;198.03;0.27;854.58;63.92;18.82
08/02/2018 01:00;27.09;5.42;178.1;0.53;854.55;75.82;19.36
08/02/2018 02:00;26.29;4.62;193.61;0.47;854.4;77.88;20.95
08/02/2018 03:00;25.52;4.39;230.51;0.19;854.06;52.64;17.45
08/02/2018 04:00;25.1;3.98;214.8;0.13;854.03;50.15;17
08/02/2018 05:00;24.51;3.41;266.71;0.05;853.76;39.97;13.99
08/02/2018 06:00;24.32;3.59;166.19;0.83;853.57;58.01;17.82
08/02/2018 07:00;24;4.08;170.08;0.95;853.75;58.73;17.41
08/02/2018 08:00;24;4.53;169.21;0.9;853.92;52.51;16.61
08/02/2018 09:00;25.4;4.92;171.11;0.9;854.29;53.51;16.92
08/02/2018 10:00;27.58;5.43;175.2;0.74;854.47;51.93;17.23
08/02/2018 11:00;30.6;5.77;178.32;0.69;854.34;60.06;17.65
08/02/2018 12:00;32.95;6.03;181.2;0.67;853.89;70.04;17.99
08/02/2018 13:00;34.89;6.21;185.19;0.66;853.24;71.45;19.1
08/02/2018 14:00;36.71;5.96;173.16;0.45;852.83;69.54;19.14
08/02/2018 15:00;37.16;3.99;339.24;0.3;852.59;72.28;19.39
08/02/2018 16:00;37.7;-1.06;324.21;0.29;852.38;68.97;17.1
08/02/2018 17:00;37.72;0.19;333.51;0.32;852.23;74.34;18.54
08/02/2018 18:00;37.26;0.98;306.54;0.36;851.95;64.33;17.94
08/02/2018 19:00;35.7;3.25;168.65;0.48;851.63;68.34;17.87
08/02/2018 20:00;33.63;4.02;182.1;0.63;851.96;81.1;17.45
08/02/2018 21:00;31.6;5.42;171.65;0.75;852.41;45.06;13.7
08/02/2018 22:00;29.91;7.39;175.57;0.77;853.22;63.75;16.88
08/02/2018 23:00;28.33;9.01;171.17;1.23;853.73;91.72;18.79
08/03/2018 00:00;27.18;10.25;169.06;1.19;853.78;91.75;18.78
08/03/2018 01:00;26.74;10.13;171.34;1.19;853.73;47.42;15.9
08/03/2018 02:00;26;9.72;171.09;1.03;853.51;34.93;13.32
08/03/2018 03:00;25.48;9.7;167.56;1.15;853.43;38.17;12.95
08/03/2018 04:00;25.08;9.9;176.29;0.51;853.54;28.69;12.34
08/03/2018 05:00;25.03;10.16;187.43;0.45;854;29.75;12.27
08/03/2018 06:00;24.21;11.02;171.56;0.83;853.9;31.08;13.43
08/03/2018 07:00;23.78;10.94;172.5;0.97;853.98;46.94;14.65
08/03/2018 08:00;23.84;10.4;170.49;1.01;854.08;31.93;14.44
08/03/2018 09:00;24.57;10.17;178.79;0.64;854.35;28.73;13.31
08/03/2018 10:00;26.61;10.03;163.65;0.9;854.29;31.75;13.71
08/03/2018 11:00;29.44;9.63;175.36;0.69;854.15;57.41;15.91
08/03/2018 12:00;31.7;9.38;196.41;0.4;853.71;75.44;18.58
08/03/2018 13:00;33.57;8.93;183.37;0.53;853.09;62.42;16.84
08/03/2018 14:00;35.4;8;2.21;0.05;852.71;77.82;21.27
08/03/2018 15:00;34.83;8.01;318.33;0.37;852.43;74.58;21.84
08/03/2018 16:00;34.64;7.83;301.65;0.36;851.95;67.62;20.65
08/03/2018 17:00;35.24;7.3;251.59;0.08;851.69;66.14;19.31
08/03/2018 18:00;30.68;8.68;172.9;0.61;852;89.11;19.6
08/03/2018 19:00;27.83;8.98;162.83;1.21;851.92;93.92;18.12
08/03/2018 20:00;27.56;9.21;162.95;0.95;852.16;33.68;14.6
08/03/2018 21:00;26.89;9.45;164.4;1.02;852.76;31.43;12.67
08/03/2018 22:00;26.5;8.92;166.2;0.8;853.28;24.24;12.6
08/03/2018 23:00;25.86;9.44;161.7;0.86;853.82;25.82;12.95
08/04/2018 00:00;25.38;9.82;166.16;0.41;853.83;26.29;13.22
08/04/2018 01:00;24.83;10.08;216.48;0.07;854.05;22.39;12.73
08/04/2018 02:00;24.6;9.66;239.24;0.01;854.23;20.87;12.43
08/04/2018 03:00;24.13;9.64;143.87;0.04;854.03;21.05;12.39
08/04/2018 04:00;23.7;9.76;157.5;0.09;854.01;20.1;12.61
08/04/2018 05:00;23.5;9.54;186.16;0.01;854.2;21.91;12.96
08/04/2018 06:00;23.03;9.5;151.15;0.03;854.29;23.24;13.27
08/04/2018 07:00;22.94;9.47;256.99;0.09;854.64;37.82;16.43
08/04/2018 08:00;23.44;9.57;200.98;0.05;855.27;39.45;17.55
08/04/2018 09:00;24.33;9.73;164.75;0.1;855.62;36.2;17.07
08/04/2018 10:00;26.58;9.26;161.24;0.16;855.62;44.78;18.98
08/04/2018 11:00;29.65;8.24;277.86;0.12;855.66;65.71;23.06
08/04/2018 12:00;31.51;6.88;3.47;0.21;855.62;83.1;27.01
08/04/2018 13:00;32.65;5.63;354.47;0.35;855.37;102.81;29.8
08/04/2018 14:00;33.85;5.14;329.8;0.47;855.19;131.39;34.64
08/04/2018 15:00;35.02;4.65;347.66;0.39;855.07;152.19;38.88
08/04/2018 16:00;32.61;7.32;71.49;0.37;855.43;223.36;47.57
08/04/2018 17:00;31;7.45;80.47;0.28;855.57;97.56;32.57
08/04/2018 18:00;31.23;6.44;105.73;0.91;855.54;84.55;29.26
08/04/2018 19:00;31.49;5.75;42.64;0.21;855.63;76.53;27.12
08/04/2018 20:00;30.72;5.4;138.56;0.03;856.02;67.17;25.72
08/04/2018 21:00;29.88;5.22;73.47;0.11;856.08;62.87;24.17
08/04/2018 22:00;28.62;5.61;101.61;0.1;856.28;64.11;24.99
08/04/2018 23:00;27.13;5.92;122.8;0.09;856.76;92.22;33.57
08/05/2018 00:00;26.72;5.67;254.2;0.04;857.03;73.05;26.69
08/05/2018 01:00;26.34;7.57;275.19;0.05;857.15;61.7;25.45
08/05/2018 02:00;25.69;9.56;315.51;0.04;857.02;49.83;22.54
08/05/2018 03:00;25.01;9.85;264.19;0.03;856.96;42.05;20.55
08/05/2018 04:00;24.43;10.46;259.81;0.05;857.06;39.01;18.35
08/05/2018 05:00;23.54;10.59;182.34;0.06;857.33;35.93;18.32
08/05/2018 06:00;23.08;10.49;187.07;0.07;857.56;44.05;20.56
08/05/2018 07:00;22.71;10.52;126.95;0.03;857.97;41.66;20.94
08/05/2018 08:00;22.88;11.17;206.64;0.05;858.25;44.12;21.33
08/05/2018 09:00;23.88;11.65;209.74;0.15;858.38;40.2;20.12
08/05/2018 10:00;25.73;11.49;191.73;0.21;858.56;48.07;21.19
08/05/2018 11:00;29;10.73;178.31;0.14;858.77;59.46;23.6
08/05/2018 12:00;30.71;9.28;132.45;0.19;858.75;73.11;24.33
08/05/2018 13:00;31.82;9.11;350.75;0.14;858.5;80.55;26.75
08/05/2018 14:00;32.23;9.28;12.06;0.22;858.17;84.4;29.36
08/05/2018 18:00;35.51;5.27;329.51;0.41;856.63;86.23;23.53
08/05/2018 19:00;34.1;5.32;334.19;0.37;856.63;84.8;22.46
08/05/2018 20:00;33.35;4.88;335.93;0.22;856.79;62.79;20.03
08/05/2018 21:00;31.96;5.21;339.66;0.04;856.98;67.56;22.36
08/05/2018 22:00;29.81;9.44;172.21;0.27;857.34;46.75;16.97
08/05/2018 23:00;27.85;12.19;211.46;0.11;858.05;50.18;15.99
08/06/2018 00:00;26.54;12.51;309.23;0.02;858.17;34.75;15.47
08/06/2018 01:00;25.84;12.52;261.99;0.06;858.23;31.22;15.13
08/06/2018 02:00;24.83;13.15;217.12;0.25;858.2;37.45;16.59
08/06/2018 03:00;23.86;13.77;214.2;0.18;857.94;41.76;15.93
08/06/2018 04:00;23.03;14.03;216.79;0.23;857.9;32.47;14.77
08/06/2018 05:00;22.48;13.78;247.9;0.13;858.07;30.53;14.22
08/06/2018 06:00;22.13;13.32;231.28;0.3;858.37;26.77;13.95
08/06/2018 07:00;21.86;13.08;208.05;0.46;858.59;36.95;14.46
08/06/2018 08:00;21.78;13.3;201.57;0.59;858.71;30.61;12.81
08/06/2018 09:00;22.66;13.7;205.57;0.62;859.02;43.87;13.46
08/06/2018 10:00;24.7;13.61;224.07;0.51;859.52;35.14;13.13
08/06/2018 11:00;26.92;13.36;183.29;0.71;859.8;38.64;16.39
08/06/2018 12:00;28.72;13.15;180.78;0.67;859.71;43.2;17.15
08/06/2018 13:00;30.3;13.01;187.54;0.55;859.44;40.86;16.6
08/06/2018 14:00;31.62;12.53;178.75;0.59;858.82;43.61;16.83
08/06/2018 15:00;33.13;11.83;186.1;0.37;858.24;42.21;16.88
08/06/2018 16:00;33.41;12.28;196.24;0.33;857.64;41.37;16.43
08/06/2018 17:00;33.93;12.47;183.99;0.3;857.14;40.71;16.67
08/06/2018 18:00;33.62;12.57;171.72;0.42;856.89;37.11;15.64
08/06/2018 19:00;32.22;12.77;174.98;0.41;856.67;34.36;14.89
08/06/2018 20:00;31.22;12.6;168.58;0.61;856.77;35.95;17.06
08/06/2018 21:00;29.38;12.65;171.17;0.51;857.19;32.91;14.36
08/06/2018 22:00;26.77;13;180.48;0.62;857.83;47.11;15.84
08/06/2018 23:00;25.51;12.69;205.11;0.38;858.11;46.83;14.75
08/07/2018 00:00;24.54;12.6;196.22;0.22;858.03;29.33;13.49
08/07/2018 01:00;23.84;12.7;216.9;0.25;857.94;37.92;15.41
08/07/2018 02:00;23.21;12.73;197;0.43;857.73;30.55;11.81
08/07/2018 03:00;22.59;12.82;169.59;1.21;857.11;29.12;10.6
08/07/2018 04:00;22.24;12.77;179.87;0.61;857.24;25.81;10.79
08/07/2018 05:00;21.83;12.7;223.54;0.23;857.29;30;11.39
08/07/2018 06:00;21.46;12.63;213.17;0.31;857.41;21.23;10.79
08/07/2018 07:00;21.24;12.55;174.39;0.97;857.6;26.98;10.79
08/07/2018 08:00;21.24;12.66;171.57;1.11;857.65;31.53;11.81
08/07/2018 09:00;22;13.14;171.3;1.32;857.8;32.89;11.51
08/07/2018 10:00;23.74;13.09;174.59;0.92;858.03;30.46;11.79
08/07/2018 11:00;26.33;12.94;180.92;0.86;857.95;34.88;13.46
08/07/2018 12:00;28.5;12.97;186.58;0.6;857.84;32.32;13.03
08/07/2018 13:00;30.33;12.94;178.12;0.73;857.39;37.68;13.34
08/07/2018 14:00;31.97;12.8;181.98;0.54;856.74;41.14;13.61
08/07/2018 15:00;33.09;12.67;179.47;0.5;856.01;41.47;13.6
08/07/2018 16:00;34.47;12.43;205.77;0.28;855.4;39.5;13.2
08/07/2018 17:00;34.7;12.22;168.24;0.59;854.95;35.33;12.53
08/07/2018 18:00;34.72;12.12;184.96;0.33;854.71;35.44;12.42
08/07/2018 19:00;33.06;11.95;168.12;0.62;854.41;33.98;12.59
08/07/2018 20:00;31.7;11.51;167.97;0.66;854.48;36.25;12.43
08/07/2018 21:00;29.68;10.62;179.7;0.43;854.87;34.58;11.6
08/07/2018 22:00;27.81;10.74;205.49;0.31;855.59;41.33;12.03
08/07/2018 23:00;26.4;10.59;186.82;0.36;856.08;36.52;11.53
08/08/2018 00:00;25.4;10.82;211.28;0.19;855.94;37.69;11.13
08/08/2018 01:00;24.55;11.35;232.66;0.14;855.71;50.75;11.68
08/08/2018 02:00;23.91;11.77;195.87;0.37;855.52;33.79;11.28
08/08/2018 03:00;23.3;11.99;197.47;0.37;855.15;28.01;10.3
08/08/2018 04:00;22.93;12.12;173.23;1.11;854.73;29.98;10.25
08/08/2018 12:00;31.57;12.53;168.86;0.38;854.51;57.39;17.33
08/08/2018 13:00;32.73;12.29;204.99;0.33;854.15;56.76;17.08
08/08/2018 14:00;34.43;11.98;257.46;0.13;853.63;58.69;18.15
08/08/2018 15:00;35.94;11.4;21.07;0.01;853.05;59.12;18.28
08/08/2018 16:00;36.83;10.83;341.47;0.17;852.64;65.76;20.33
08/08/2018 17:00;37.17;10.61;323.74;0.26;852.29;82.86;24.25
08/08/2018 18:00;36.94;9;5.86;0.15;851.88;66.56;21.73
08/08/2018 19:00;36.34;5.97;108.08;0.19;851.43;75.54;20.78
08/08/2018 20:00;35.03;7.52;144.02;0.37;851.96;60.72;17.01
08/08/2018 21:00;31.55;10.88;189.1;0.26;852.62;44.53;15.22
08/08/2018 22:00;29.15;11.68;190.16;0.2;853.36;42.53;13.33
08/08/2018 23:00;27.5;11.9;188.62;0.17;853.8;35.53;12.28
08/09/2018 00:00;26.52;12.08;200.47;0.04;853.77;32.12;11.86
08/09/2018 01:00;25.67;12.26;192.2;0.09;853.61;26.78;11.33
08/09/2018 02:00;25;12.44;151.7;0.05;853.33;20.76;10.95
08/09/2018 03:00;24.44;12.83;234.75;0.21;853;22;11.74
08/09/2018 04:00;23.96;12.97;188.54;0.52;853.02;23.28;11.7
08/09/2018 05:00;23.36;13.13;208.47;0.22;853.16;20.89;10.48
08/09/2018 06:00;22.92;13.3;220.66;0.13;853.68;19.5;10.39
08/09/2018 07:00;22.5;13.36;205.59;0.23;853.79;22.08;11.39
08/09/2018 08:00;22.42;13.37;195.66;0.32;853.87;22.81;11.32
08/09/2018 09:00;23.25;13.34;167.49;0.76;854.09;33.22;12.45
08/09/2018 10:00;25.41;13.44;159.64;1.1;854.01;33.68;13.88
08/09/2018 11:00;28.9;13.35;169.28;0.76;853.98;41.78;16.19
08/09/2018 12:00;31.43;12.82;209.43;0.26;853.93;59.07;19.32
08/09/2018 13:00;33.92;11.91;293.24;0.16;853.64;65.24;20.65
08/09/2018 14:00;35.39;10.7;338.6;0.36;853.33;89.13;25.07
08/09/2018 15:00;34.83;8.81;308.13;0.54;853.22;95.21;26.3
08/09/2018 16:00;36.63;7.69;308.35;0.37;852.74;80.47;23.74
08/09/2018 17:00;36.96;5.02;322.69;0.53;852.57;126.58;25.59
08/09/2018 18:00;36.64;3.06;326.95;0.6;852.49;102.57;23.21
08/09/2018 19:00;35.52;1.96;320.44;0.58;852.4;86.97;24.08
08/09/2018 20:00;34.64;1.45;331.6;0.36;852.64;68.41;18.65
08/09/2018 21:00;32.49;3.06;73.98;0.02;853.2;66.92;19.38
08/09/2018 22:00;29.73;12.34;196.6;0.2;853.97;47.29;16.99
08/09/2018 23:00;27.31;13.58;183.04;0.38;854.68;54.38;17.21
08/10/2018 00:00;25.94;13.63;188.34;0.32;855.21;37.1;15.68
08/10/2018 01:00;25.28;13.45;209.44;0.3;855.61;27.09;14.79
08/10/2018 02:00;24.5;13.4;219.78;0.08;855.8;20.46;13.8
08/10/2018 03:00;23.79;13.28;235.96;0.17;856.03;22.41;12.1
08/10/2018 04:00;23.08;12.58;205.69;0.28;856.01;25.63;11.75
08/10/2018 05:00;22.6;12.26;220.87;0.19;855.96;23.23;10.86
08/10/2018 06:00;21.95;12.07;199.02;0.36;856.28;23.84;10.96
08/10/2018 07:00;21.42;12.36;174.25;0.92;856.7;32.04;11.52
08/10/2018 08:00;21.19;12.67;165.77;1.37;857.15;35.24;10.28
08/10/2018 09:00;21.67;12.73;177.82;1;857.4;29;10.73
08/10/2018 10:00;23.06;12.79;171.15;1.21;857.64;35.17;11.57
08/10/2018 11:00;25.38;13.01;171.97;0.99;857.94;34.48;13.3
08/10/2018 12:00;27.18;12.98;177.96;0.85;857.92;36.92;13.89
08/10/2018 13:00;29.26;12.84;201.63;0.42;857.64;29.08;12.27
08/10/2018 14:00;30.76;12.57;204;0.41;857.19;29.96;12.54
08/10/2018 15:00;31.95;12.38;233.79;0.22;856.7;32.64;12.05
08/10/2018 16:00;32.94;12.12;138.43;0.14;856.25;31.97;12.01
08/10/2018 17:00;33.4;12.02;290.29;0.13;855.9;35.21;13.07
08/10/2018 18:00;33.65;11.31;297.14;0.12;855.68;40.09;14.62
08/10/2018 19:00;31.75;12.04;174.99;0.5;855.8;34.75;12.55
08/10/2018 20:00;29.17;12.05;165.76;0.67;856.24;35.41;12.77
08/10/2018 21:00;27.27;12.14;182.95;0.54;856.9;31.84;12.3
08/10/2018 22:00;25;12.66;172.84;0.71;857.57;90.95;16.25
08/10/2018 23:00;23.24;12.79;174.46;0.98;858.16;71.97;12.2
08/11/2018 00:00;22.24;12.48;167.87;1.54;858.22;106.77;13.72
08/11/2018 01:00;21.78;12.16;173.12;1.23;858.59;53.02;8.86
08/11/2018 02:00;21.39;12.04;177.64;1.2;858.6;25.56;4.8
08/11/2018 03:00;21.03;12.02;174.28;1.17;858.44;17.64;3.67
08/11/2018 04:00;20.43;11.85;169.44;1.49;858.21;42.47;5.6
08/11/2018 05:00;19.87;11.91;169.81;1.18;858.35;20.26;4.37
08/11/2018 06:00;19.53;11.94;168.83;1.19;858.51;11.31;2.6
08/11/2018 07:00;19.36;11.99;170.13;1.21;858.96;8.32;2.58
08/11/2018 08:00;19.61;12.15;169.7;1;859.44;6.91;2.26
08/11/2018 09:00;20.33;12.17;169.3;1.19;859.82;10.08;2.38
08/11/2018 10:00;22.12;12.32;169.22;1.12;859.93;17.14;3.93
08/11/2018 11:00;25.29;12.01;186.29;0.72;859.91;27.22;5.6
08/11/2018 12:00;27.18;11.75;231.64;0.21;859.84;57.11;10.26
08/11/2018 13:00;29.22;11.34;235.32;0.27;859.34;68.98;12.16
08/11/2018 14:00;30.48;11.11;178.09;0.42;858.71;52.9;10.92
08/11/2018 15:00;31.86;10.99;194.66;0.43;858.14;43.39;9.16
08/11/2018 16:00;32.33;11.39;188.5;0.57;857.53;70.61;10.52
08/11/2018 17:00;32.25;11.45;184.48;0.69;857.22;39.91;6.87
08/11/2018 18:00;31.36;11.39;177.07;0.94;856.93;38.75;7.87
08/11/2018 19:00;29.52;11.41;174.54;1.03;856.87;37.39;7.09
08/11/2018 20:00;28.19;11.32;178.97;0.89;857.16;36.69;7.54
08/11/2018 21:00;25.63;11.28;171.86;1.09;857.7;51.54;8.51
08/11/2018 22:00;23.03;11.24;174.61;1.61;858.19;82.86;12.74
08/12/2018 03:00;17.54;10.28;173.92;1.11;857.57;17.09;4.67
08/12/2018 04:00;17.63;10.13;171.81;1.23;857.5;13.56;3.6
08/12/2018 05:00;17.63;10.21;169.22;1.33;857.26;10.18;3.7
08/12/2018 06:00;17.76;10.19;169.58;1.34;857.23;9.63;3.09
08/12/2018 07:00;17.53;10.05;170.1;1.16;857.55;7.91;2.96
08/12/2018 08:00;17.69;10.1;171.59;0.9;857.78;9.84;3.59
08/12/2018 09:00;18.5;10.24;170.42;0.99;857.66;12.93;3.78
08/12/2018 10:00;20.87;10.66;169.41;0.7;857.55;20.06;4.78
08/12/2018 11:00;23.9;10.89;167.84;0.65;857.27;33.58;8.37
08/12/2018 12:00;26.54;11.01;163.97;0.51;856.93;35.05;7.99
08/12/2018 13:00;29.72;11.04;174.41;0.22;856.36;49.1;10.14
08/12/2018 14:00;31.33;10.65;90.22;0.13;855.67;50.96;11.55
08/12/2018 15:00;32.25;10.54;315.47;0.35;855.1;55.47;12.49
08/12/2018 16:00;33.35;10.17;337.75;0.21;854.55;67.77;17.04
08/12/2018 17:00;33.92;10.01;324.4;0.23;853.97;72.14;18.68
08/12/2018 18:00;34.69;8.93;355.73;0.2;853.34;78.17;19.77
08/12/2018 19:00;34.74;6.02;349.6;0.43;852.81;102.34;22.63
08/12/2018 20:00;33.64;5.63;333.53;0.32;852.71;88.58;23.61
08/12/2018 21:00;31.49;6.17;28.31;0.08;852.96;100.06;28.06
08/12/2018 22:00;29.35;6.84;154.22;0.07;853.42;85.8;25.65
08/12/2018 23:00;27.44;8.03;244.83;0.1;853.92;66.91;16.99
08/13/2018 00:00;24.55;8.93;296.74;0.07;854.26;44.37;12.07
08/13/2018 01:00;22.35;9.42;182.17;0.03;854.6;34.38;11.34
08/13/2018 02:00;21.26;9.46;239.7;0.07;854.87;22.56;9.1
08/13/2018 03:00;20.06;9.7;212.71;0.04;855.08;16.6;7.52
08/13/2018 04:00;19.21;9.74;259.07;0.1;855.36;16.94;6.9
08/13/2018 05:00;18.69;9.61;274.18;0.05;855.49;11.95;5.8
08/13/2018 06:00;18.21;9.64;266.21;0.03;855.59;10.9;5.5
08/13/2018 07:00;17.99;9.79;250.57;0.1;855.99;12.63;5.54
08/13/2018 08:00;18.24;9.75;213.81;0.17;856.34;18.87;7.13
08/13/2018 09:00;19.06;10.01;190.67;0.37;856.69;19.29;6.54
08/13/2018 10:00;20.59;10.22;180.91;0.59;856.8;26.84;7.33
08/13/2018 11:00;22.64;10.15;177.04;0.87;856.71;28.66;8.07
08/13/2018 12:00;24.6;10.17;185.67;0.62;856.33;39.04;10.64
09/01/2018 10:00;23.17;3.45;225.91;0.64;861.04;177.53;26.48
09/06/2018 11:00;26.59;7.55;177.15;0.45;856.54;108.26;16.92
09/06/2018 12:00;28.56;6.13;173.55;0.45;856.29;86.89;24.92
09/06/2018 13:00;30.12;4.88;177.39;0.16;855.89;108.06;28.28
09/06/2018 14:00;30.86;3.89;351.65;0.18;855.48;104.1;27.09
09/06/2018 15:00;31.73;2.27;337.61;0.29;854.86;112.12;26.16
09/06/2018 16:00;32.62;0.34;353.46;0.19;854.19;220.5;35.22
09/06/2018 17:00;32.71;-1.01;336.91;0.4;853.92;206.4;34.53
09/06/2018 18:00;31.43;-1.3;345.04;0.38;853.83;122.93;24.33
09/06/2018 19:00;30.66;-1.32;3.05;0.29;853.85;93.38;19.35
09/06/2018 20:00;29.38;-0.31;13.24;0.1;853.84;95.34;22.29
09/06/2018 21:00;27.13;1.73;136.55;0.02;854.18;103.61;26.19
09/06/2018 22:00;25.64;2.46;131.78;0.01;854.62;84.81;23.71
09/06/2018 23:00;25.03;2.41;95.22;0;854.81;102.25;27.89
09/07/2018 00:00;24.56;2.41;67.02;0;854.98;108.41;28.43
09/07/2018 01:00;23.5;2.16;104.12;0.06;854.69;98.24;27.65
09/07/2018 02:00;22.28;4.03;288.61;0.03;854.53;77.38;25.3
09/07/2018 03:00;21.95;4.73;185.52;0.02;854.61;65.29;23.5
09/07/2018 04:00;21.21;5.33;120.12;0.01;854.87;61.94;22.08
09/07/2018 05:00;20.83;4.65;115.09;0.11;854.79;62.68;21.62
09/07/2018 06:00;19.86;1.1;188.1;0.07;855.02;57.41;18.56
09/07/2018 07:00;19.52;0.96;274.26;0.06;855.25;62.64;19.84
09/07/2018 08:00;19.53;4.99;252.86;0.1;855.66;65.18;23.24
09/07/2018 09:00;20.61;5.61;205.08;0.04;856.06;91.42;26.67
09/07/2018 10:00;24.1;6.28;168.43;0.04;856.45;80.04;24.61
09/07/2018 11:00;26.74;5.23;208.82;0.07;856.47;83.43;22.74
09/07/2018 12:00;28.41;3.97;354.44;0.18;856.31;94.22;24.57
09/07/2018 13:00;30.08;2.77;332.12;0.33;855.95;120.45;25.91
09/07/2018 14:00;30.6;1.74;25.84;0.33;855.5;154.09;30.53
09/07/2018 15:00;31.31;1.19;358.44;0.33;855.17;114.47;24.34
09/07/2018 16:00;31.63;-0.77;2.11;0.38;854.91;140.86;27.4
09/07/2018 17:00;32.1;-2.78;52.17;0.35;854.56;169.33;24.08
09/07/2018 18:00;31.13;-1.77;86.94;0.39;854.42;67.33;15.85
09/07/2018 19:00;30.46;-2.29;100.83;0.9;854.24;75.31;15.56
09/07/2018 20:00;29.63;-1.97;102.62;1.29;854.13;78.45;16.16
09/07/2018 21:00;28.65;-0.85;101.1;1.18;854.49;68.09;16.48
09/07/2018 22:00;26.86;-0.18;98.47;0.38;855.07;78.13;23.55
09/07/2018 23:00;25.92;-0.2;101.57;0.48;855.48;67.71;18.99
09/08/2018 00:00;23.65;1.45;114.63;0.03;855.99;70.39;22.31
09/08/2018 01:00;22.14;1.77;151.51;0.02;856.4;70.35;22.54
09/08/2018 02:00;20.97;1.78;190.39;0.01;856.28;72.7;23.64
09/08/2018 03:00;21.29;1.85;115.45;0.14;856.02;59.48;20.55
09/08/2018 04:00;20.28;2.52;240.48;0;856.32;64.42;22.41
09/08/2018 05:00;19.49;3.34;168.72;0.01;856.48;63.98;23.69
09/08/2018 06:00;19.56;2.98;65.47;0.01;856.56;61.86;22.72
09/08/2018 07:00;19.47;3.17;137.21;0.01;856.98;143.41;37.63
09/08/2018 08:00;19.41;3.9;138.35;0.01;857.35;99.74;34.31
09/08/2018 09:00;21.25;3.02;107.77;0.08;857.77;94.74;28.12
09/08/2018 10:00;23.97;2.8;344.1;0.14;857.86;78.1;24.21
09/08/2018 11:00;26.03;2.89;345.54;0.24;857.8;78.79;23.33
09/08/2018 12:00;27.36;2.87;308.02;0.28;857.69;87.39;22.93
09/08/2018 13:00;27.91;2.44;333.33;0.35;857.4;92.64;23.12
09/08/2018 14:00;28.66;2.47;316.7;0.39;856.94;100.61;25.59
09/08/2018 15:00;29.85;1.79;324.34;0.36;856.53;130.71;25.58
09/08/2018 16:00;29.95;1.42;315.62;0.68;856.2;245.09;35.12
09/08/2018 17:00;29.58;0.05;323.6;0.56;856.06;112.54;22.45
09/08/2018 18:00;28.82;-0.91;321.96;0.52;856.17;92.97;20.04
09/08/2018 19:00;28.1;-2.3;334.31;0.38;856.27;48.78;13.32
09/08/2018 20:00;27.15;-2;350.86;0.14;856.29;50.71;14.78
09/08/2018 21:00;25.9;-1.5;55.12;0.05;856.43;58.76;18.91
09/08/2018 22:00;23.83;-1.92;98.04;0.26;857.07;80.97;22.67
09/08/2018 23:00;22.97;-1.06;111.41;0.25;857.42;65.83;19
09/09/2018 00:00;22.7;-0.33;291.78;0.03;857.61;72.67;21.19
09/09/2018 01:00;22.02;1.44;180.8;0.04;857.75;63.65;20.14
09/09/2018 02:00;21.28;2.6;303.57;0.05;857.94;57.93;20.03
09/09/2018 03:00;20.83;5.45;200.37;0.05;857.9;53.67;20.85
09/09/2018 04:00;20.6;6.86;153.54;0.05;858.02;48.04;20.14
09/09/2018 05:00;20.17;7.5;194.13;0.07;857.93;44.05;20.5
09/09/2018 06:00;19.74;7.35;263.6;0.07;857.97;44.21;20.26
09/09/2018 07:00;19.19;7.54;231.84;0.03;858.2;42.01;21.29
09/09/2018 08:00;18.94;7.42;270.56;0.06;858.73;46.1;22.85
09/09/2018 09:00;19.75;8.09;178.74;0.16;859.07;64.12;26.59
09/09/2018 10:00;22.13;8.46;204.02;0.2;859.12;59.33;22.6
09/09/2018 11:00;23.68;7.89;180.44;0.36;859.24;58.26;21.73
09/09/2018 12:00;25.47;7.02;168.87;0.39;859.1;63.22;21.71
09/09/2018 13:00;26.82;5.88;221.79;0.12;858.67;69.82;21.34
09/09/2018 14:00;27.45;3.86;337.04;0.29;858.28;62.45;19.42
09/09/2018 15:00;27.75;3.09;1.69;0.13;857.85;67.08;20.94
09/09/2018 16:00;27.78;2.7;353.82;0.33;857.47;66.25;20.51
09/09/2018 17:00;28.31;3.06;354.5;0.17;857.33;68.05;20.65
09/09/2018 18:00;27.58;2.99;26.31;0.2;857.24;66.65;20.46
09/09/2018 19:00;27.16;2.59;5.84;0.15;857.51;57.43;19.44
09/09/2018 20:00;26.52;-0.17;36.25;0.15;857.82;50.26;18.29
09/09/2018 21:00;24.85;0.44;158.41;0.04;858.22;48.18;17.15
09/09/2018 22:00;23.55;8.35;187.21;0.18;858.96;47.88;17.06
09/09/2018 23:00;22.5;8.69;169.37;0.09;859.22;41.23;17.72
09/10/2018 00:00;21.58;8.93;177.47;0.07;859.29;36.2;16.76
09/10/2018 01:00;20.77;9.2;241.88;0.04;859.21;32.21;16.23
09/10/2018 02:00;20.29;9.34;210.24;0.09;859.14;32.73;15.99
09/10/2018 03:00;19.7;10.04;219.85;0.14;859.11;43.41;16.97
09/10/2018 04:00;19.27;10.25;267.96;0.07;859.05;34.84;16.8
09/10/2018 05:00;19.03;10.24;180.26;0.38;858.9;44.28;16.98
09/10/2018 06:00;18.51;10.31;181.69;0.64;858.76;48.29;17.52
09/10/2018 07:00;18.01;10.25;183.43;0.36;858.84;34.12;18.08
09/10/2018 08:00;18.05;9.98;169.5;0.24;859.14;34.17;18.25
09/10/2018 09:00;18.78;9.56;182.58;0.29;859.4;55.1;21.97
09/10/2018 10:00;21.23;9.58;193.43;0.27;859.58;52.77;21.05
09/10/2018 11:00;23.52;9.66;169.28;0.42;859.78;55.02;22.72
09/10/2018 12:00;25.87;9.29;172.23;0.49;859.49;59.07;22.18
09/10/2018 13:00;27.78;7.4;197.77;0.24;859.08;54.98;20.65
09/10/2018 14:00;29.12;5.43;324.38;0.14;858.64;60.1;20.28
09/10/2018 15:00;29.56;6.08;307.81;0.37;858.22;74.32;24.25
09/10/2018 16:00;30.36;4.66;6.53;0.28;857.78;81.9;24.02
09/10/2018 17:00;31.09;2.66;55.36;0.09;857.21;116.75;24.3
09/10/2018 18:00;30.84;2.66;336.51;0.35;856.95;90.97;21.09
09/10/2018 19:00;30.47;0.4;99.57;1.39;857.12;286.11;34.44
09/10/2018 20:00;29.36;-0.91;98.37;0.93;857.63;114.24;19.26
09/10/2018 21:00;28.06;-0.91;99.47;0.75;858.45;70.96;16.3
09/10/2018 22:00;25.9;0.41;100.36;0.07;859.28;71.19;18.24
09/10/2018 23:00;24.93;1.26;91.94;0.08;859.68;79.62;21.68
09/11/2018 00:00;23.97;2.02;107.21;0.25;860.08;62.5;18.91
09/11/2018 01:00;22.01;2.25;138.03;0.01;860.5;66.55;23.2
09/11/2018 02:00;21.21;2.23;66.04;0.03;860.78;52.34;18.22
09/11/2018 03:00;20.04;2.3;104.02;0.01;860.97;42.5;15.18
09/11/2018 04:00;19.69;1.68;101.4;0.04;861.18;34.12;12.26
09/11/2018 05:00;19.4;0.34;354.95;0;861.19;29.93;10.2
09/11/2018 06:00;19.79;-0.43;99.25;0.14;861.35;30.82;10.03
09/11/2018 07:00;18.88;0.72;174.94;0.02;861.47;49.52;15.23
09/11/2018 08:00;18.78;1.31;178.18;0.01;861.62;54.63;18.21
09/11/2018 09:00;20.73;1.58;182.42;0.12;861.71;75.35;19.65
09/11/2018 10:00;24.6;1.67;254.69;0.07;861.83;61.8;16.56
09/11/2018 11:00;26.52;2.35;327.04;0.21;861.97;61.47;15.62
09/11/2018 12:00;28.12;3.09;10.5;0.2;861.82;102.93;17.78
09/11/2018 13:00;29.35;2.62;92.07;0.71;861.44;81.26;14.88
09/11/2018 14:00;29.59;3.46;64.46;0.37;861.23;99.88;18.19
09/11/2018 15:00;30.47;3.36;72.15;0.49;860.91;130.64;20.44
09/11/2018 16:00;31.07;3.18;81.52;0.6;860.47;246.1;32.61
09/11/2018 17:00;30.69;2.15;99.06;1.39;860.2;213.77;26.74
09/11/2018 18:00;30.23;1.67;91.51;0.86;860.04;171.3;21.86
09/11/2018 19:00;29.48;1.6;78.85;0.52;860.06;91.35;16.92
09/11/2018 20:00;28.42;2.12;47.61;0.28;860.33;64.55;15.86
09/11/2018 21:00;27.13;2.25;99.19;0.73;860.92;48.25;13.93
09/11/2018 22:00;25.94;2.26;100.94;0.82;861.62;35.21;12.47
09/11/2018 23:00;24.83;3.26;96.09;0.34;862.05;40.27;14.1
09/12/2018 00:00;23.48;3.66;103.41;0.08;862.43;45.02;17.39
09/12/2018 01:00;22.38;3.16;120.87;0.05;862.76;40.65;15
09/12/2018 02:00;22.11;3.25;106.68;0.12;862.93;40.67;15.16
09/12/2018 03:00;20.25;2.78;132.96;0.01;862.95;30;12.3
09/12/2018 04:00;20.02;2.99;171.88;0.02;863.05;29.16;12.4
09/12/2018 05:00;19;3.08;128.4;0.01;863.47;25.43;11.07
09/12/2018 06:00;19.07;4.24;176.12;0.04;863.87;38.49;16.13
09/12/2018 07:00;18.69;7.19;292.55;0.07;864.28;51.74;23.85
09/12/2018 08:00;18.6;7.61;277.52;0.04;864.74;83.58;32.97
09/12/2018 09:00;19.22;7.51;218.86;0.06;865.03;58.34;27.6
09/12/2018 10:00;21.75;8.51;184.28;0.28;865.26;72.32;28.69
09/12/2018 11:00;24.15;7.79;171.73;0.38;865.28;69.83;25.29
09/12/2018 12:00;26.75;5.65;181.72;0.28;865.14;61.18;19.85
09/12/2018 13:00;28.37;2.46;141.41;0.22;864.79;60.06;16.3
09/12/2018 14:00;28.7;2.01;135.92;0.33;864.47;57.18;16.31
09/12/2018 15:00;29.64;1.71;142.01;0.2;864;62.33;17.6
09/12/2018 16:00;30.03;1.65;330.54;0.16;863.74;76.72;20.39
09/12/2018 17:00;29.51;1.03;343.78;0.18;863.54;67.21;19.15
09/12/2018 18:00;29.21;0.76;347.07;0.23;863.53;71.17;19.08
09/12/2018 19:00;28.61;1.29;349.96;0.18;863.45;66.84;19.07
09/12/2018 20:00;27.79;0.1;348.64;0.11;863.54;63.46;17.47
09/12/2018 21:00;26.35;0.22;110.19;0.13;863.69;78.34;21.43
09/12/2018 22:00;25.35;5.11;192.67;0.16;864.44;65.63;21.15
09/12/2018 23:00;24.01;6.4;256.11;0.05;864.79;57.47;18.49
09/13/2018 00:00;22.98;6.94;193.52;0.06;865.01;44.79;17.06
09/13/2018 01:00;22.2;7.35;228.29;0.08;865.33;38.85;16.16
09/13/2018 02:00;21.38;7.48;226.21;0.16;865.25;42.55;15.97
09/13/2018 03:00;20.57;7.83;263.16;0.07;865.09;34.21;14.3
09/13/2018 04:00;20.13;7.68;301.94;0.08;865.09;36.79;15.38
09/13/2018 05:00;19.65;7.55;254.56;0.08;865.1;37.89;15.66
09/13/2018 06:00;18.94;7.62;247.37;0.03;865.42;29.23;15.66
09/13/2018 07:00;18.5;7.61;210.78;0.07;865.82;41.5;19.47
09/13/2018 08:00;18.24;7.85;240.98;0.07;866.21;33.45;17.49
09/13/2018 09:00;19;8.19;206.64;0.07;866.47;39.94;17.35
09/13/2018 10:00;21.55;8.39;209.86;0.18;866.59;47.13;19.37
09/13/2018 11:00;23.69;8.13;185.48;0.24;866.78;56.77;20.52
09/13/2018 12:00;26.35;7.07;163.84;0.46;866.81;50.37;17.91
09/13/2018 13:00;28.08;3.69;156.76;0.14;866.39;49.01;16.12
09/13/2018 14:00;29.34;2.3;320.17;0.13;866.09;59.57;17.28
09/13/2018 15:00;30.27;1.91;331.83;0.12;865.67;60.66;17.53
09/13/2018 16:00;30.54;0.42;340.71;0.26;865.36;71.98;17.59
09/13/2018 17:00;30.17;-2.52;25.07;0.19;864.92;57.34;14.36
09/13/2018 18:00;29.68;-1.08;347.05;0.11;864.5;48.66;13.79
09/13/2018 19:00;29.01;-0.1;83.48;0.07;864.12;60.85;16.38
09/13/2018 20:00;27.74;0.21;129.29;0.04;864.01;59.59;17.76
09/13/2018 21:00;26.97;5.14;182.52;0.22;864.44;50.15;17.23
09/13/2018 22:00;25.86;6.08;228.87;0.04;864.86;47.57;18.24
09/13/2018 23:00;24.74;6.19;266.52;0.07;864.85;43.2;17.56
09/14/2018 00:00;23.89;6.69;187.78;0.27;864.77;39.49;16.79
09/14/2018 01:00;22.95;7.3;216.48;0.08;864.41;39.01;17.14
09/14/2018 02:00;22.28;7.32;261.43;0.05;863.94;38.54;18.08
09/14/2018 03:00;21.77;6.51;181.9;0.43;863.88;37.1;15.33
09/14/2018 04:00;21.11;7.26;186.1;0.04;863.93;25.01;13.87
09/14/2018 05:00;20.23;7.88;181.86;0.04;863.61;27.1;14.21
09/14/2018 06:00;19.9;8.14;169.57;0.16;863.65;27.05;15.6
09/14/2018 07:00;19.17;7.8;151.55;0.11;863.78;24.72;14.56
09/14/2018 08:00;18.89;8.07;193.18;0.09;864.09;26.2;15.53
09/14/2018 09:00;19.62;6.95;201.58;0.12;864.26;30.65;15.67
09/14/2018 10:00;22.32;4.98;186.13;0.06;864.26;62.57;18.85
09/14/2018 11:00;25.05;3.85;166.49;0.13;864.19;56.66;16.25
09/14/2018 12:00;27.43;3.77;237.94;0.06;863.86;58.3;16.91
09/14/2018 13:00;29.82;2.79;168.44;0.26;863.22;58.06;15.81
09/14/2018 14:00;31.59;2.16;178.32;0.32;862.48;59.3;17.92
09/14/2018 15:00;32.77;0.19;163;0.33;861.75;47.14;15.27
09/14/2018 16:00;32.95;-1.09;240.54;0.15;861.17;44.38;14.85
09/14/2018 17:00;32.04;1.61;25.15;0.15;860.65;72.45;20.96
09/14/2018 18:00;31.13;1.85;334.58;0.11;860.22;67.36;21.37
09/14/2018 19:00;30.23;2.35;13.23;0.1;860.1;72.12;21.69
09/14/2018 20:00;28.27;3.06;98.58;0.01;860.08;72.83;23.09
09/14/2018 21:00;26.05;3.55;182.97;0.01;860.25;91.31;32.44
09/14/2018 22:00;24.73;3.28;184.24;0.01;860.67;100.08;34.22
09/14/2018 23:00;23.88;1.02;237.74;0.01;860.64;92.55;31.13
09/15/2018 00:00;24.58;-1.41;298.95;0.03;860.43;58.09;17.63
09/15/2018 01:00;24.14;-1.15;174.87;0.13;860.27;55.39;16.83
09/15/2018 02:00;23.31;-0.02;168.76;0.17;860.07;50.3;15.9
09/15/2018 03:00;22.81;0.17;179.64;0.06;860.07;38.21;14.63
09/15/2018 04:00;22.41;-0.61;179.15;0.13;859.9;32.81;12.95
09/15/2018 05:00;21.87;-1.1;183.3;0.14;859.77;30.45;12.29
09/15/2018 06:00;21.54;-1.14;173.64;0.14;859.72;29.91;12.51
09/15/2018 07:00;21.14;-1.03;170.45;0.21;859.8;36.08;13.79
09/15/2018 08:00;21.04;-0.73;171.75;0.23;859.86;42.43;15.49
09/15/2018 09:00;22.03;-0.19;175.16;0.15;860.02;66.36;18.58
09/15/2018 10:00;25.13;0.05;184.9;0.07;860.36;63.41;18.05
09/15/2018 11:00;27.79;0.37;164.94;0.13;860.32;81.36;19.5
09/15/2018 12:00;30.55;0.62;137.68;0.16;860.04;110.75;22.73
09/15/2018 13:00;32.56;0.29;125.84;0.17;859.6;89.78;23.6
09/15/2018 14:00;33.97;-0.09;334.28;0.36;858.97;189.12;35.01
09/15/2018 15:00;34.23;-0.13;75.61;0.54;858.46;228.35;43.09
09/15/2018 16:00;34.86;0.12;78.57;0.53;858.12;217.07;40.41
09/15/2018 17:00;34.17;-0.25;94.62;0.88;857.82;186.84;39.61
09/15/2018 18:00;33.51;-0.13;83.62;0.62;857.73;206.58;46.72
09/15/2018 19:00;32.29;-0.22;93.44;0.83;857.84;192.28;42.49
09/15/2018 20:00;30.85;-0.85;101.08;1.25;858.05;124.85;32.34
09/15/2018 21:00;29.78;-2.15;102.43;1.39;858.42;220.14;39.71
09/15/2018 22:00;28.49;-1.87;96.79;0.54;859.02;91.07;26.44
09/15/2018 23:00;26.79;-0.69;16.68;0.08;859.25;75.99;27.01
09/16/2018 00:00;26.14;-0.28;326.85;0.13;859.22;71.4;26.84
09/16/2018 01:00;24.85;0.45;6.5;0.16;859.13;74.48;29.88
09/16/2018 02:00;23.66;0.6;342.57;0.04;859.01;65.31;27.02
09/16/2018 03:00;22.79;0.44;63.12;0.04;858.88;56.22;22.77
09/16/2018 04:00;20.89;1.23;149.49;0.08;858.84;48.52;22.25
09/16/2018 05:00;19.74;0.73;123.12;0.08;858.88;44.95;20.6
09/16/2018 06:00;18.9;-0.45;219.57;0.02;859.09;41.82;17.87
09/16/2018 07:00;18.56;-2.02;227.73;0.06;859.28;43.86;17.17
09/16/2018 08:00;18.88;-3.67;272.29;0.06;859.6;53.83;18.61
09/16/2018 09:00;20.58;-2.06;6.81;0.01;859.84;113.95;33.65
09/16/2018 10:00;24.59;0.01;127.04;0.13;860.06;164.28;42.02
09/16/2018 11:00;26.4;-0.17;145.47;0.19;860.1;69.88;25.28
09/16/2018 12:00;28.29;-1.11;106.44;0.11;859.91;67.97;23.29
09/16/2018 13:00;29.4;-3.33;344.85;0.19;859.37;64.19;20.31
09/16/2018 14:00;30.23;-2.79;346.27;0.18;858.98;76.48;23.96
09/16/2018 15:00;31.34;-2.61;322.58;0.14;858.43;71.75;22.95
09/16/2018 16:00;32.09;-8.05;337;0.37;857.85;121.28;21.22
09/16/2018 17:00;31.4;-12.67;335.66;0.56;857.61;150.26;20.82
09/16/2018 18:00;31.11;-11.56;351.21;0.4;857.49;44.14;9.91
09/16/2018 19:00;29.87;-10.54;317.52;0.21;857.36;48.38;11.27
09/16/2018 20:00;28.08;-10.2;56.66;0.04;857.24;50.45;13.56
09/16/2018 21:00;25.9;-8.7;108.65;0.27;857.52;81.33;22.47
09/16/2018 22:00;24.07;-10.18;130.29;0.06;858.11;62.96;16.45
09/16/2018 23:00;23.1;-8.4;144.63;0.01;858.26;46.2;12.72
09/17/2018 00:00;22.92;-8.35;108.41;0.06;858.04;36.22;9.87
09/17/2018 01:00;23.58;-7.66;21.65;0.12;858.19;50.47;14.53
09/17/2018 02:00;22.46;-6.3;40.77;0.02;858.37;54.18;16.49
09/17/2018 03:00;20.83;-4.97;139.54;0.06;858.61;53.12;17.47
09/17/2018 04:00;19.63;-4.99;163.52;0.01;858.88;45.05;15.54
09/17/2018 05:00;19.56;-4.51;313.58;0.06;858.93;37.13;11.41
09/17/2018 06:00;19.13;-5.2;201.86;0.03;859.19;34.88;11.43
09/17/2018 07:00;18.75;-2.03;286.1;0.09;859.51;43.1;15.33
09/17/2018 08:00;18.82;2.76;276.5;0.05;859.88;52.85;18.6
09/17/2018 09:00;19.78;6.78;214.85;0.05;860.34;48.65;19.82
09/17/2018 10:00;22.58;7.39;170.51;0.14;860.74;46.34;18.9
09/17/2018 11:00;24.18;6.73;195.5;0.15;860.96;56.19;19
09/17/2018 12:00;26.14;3.96;133.41;0.18;860.65;48.26;16.97
09/17/2018 13:00;27.36;2.01;68.89;0.15;860.15;53.29;17.61
09/17/2018 14:00;28.25;1.94;354.89;0.28;859.7;81.24;19.87
09/17/2018 15:00;29.15;0.32;352.56;0.22;859.34;70.41;19.27
09/17/2018 16:00;29.78;-0.97;8.71;0.26;858.86;57.07;16.52
09/17/2018 17:00;29.02;-2.44;12.86;0.41;858.47;61.28;16.59
09/17/2018 18:00;28.51;-3.05;20.71;0.26;858.22;39.36;12.4
09/17/2018 19:00;28.05;-2.51;19.48;0.26;858.05;41.15;13.4
09/17/2018 20:00;27.07;-2.66;58.9;0.1;857.97;42.69;14.1
09/17/2018 21:00;25.31;4.37;176.11;0.22;858.47;83.66;16.74
09/17/2018 22:00;23.5;6.56;201.51;0.05;859.15;83.21;19.07
09/17/2018 23:00;22.25;6.58;201.38;0.35;859.54;95.37;16.63
09/18/2018 00:00;21.13;7.39;216.89;0.25;859.83;53.04;15.95
09/18/2018 01:00;20.16;8.55;225.67;0.31;860.06;47.79;17.12
09/18/2018 02:00;19.49;9.24;231.11;0.19;860.13;41.41;15.85
09/18/2018 03:00;18.82;9.31;214.89;0.16;860.48;28.89;13.58
09/18/2018 04:00;18.31;9.1;230.16;0.15;860.54;23.88;12.16
09/18/2018 05:00;17.84;9.03;219.23;0.27;860.51;25.51;11.89
09/18/2018 06:00;17.57;8.6;207.34;0.36;860.74;29.6;11.82
09/18/2018 07:00;17.17;8.37;191.82;0.38;861.22;30.58;12.11
09/18/2018 08:00;17.07;8.08;184.28;0.59;861.55;45.35;12.76
09/18/2018 09:00;17.74;8.51;224.23;0.22;862.09;36.01;12.35
09/18/2018 10:00;19.34;8.83;170.58;0.93;862.39;56.28;13.52
09/18/2018 11:00;21.06;8.97;173.5;0.82;862.61;45.04;13.65
09/18/2018 12:00;23.11;9.06;177.7;0.62;862.56;71.99;16.75
09/18/2018 13:00;25.51;8.66;173.98;0.34;862.04;149.34;23.73
09/18/2018 14:00;26.6;7.7;192.53;0.22;861.53;60.68;18.97
09/18/2018 15:00;28.13;6.45;241.47;0.06;860.86;68.98;19.03
09/18/2018 16:00;28.16;5.03;313.32;0.26;860.34;64.92;17.71
09/18/2018 17:00;27.76;4.47;9.85;0.33;859.88;65.16;18.12
09/18/2018 18:00;27.31;3.7;21.13;0.13;859.61;59.03;17.5
09/18/2018 19:00;26.99;3.31;23.49;0.11;859.52;63.71;19.64
09/18/2018 20:00;25.37;5.91;176.83;0.39;859.82;59.13;16.07
09/18/2018 21:00;23.45;8.11;180.59;0.41;860.3;44.43;15.33
09/18/2018 22:00;21.98;9.23;222.45;0.25;860.84;53.64;18.16
09/18/2018 23:00;20.88;9.69;217.96;0.3;861.06;51.35;15.15
09/19/2018 00:00;19.89;9.67;204.52;0.4;861.07;74.77;15.16
09/19/2018 01:00;18.78;9.76;171.57;1.52;861.03;245.92;28.51
09/19/2018 02:00;18.2;9.83;185.23;0.54;861.06;53.82;11.84
09/19/2018 03:00;17.75;9.91;185.27;0.68;861.27;28.55;9.13
09/19/2018 04:00;17.6;9.88;185.58;0.54;861.46;16.57;7.27
09/19/2018 05:00;17.34;9.94;174.19;0.82;861.66;9.41;5.36
09/19/2018 06:00;17.27;9.97;176.27;0.85;861.92;9.42;5.1
09/19/2018 07:00;16.99;9.97;171.13;0.71;862.42;8.51;5.09
09/19/2018 08:00;16.89;10.09;179.8;0.64;862.58;8.46;4.91
09/19/2018 09:00;16.8;10.78;177.05;0.7;862.88;14.83;5.86
09/19/2018 10:00;17.42;11.35;178.87;0.58;863.14;8.53;5.42
09/19/2018 11:00;18.35;11.81;170.57;0.58;863.36;10.91;5.8
09/19/2018 12:00;19.33;11.41;177.63;0.5;863.33;12.1;5.88
09/19/2018 13:00;19.81;10.94;174.11;0.77;862.72;13.22;5.67
09/19/2018 14:00;18.29;12.5;184.88;0.18;862.65;15.16;7.38
09/19/2018 15:00;18.1;13.13;178.31;0.36;862.43;12.23;7.59
09/19/2018 16:00;18.81;12.79;172.31;0.39;861.73;11.48;7.15
09/19/2018 17:00;19.2;12.83;171.58;0.61;861.6;14.3;7.51
09/19/2018 18:00;19.04;12.74;176.68;0.51;862.01;12.91;7.73
09/19/2018 19:00;18.57;12.2;185.12;0.38;862.69;17.9;9.37
09/19/2018 20:00;16.39;13.5;191.51;0.17;862.6;11.9;9.57
09/19/2018 21:00;16.36;12.73;202.51;0.13;862.22;13.15;10.72
09/19/2018 22:00;16.96;10.5;170.44;0.49;862.41;16.5;10.44
09/19/2018 23:00;17.26;11.4;176.89;0.39;862.69;16.89;10.38
09/20/2018 00:00;16.83;11.8;205.25;0.12;862.87;17.72;10.43
09/20/2018 01:00;16.69;11.3;214.35;0.12;863.12;19.4;10.81
09/20/2018 02:00;16.56;10.91;165.62;0.56;863.14;16.01;10.22
09/20/2018 03:00;16.12;11.01;172.61;0.03;862.82;15.29;9.54
09/20/2018 04:00;15.76;10.65;168.23;0.54;862.6;8.95;6.61
09/20/2018 05:00;15.73;10.26;166.94;0.64;862.78;8.69;7.03
09/20/2018 06:00;15.54;10.2;172.44;0.68;863;7.84;6.5
09/20/2018 07:00;15.09;10.18;178.47;0.59;863.24;7.96;6.6
09/20/2018 08:00;14.7;10.16;182.89;0.58;863.37;9.26;7.59
09/20/2018 09:00;15.54;10.19;174.37;0.73;863.52;9.39;6.77
09/20/2018 10:00;16.99;10.38;170.07;1.04;863.88;13.39;7.23
09/20/2018 11:00;18.35;10.55;171.76;1.11;863.97;16.15;8.46
09/20/2018 12:00;20.12;10.85;176.88;0.91;863.96;15.34;8.57
09/20/2018 13:00;21.79;10.3;175.83;0.91;863.42;17.03;10.18
09/20/2018 14:00;23.01;10.58;185.3;0.73;863.03;19.02;11.25
09/20/2018 15:00;23.99;9.87;171.62;0.78;862.54;18.72;11.31
09/20/2018 16:00;24.47;9.51;191.65;0.57;861.9;19.66;11.89
09/20/2018 17:00;24.11;9.35;186.78;0.55;861.41;19.33;11.82
09/20/2018 18:00;23.44;9.07;192.11;0.51;861.22;19.61;11.44
09/20/2018 19:00;22.46;9.02;183.1;0.59;861.1;19.63;11.33
09/20/2018 20:00;20.79;9.16;167.42;0.8;861.13;22.19;10.85
09/20/2018 21:00;19.26;9.63;188.17;0.27;861.53;24.13;9.76
09/20/2018 22:00;18.34;9.93;222.23;0.26;862.12;18;7.68
09/20/2018 23:00;17.58;9.8;188;0.36;862.58;13.75;7.07
09/21/2018 00:00;16.98;9.81;196.08;0.45;862.76;10.55;6.54
09/21/2018 01:00;16.47;9.74;166.44;0.96;862.68;8.66;5.74
09/21/2018 02:00;16.23;9.65;166.24;0.96;862.39;8.52;5.68
09/21/2018 03:00;15.94;9.59;171.4;0.65;862.62;7.11;5.8
09/21/2018 04:00;16.01;9.24;173.71;0.43;862.76;7.88;6.41
09/21/2018 05:00;15.9;9.01;191.17;0.16;862.38;8.47;6.61
09/21/2018 06:00;15.73;9.09;182.89;0.25;862.35;7.97;6.49
09/21/2018 07:00;15.25;9.17;187.31;0.08;862.39;8.68;6.69
09/21/2018 08:00;15.38;9.13;205.89;0.05;862.64;10.85;7.12
09/21/2018 09:00;16.29;9.25;150.7;0.12;863;11.82;7.03
09/21/2018 10:00;17.84;9.63;167.43;0.15;863.2;11.05;7.07
09/21/2018 11:00;19.56;10.01;161.62;0.14;863.42;14;8.06
09/21/2018 12:00;21.47;9.83;160.69;0.29;863.36;15.64;9.06
09/21/2018 13:00;23.25;9.87;145.63;0.29;862.97;19.29;9.79
09/21/2018 14:00;24.26;9.6;118.97;0.31;862.44;20.01;11.01
09/21/2018 15:00;25.56;9.45;110.96;0.24;861.97;26.7;13.17
09/21/2018 16:00;25.76;8.98;44.66;0.12;861.52;32.09;15.88
09/21/2018 17:00;25.34;9.02;298.96;0.15;861.18;36.13;17.57
09/21/2018 18:00;25.26;7.62;339.2;0.08;860.93;41.04;17.58
09/21/2018 19:00;24.77;6.85;346.73;0.08;860.91;43.44;17.31
09/21/2018 20:00;23.97;6.02;30.25;0.07;860.96;49.92;18.47
09/21/2018 21:00;22.3;7.1;186.47;0.02;861.45;40.81;19.07
09/21/2018 22:00;22.2;9.6;190.17;0.04;861.83;23.12;12.42
09/21/2018 23:00;21.28;9.9;179.95;0.17;862.03;17;10.99
09/22/2018 00:00;19.09;9.28;176.04;0.23;862.3;14.13;6.98
09/22/2018 01:00;18.83;9.27;201.83;0.02;862.24;11.49;6.92
09/22/2018 02:00;18.65;9.27;215.1;0.12;862.21;11.31;6.61
09/22/2018 03:00;18.03;9.29;235.22;0.08;862.31;10.43;6.32
09/22/2018 04:00;17.32;9.3;247.2;0.03;862.37;9.18;6.01
09/22/2018 05:00;16.99;9.26;240.61;0.06;862.42;8.96;5.7
09/22/2018 06:00;16.61;9.21;240.07;0.01;862.46;9.76;6.36
09/22/2018 07:00;16.52;9.14;184.95;0.07;862.68;13.91;8.06
09/22/2018 08:00;17.39;9.32;214.88;0.08;862.93;20.87;10.63
09/22/2018 09:00;19.65;9.42;239.83;0.09;863.23;26.85;10.91
09/22/2018 10:00;21.64;9.45;195.86;0.17;863.28;29.18;11.74
09/22/2018 11:00;24.01;9.41;169.5;0.29;863.01;28.9;12.18
09/22/2018 12:00;25.34;8.74;149.96;0.27;862.62;36.09;13.36
09/22/2018 13:00;26.42;7.66;317.09;0.31;862.3;54.21;18.01
09/22/2018 14:00;26.12;7.36;332.14;0.31;861.76;56.21;18.29
09/22/2018 15:00;26.11;7.03;5;0;860.99;50.99;17.8
09/22/2018 16:00;25.84;6.42;122.12;0.18;860.55;69.28;21.1
09/22/2018 17:00;25.33;4.63;97.76;0.31;860.11;76.99;21.93
09/22/2018 18:00;23.09;7.35;357.21;0.39;860.46;172.5;34.32
09/22/2018 19:00;19.82;8.96;8.47;0.84;861.55;183.27;27.04
09/22/2018 20:00;19.51;7.69;173.35;0.11;862.08;29;12.17
09/22/2018 21:00;19.27;7.43;169.85;0.21;862.8;21.13;10.64
09/22/2018 22:00;18.36;8.2;175.71;0.18;863.06;14.68;8.85
09/22/2018 23:00;17.81;7.94;175.5;0.19;863;12.14;6.94
09/23/2018 00:00;17.44;7.85;255.34;0.05;862.93;12.27;6.67
09/23/2018 01:00;17.21;7.74;213.29;0.12;862.72;9.49;6.6
09/23/2018 02:00;16.75;7.76;172.97;0.42;862.36;6.86;5.99
09/23/2018 03:00;16.32;8.04;176.24;0.39;862.01;8.03;6.54
09/23/2018 04:00;15.87;8.39;178.89;0.22;861.59;9.7;8.02
09/23/2018 05:00;15.55;8.47;236.55;0.07;861.64;10.55;8.58
09/23/2018 06:00;14.94;8.31;182.51;0.1;861.83;10;7.99
09/23/2018 07:00;14.72;8.3;183.6;0.13;862.07;13.25;9.3
09/23/2018 08:00;15.59;8.69;180.89;0.1;862.31;29.38;13.81
09/23/2018 09:00;18.2;8.94;141.33;0.12;862.59;76.91;23.5
09/23/2018 10:00;20.14;8.23;114.68;0.12;862.76;34.41;16.73
09/23/2018 11:00;21.31;7.9;341.16;0.18;862.57;40.42;19.72
09/23/2018 12:00;23.03;7.44;336.95;0.31;862.25;44.3;19.88
09/23/2018 13:00;24.22;7.22;304.39;0.33;861.97;45.67;20.4
09/23/2018 14:00;24.8;6.98;309.59;0.37;861.43;45.42;18.39
09/23/2018 15:00;25.41;6.81;334.67;0.19;861.01;45.02;17.95
09/23/2018 16:00;25.04;6.14;323.31;0.16;860.7;38.72;16.69
09/23/2018 17:00;24.97;4.19;357.09;0.2;860.52;36.7;15.45
09/23/2018 18:00;24.44;2.64;13.93;0.13;860.31;38.46;15.13
09/23/2018 19:00;23.96;2.34;43.77;0.14;860.34;44.77;16.48
09/23/2018 20:00;23.83;2.81;88.73;0.05;860.48;42.56;17.4
09/23/2018 21:00;22.79;5.14;358.25;0.25;861.3;35.01;15.2
09/23/2018 22:00;21.38;7.07;0.41;0.53;862.01;58.52;18.78
09/23/2018 23:00;19.64;6.53;316.53;0.39;862.89;25.51;11.37
09/24/2018 00:00;17.93;8.32;5.45;0.21;863.79;19.43;12.33
09/24/2018 01:00;15.11;10.65;176.86;0.05;863.65;16.99;13.74
09/24/2018 02:00;15.75;9.74;194.51;0.2;862.73;15.33;13.13
09/24/2018 03:00;16.32;8.4;177.71;0.27;862.61;14.34;12.2
09/24/2018 04:00;15.74;8.39;260.65;0.04;862.52;12.32;10.94
09/24/2018 05:00;15.12;8.48;213.15;0.01;862.68;12.5;11.19
09/24/2018 06:00;14.48;8.74;266;0.07;862.87;13.51;11.55
09/24/2018 07:00;14.35;8.59;187.92;0.06;863.19;17.78;13.09
09/24/2018 08:00;15.26;8.75;114.09;0.28;863.68;24.24;15.73
09/24/2018 09:00;18.1;8.51;158.2;0.25;863.91;25.76;14.75
09/24/2018 10:00;20.62;7.96;159.44;0.22;864.18;27.1;16.04
09/24/2018 11:00;22.24;6.73;161.9;0.17;864.12;21.43;12.82
09/24/2018 12:00;23.25;6.59;114.12;0.03;863.76;24.69;14.09
09/24/2018 13:00;24.79;5.98;334.73;0.02;863.52;27.53;15.88
09/24/2018 14:00;25.6;4.74;346;0.15;863.25;22.84;11.54
09/24/2018 15:00;25.78;4.98;262.15;0.07;862.99;22.4;11.59
09/24/2018 16:00;25.48;5.3;115.27;0.06;862.83;19.84;10.53
09/24/2018 17:00;25.35;4.98;340.72;0.12;862.71;21.43;11.1
09/24/2018 18:00;24.56;5.33;335.59;0.11;862.77;19.61;10.37
09/24/2018 19:00;22.89;6.94;164.76;0.55;862.89;16.11;9.64
09/24/2018 20:00;21.61;7.22;166.64;0.32;863.26;20.2;11.89
09/24/2018 21:00;20.79;7.05;167.57;0.04;863.54;19.33;11.85
09/24/2018 22:00;19.81;7.51;181.99;0.13;863.75;17.84;10.58
09/24/2018 23:00;18.84;7.96;183.93;0.32;863.7;15.37;9.73
09/25/2018 00:00;17.93;8.34;214.9;0.07;863.63;15.24;9.56
09/25/2018 01:00;17.22;8.44;133.92;0.08;863.35;12.48;9.37
09/25/2018 02:00;16.63;8.31;116.43;0.03;863.02;10.97;8.82
09/25/2018 03:00;16.29;8.08;128.95;0.06;862.82;10.6;8.73
09/25/2018 04:00;15.74;7.99;167.19;0.15;862.7;10.85;9.14
09/25/2018 05:00;14.81;7.89;151.79;0.1;862.96;11.54;9.98
09/25/2018 06:00;14.53;8.03;165.17;0.14;863.04;12.7;10.92
09/25/2018 07:00;14.39;7.9;176.65;0.14;863.19;17.12;12.33
09/25/2018 08:00;15.33;8.08;185.48;0.15;863.4;23.28;14.33
09/25/2018 09:00;18.25;7.89;154.15;0.06;863.4;46.12;16.2
09/25/2018 10:00;20.51;7.29;180.98;0.04;863.29;26.29;12.61
09/25/2018 11:00;22.83;6.64;172.47;0.11;862.98;24.41;12.83
09/25/2018 12:00;24.5;6.27;38.9;0.15;862.28;37.56;16.39
09/25/2018 13:00;25.8;6.25;336.76;0.22;861.71;40.48;19.06
09/25/2018 14:00;26.63;5.02;339.92;0.23;861.01;43.67;16.33
09/25/2018 15:00;26.9;4.84;2.76;0.21;860.33;42.12;16.06
09/25/2018 16:00;26.61;5.3;353.19;0.18;859.88;40.48;16.73
09/25/2018 17:00;26.31;4.4;349.37;0.26;859.64;41.44;17.11
09/25/2018 18:00;25.46;3.72;29.75;0.07;859.41;40.32;17.54
09/25/2018 19:00;24.27;3.9;8.14;0.02;859.35;41.47;18.26
09/25/2018 20:00;22.54;4.25;102.33;0.12;859.62;83.87;29.79
09/25/2018 21:00;21.23;3.83;104.75;0.12;859.92;78.76;30.78
09/25/2018 22:00;20.67;3.78;175.75;0.17;860.09;58.47;23.48
09/25/2018 23:00;20.02;3.21;196.81;0.12;860.09;47.59;20.33
09/26/2018 00:00;19.52;2.24;285.5;0.08;860;37.45;17.71
09/26/2018 01:00;19.44;1.44;164.11;0.1;859.99;30.99;15.73
09/26/2018 02:00;19.2;2.9;166.73;0.06;859.98;26.06;13.76
09/26/2018 03:00;18.56;3.79;173.9;0.07;859.96;24.83;12.47
09/26/2018 04:00;18.3;4.16;182.91;0.08;859.84;21.18;11.39
09/26/2018 05:00;18.07;3.89;155.83;0.05;859.9;23.54;12.24
09/26/2018 06:00;17.66;3.66;173.78;0.14;860.17;20.72;12.02
09/26/2018 07:00;17.51;3.77;173.05;0.16;860.32;23.25;12.1
09/26/2018 08:00;18.65;3.92;128.91;0.12;860.66;34.06;14.86
09/26/2018 09:00;21.29;3.78;141.66;0.27;861.08;34.78;13.7
09/26/2018 10:00;23.29;3.43;161.01;0.52;861.27;38.61;14.07
09/26/2018 11:00;25.29;3.8;161.69;0.41;861.12;34.58;13.84
09/26/2018 12:00;27.64;3.24;135.23;0.21;860.68;36.93;13.99
09/26/2018 13:00;28.51;2.64;246.55;0.11;860.18;36.14;13.47
09/26/2018 14:00;29.14;2.69;297.61;0.05;859.75;38.3;13.71
09/26/2018 15:00;29.56;2.66;311.49;0.2;859.39;40.61;14.65
09/26/2018 16:00;28.46;2.42;327.74;0.26;859.16;41.95;15.85
09/26/2018 17:00;28.09;2.33;327.54;0.19;859.13;46.17;16.86
09/26/2018 18:00;26.69;4.91;154.75;0.47;859.48;42.43;14.33
09/26/2018 19:00;24.23;7.89;176.11;0.2;860.1;45.53;15.14
09/26/2018 20:00;22.44;9.07;189.63;0.25;860.85;36.47;15.51
09/26/2018 21:00;21.24;9.59;188.52;0.42;861.4;60.06;18.66
09/26/2018 22:00;20.26;10.08;177.08;0.81;861.68;115.87;23.92
09/26/2018 23:00;19.31;10.28;168.27;1.23;861.87;72.55;17.78
09/27/2018 00:00;18.93;9.52;158.39;1.23;861.82;38.19;13.14
09/27/2018 01:00;18.66;9.7;160.56;1.23;861.88;44.12;9.1
09/27/2018 02:00;18.14;9.93;165.11;1;862.15;20.69;5.89
09/27/2018 03:00;17.81;10.42;166.13;0.97;862.29;10.34;3.34
09/27/2018 04:00;17.26;10.6;164.85;1;862.42;8;2.79
09/27/2018 05:00;17.16;10.04;161.66;0.98;862.58;4.36;2.7
09/27/2018 06:00;17.01;9.84;160.63;0.96;862.76;3.16;2
09/27/2018 07:00;16.64;9.9;164.7;0.85;863.17;2.98;1.71
09/27/2018 08:00;17.32;9.82;158.63;0.83;863.66;15.63;4.94
09/27/2018 09:00;19.26;9.94;163.04;0.81;864.12;12.34;3.9
09/27/2018 10:00;21.2;10.11;165.08;0.76;864.34;14.26;3.97
09/27/2018 11:00;23.77;9.88;165.05;0.51;864.23;16.07;4.91
09/27/2018 12:00;25.82;7.81;165.95;0.31;864.03;40.38;11.27
09/27/2018 13:00;26.73;7.11;181.36;0.2;863.54;31.97;9.53
09/27/2018 14:00;27.4;6.94;238.21;0.05;863.04;60.37;14.39
09/27/2018 15:00;27.34;6.19;322.42;0.23;862.75;31.68;11.18
09/27/2018 16:00;26.8;6.12;322.34;0.19;862.57;38.41;14.64
09/27/2018 17:00;26.24;5.9;321.5;0.17;862.52;42.2;15.91
09/27/2018 18:00;25.64;5.68;21.57;0.14;862.56;45.15;17
09/27/2018 19:00;24.49;6.03;152.84;0.34;862.85;37.55;13.6
09/27/2018 20:00;22.47;8.7;165.33;0.72;863.42;20.95;6.94
09/27/2018 21:00;20.83;9.2;169.73;0.61;863.78;16.72;6.54
09/27/2018 22:00;19.83;9;163.05;0.91;863.88;19.4;6.74
09/27/2018 23:00;18.97;9.06;169.94;0.76;863.87;16.4;5.76
09/28/2018 00:00;18.19;9.02;165.58;0.73;863.96;14.1;5.94
09/28/2018 01:00;17.31;8.99;175.81;0.51;864.06;9.32;4.38
09/28/2018 02:00;16.86;8.94;164.42;0.86;864.14;7.9;4.2
09/28/2018 03:00;16.31;8.83;168.37;0.74;864.08;7.6;3.84
09/28/2018 04:00;15.96;8.74;183.2;0.29;864.26;5.21;3.51
09/28/2018 05:00;15.9;8.73;173.6;0.34;864.31;4.8;3.41
09/28/2018 06:00;15.64;8.77;157.42;0.11;864.56;4.62;3.43
09/28/2018 07:00;15.72;8.77;298.89;0.03;864.7;5.86;3.61
09/28/2018 08:00;16.46;8.93;189.61;0.04;864.94;8.25;4.24
09/28/2018 09:00;19.1;9.26;157.36;0.11;865.25;17.19;5.26
09/28/2018 10:00;21.12;9.48;168.39;0.3;865.27;12.51;4.79
09/28/2018 11:00;23.23;9.47;163.67;0.47;865.08;11.88;4.93
09/28/2018 12:00;25.14;9.16;169.78;0.36;864.72;15.61;5.89
09/28/2018 13:00;26.62;7.85;160.93;0.06;864.08;20;7.87
09/28/2018 14:00;27.73;7.7;166.61;0.1;863.22;21.94;7.68
09/28/2018 15:00;27.7;7.4;242.37;0.13;862.56;21.45;7.46
09/28/2018 16:00;27.09;6.75;242.46;0.12;862.04;20.91;7.67
09/28/2018 17:00;27.01;6.28;226.46;0.1;861.67;23.82;8.61
09/28/2018 18:00;26.14;5.91;196.68;0.07;861.41;24.34;8.64
09/28/2018 19:00;24.75;6.43;135.66;0.01;861.4;40.42;14.09
09/28/2018 20:00;23.76;7.25;167.82;0.06;861.83;30.01;11.72
09/28/2018 21:00;21.8;7.66;180.83;0.41;862.05;26.7;8.89
09/28/2018 22:00;20.45;7.76;178.39;0.42;862.07;22.14;8.18
09/28/2018 23:00;19.83;7.71;169.24;0.59;862;19.33;7.98
09/29/2018 00:00;19.01;7.84;173.01;0.45;861.88;15.86;7.6
09/29/2018 01:00;18.24;7.93;187.4;0.24;861.72;13.47;7.52
09/29/2018 02:00;17.91;7.92;196.41;0.1;861.65;13;7.13
09/29/2018 03:00;17.98;7.85;179.34;0.1;861.45;12.3;6.58
09/29/2018 04:00;17.74;7.73;185.84;0.08;861.41;12.63;6.62
09/29/2018 05:00;17.66;7.53;198.22;0.04;861.49;11.89;5.99
09/29/2018 06:00;17.37;7.4;167.19;0.06;861.57;12.48;6.09
09/29/2018 07:00;17.3;7.13;204.63;0.05;861.8;16.99;7.58
09/29/2018 08:00;18.26;6.83;226.05;0.08;861.94;40.68;13.29
09/29/2018 09:00;20.73;6.53;186.56;0.25;862.1;29.4;10.3
09/29/2018 10:00;23.12;6.29;166;0.26;862.24;38.86;11.75
09/29/2018 11:00;25.57;6;138.54;0.12;862.13;53.67;14.9
09/29/2018 12:00;26.42;5.68;1.62;0.13;861.72;61.94;16.27
09/29/2018 13:00;27.16;5.74;325.75;0.08;861.15;60.65;19.24
09/29/2018 14:00;27.76;5.7;2.85;0.09;860.58;59.4;18.69
09/29/2018 15:00;27.57;5.47;348.39;0.26;860.19;67.72;19.78
09/29/2018 16:00;27.05;3.92;337.71;0.21;859.83;58.44;17.28
09/29/2018 17:00;26.92;2.74;1.38;0.18;859.57;57.8;17.85
09/29/2018 18:00;26.4;1.21;17.07;0.1;859.56;65.74;19.11
09/29/2018 19:00;24.99;0.55;58.87;0.02;859.61;76.47;21.67
09/29/2018 20:00;22.91;1.41;97.37;0.21;859.91;104.74;31.88
09/29/2018 21:00;21.86;1.38;196.96;0.05;860.28;91.56;29.33
09/29/2018 22:00;21.26;0.37;176.28;0.13;860.38;70.13;23.09
09/29/2018 23:00;20.33;0.19;219.69;0.08;860.5;57.61;20.55
09/30/2018 00:00;19.72;-0.31;264.21;0.09;860.53;52.99;18.98
09/30/2018 01:00;19.41;-0.52;267.42;0.06;860.56;46.29;17.04
09/30/2018 02:00;18.7;0.72;259.57;0.02;860.87;42.45;16.31
09/30/2018 03:00;18.39;0.44;158.2;0.05;860.94;42.64;18.63
09/30/2018 04:00;17.79;0.07;221.18;0.06;861.14;37.39;15.3
09/30/2018 05:00;16.95;1.08;281.7;0.06;861.51;34.25;14.69
09/30/2018 06:00;16.62;-0.26;280.29;0.08;861.64;36.37;14.75
09/30/2018 07:00;16.32;-1.2;252.12;0.01;861.86;45.89;16.33
09/30/2018 08:00;17.32;-0.88;226.23;0.02;862.35;78.16;24.13
09/30/2018 09:00;21.03;0.58;155.27;0.11;862.92;72.97;22.54
09/30/2018 10:00;23.65;0.72;141.39;0.09;863.15;72.33;21.24
09/30/2018 11:00;25.1;-0.05;68.37;0.13;863.1;77.38;22.7
09/30/2018 12:00;26.57;0.61;15.43;0.08;862.84;70.68;21.7
09/30/2018 13:00;26.83;1.06;40.65;0.26;862.39;88.5;28.2
09/30/2018 14:00;27.71;0.79;21.85;0.1;861.87;68.48;20.13
09/30/2018 15:00;28.23;0.95;341.84;0.17;861.7;66.71;18.2
09/30/2018 16:00;27.35;0.19;335.74;0.2;861.75;56.11;16.15
09/30/2018 17:00;26.87;-0.14;341.2;0.19;861.71;63.24;17.43
09/30/2018 18:00;26.26;-0.61;0.72;0.13;861.69;56.91;18.29
09/30/2018 19:00;24.67;-0.3;108.93;0.03;861.84;83.82;26.19
09/30/2018 20:00;22.36;0.37;122.9;0.08;862.36;117.54;34.16
09/30/2018 21:00;22.04;-0.17;237.64;0.02;862.97;87.99;27.92
09/30/2018 22:00;21.32;0.03;281.75;0.01;863.32;77.96;24.89
09/30/2018 23:00;20.26;-0.12;304.56;0.06;863.61;61.41;21.36
10/01/2018 00:00;20.11;1.12;173.96;0.08;863.75;41.35;15.7
10/01/2018 01:00;19.78;4.25;341.09;0.02;863.84;29.98;12.57
10/01/2018 02:00;18.93;4.54;155.1;0.19;863.99;26;12.12
10/01/2018 03:00;18.51;5.4;174.01;0.21;863.85;25.66;11.26
10/01/2018 04:00;17.98;5.73;183.68;0.12;863.87;19.2;10.4
10/01/2018 05:00;17.52;5.48;173.62;0.18;863.97;17.97;10
10/01/2018 06:00;17.19;5.09;171.26;0.12;864.05;31.25;11.8
10/01/2018 07:00;16.73;4.86;165.33;0.15;864.52;23.54;11.33
10/01/2018 08:00;17;4.61;168.08;0.23;865.03;28.7;12.82
10/01/2018 09:00;19.87;4.85;170.99;0.13;865.47;46.18;14.66
10/01/2018 10:00;22.27;5;166.92;0.11;865.61;48.54;14.95
10/01/2018 11:00;24.54;4.59;177.01;0.14;865.46;45.23;14.51
10/01/2018 12:00;25.87;2.7;133.98;0.01;865.06;64.47;20.47
10/01/2018 13:00;26.7;2.45;299.48;0.29;864.63;77.15;23.76
10/01/2018 14:00;27.7;1.45;329.12;0.2;863.87;89.07;25.87
10/01/2018 15:00;28.05;1.31;334.68;0.27;863.47;64.52;18.69
10/01/2018 16:00;27.44;1.53;63.5;0.16;863.17;58.89;17.72
10/01/2018 17:00;26.81;1.47;65.44;0.15;863.05;57.8;17.97
10/01/2018 18:00;26.25;1.69;98.13;0.13;862.97;77.94;21.21
10/01/2018 19:00;24.73;2.01;108.44;0.13;863.1;94.01;26.68
10/01/2018 20:00;23.32;1.77;118.35;0.13;863.55;109.94;33.01
10/01/2018 21:00;23.23;2.97;156.05;0.07;863.98;72.73;24.91
10/01/2018 22:00;22.52;3.28;233.4;0.04;864.12;53.31;19.02
10/01/2018 23:00;21.39;1.91;212.2;0.06;864.21;50.12;16.9
10/02/2018 00:00;20.79;4;173.62;0.08;864.28;35.97;13.97
10/02/2018 01:00;20.03;5.09;182.36;0.17;864.22;31.43;12.58
10/02/2018 02:00;19.63;5.76;180.34;0.11;864.19;24.42;11.79
10/02/2018 03:00;19.27;6.33;171.03;0.2;864.08;18.18;10.49
10/02/2018 04:00;18.66;6.05;167.62;0.18;864.06;18.15;10.78
10/02/2018 05:00;18.22;5.76;178.97;0.13;864.15;18.57;10.83
10/02/2018 06:00;17.87;5.67;194.02;0.09;864.15;20.1;11.41
10/02/2018 07:00;17.98;5.94;191.01;0.07;864.15;25.33;13.56
10/02/2018 08:00;18.51;6.39;197.46;0.08;864.43;39.3;17.72
10/02/2018 09:00;20.35;6.25;168.01;0.15;865.01;35.58;15.62
10/02/2018 10:00;23.01;5.67;150.93;0.17;865.3;47.93;16.65
10/02/2018 11:00;25.7;4.12;127.19;0.27;865.13;56.1;17.96
10/02/2018 12:00;27.49;3.34;9.24;0.04;864.66;66.97;20.43
10/02/2018 13:00;29.07;3.63;4.76;0.24;864.34;147.04;32.39
10/02/2018 14:00;29.39;3.43;335.97;0.39;863.71;109.7;26.94
10/02/2018 15:00;29.41;3.29;358.51;0.36;863.32;81.96;22.54
10/02/2018 16:00;28.71;3.36;339.96;0.42;863.07;66.64;21.71
10/02/2018 17:00;27.92;3.76;334.4;0.45;863.18;66.31;23.21
10/02/2018 18:00;26.74;4.17;319.51;0.47;863.24;62.25;21.82
10/02/2018 19:00;25.66;4.55;335.84;0.25;863.5;70.47;24.28
10/02/2018 20:00;25.09;4.37;100.84;0.38;863.83;73.78;26.39
10/02/2018 21:00;24.89;4.51;37.61;0.1;864.22;69.38;25.99
10/02/2018 22:00;23.57;4.78;89.61;0.26;864.39;53.11;18.25
10/02/2018 23:00;22.03;4.64;102.71;0.21;864.39;45.7;17.67
10/03/2018 00:00;20.13;4.83;130.44;0.04;864.23;39.16;17.16
10/03/2018 01:00;19.26;4.65;119.02;0.02;863.98;34.28;16.3
10/03/2018 02:00;18.4;4.08;174.11;0.01;863.84;38.13;17.42
10/03/2018 03:00;18.49;4.43;153.74;0.03;863.81;23.2;13.62
10/03/2018 04:00;17.83;4.41;186.38;0.04;863.76;21.28;13.57
10/03/2018 05:00;17.64;4.37;159.25;0.02;863.85;21.45;13.69
10/03/2018 06:00;17.1;4.76;220.61;0.01;864.05;23.31;14.71
10/03/2018 07:00;16.85;5.15;216.16;0.01;864.38;35.12;19.15
10/03/2018 08:00;18.28;5.31;172.74;0.06;864.68;47.79;23.11
10/03/2018 09:00;21.69;5.12;183.88;0.01;864.94;81.36;31.55
10/03/2018 10:00;24.06;5.38;335.42;0.15;865.15;61.44;25.36
10/03/2018 11:00;25.46;5.37;325.96;0.22;865.01;57.78;24.34
10/03/2018 12:00;26.92;4.17;325.09;0.32;864.57;49.59;19.34
10/03/2018 13:00;27.88;3.61;326.55;0.36;863.92;47;17.8
10/03/2018 14:00;28.11;3.35;56.45;0.27;863.29;79.05;25
10/03/2018 15:00;28.06;3.13;340.33;0.32;862.68;55.08;19.27
10/03/2018 16:00;27.46;2.98;60.42;0.3;862.26;46.45;18.35
10/03/2018 17:00;27.05;2.73;40.4;0.19;862;42.8;17.64
10/03/2018 18:00;26.43;2.42;49.33;0.15;861.81;41.86;18.12
10/03/2018 19:00;24.83;2.93;109.53;0.23;861.9;62.97;24.29
10/03/2018 20:00;22.96;2.63;106.91;0.14;862.25;72.93;28.53
10/03/2018 21:00;22.27;2.47;116.64;0.03;862.45;62.21;25.73
10/03/2018 22:00;21.8;2;184.43;0.08;862.79;54.64;22.85
10/03/2018 23:00;21.17;1.7;209.89;0.04;862.77;47.97;20.87
10/04/2018 00:00;20.24;1.99;273.86;0.03;862.48;44.05;20.73
10/04/2018 01:00;19.08;1.81;260.09;0.01;862.41;34.33;17.73
10/04/2018 02:00;18.47;2.15;275;0.01;862.49;27.02;15.05
10/04/2018 03:00;18.47;3.12;264.47;0.03;862.48;23.25;13.48
10/04/2018 04:00;17.88;2.14;197.26;0.04;862.42;21.05;12.11
10/04/2018 05:00;16.84;1.88;251.12;0.09;862.7;20.63;11.51
10/04/2018 06:00;16.4;1.99;208.45;0.1;862.98;27.12;14.91
10/04/2018 08:00;16.68;2.12;193.87;0.1;863.58;53.69;19.69
10/04/2018 09:00;19.66;2.28;150.79;0.11;863.67;46.66;16.55
10/04/2018 10:00;22.53;2.22;331.38;0.13;863.55;34.29;12.55
10/04/2018 11:00;23.9;2.47;328.32;0.24;863.15;35.19;13.14
10/04/2018 12:00;25.16;2.46;326.22;0.23;862.5;48.81;15.87
10/04/2018 13:00;26.07;2.07;342.56;0.34;861.84;43.21;14.98
10/04/2018 14:00;26.76;1.32;336.45;0.41;861.08;61.42;18.32
10/04/2018 15:00;26.68;-1.62;331.35;0.48;860.69;59.7;15.31
10/04/2018 16:00;26.14;-2.95;341.16;0.41;860.59;38.22;11.83
10/04/2018 17:00;25.6;-3.9;25.59;0.2;860.57;32.25;10.66
10/04/2018 18:00;24.65;-2.88;21.24;0.13;860.48;32.48;11.8
10/04/2018 19:00;23.31;-2.4;116.03;0.01;860.36;44.54;15.65
10/04/2018 20:00;21.23;-2.61;134.91;0.03;860.49;92.07;31.15
10/04/2018 21:00;20.37;-3.33;157.03;0.09;860.78;60.78;23.3
10/04/2018 22:00;20.23;-4.03;191.02;0.17;860.97;51.59;18.26
10/04/2018 23:00;19.32;-4.12;195.55;0.09;860.96;47.45;16.84
10/05/2018 00:00;18.96;-3.95;244.91;0.03;860.94;42.02;15.26
10/05/2018 01:00;18.12;-3.54;198.14;0.01;861;35.55;14.13
10/05/2018 02:00;17.4;-3.7;213.19;0.02;861.04;28.42;12.62
10/05/2018 03:00;16.88;-3.38;185.88;0.04;861.13;24.03;11.22
10/05/2018 04:00;16.19;-3.35;276.52;0.02;861.18;22.22;11.42
10/05/2018 05:00;15.82;-3.06;157.33;0.06;861.53;21.85;11.18
10/05/2018 06:00;15.72;-2.77;154.24;0.16;861.93;77.28;21.25
10/05/2018 07:00;15.05;-1.83;172.8;0.04;862.27;57.07;18.97
10/05/2018 08:00;15.78;-1.01;204.68;0.03;862.73;49.43;18.7
10/05/2018 09:00;18.15;0.31;312.66;0.28;863.06;30.47;11.44
10/05/2018 10:00;20.93;0.01;156.18;0.05;863.23;32.07;10.71
10/05/2018 11:00;22.59;1.43;151.23;0.23;863.1;31.57;11.9
10/05/2018 12:00;23.03;2.04;146.74;0.23;862.77;29.65;11.06
10/05/2018 13:00;24.35;2.64;113.95;0.19;862.3;31.6;11.89
10/05/2018 14:00;24.69;1.98;130.28;0.33;861.81;28.07;11.02
10/05/2018 15:00;24.5;0.52;202.32;0.05;861.41;33.62;11.72
10/05/2018 16:00;24.72;-0.53;251.31;0.02;861.07;32.11;11.1
10/05/2018 17:00;24.08;-0.84;152.51;0.13;860.77;34.16;12.52
10/05/2018 18:00;22.66;3.82;185.38;0.31;860.83;33.69;15.98
10/05/2018 19:00;20.82;4.32;176.54;0.54;861.4;69.76;16.54
10/05/2018 20:00;19.02;4.24;191.2;0.37;862.67;43.92;11.72
10/05/2018 21:00;17.77;4.18;179.28;0.63;863.14;88.2;16.83
10/05/2018 22:00;16.36;5.71;173.93;0.86;863.3;100.32;16.4
10/05/2018 23:00;15.39;6.05;169.41;1.27;863.33;128.46;28.46
10/06/2018 00:00;14.63;5.99;168.83;1.11;863.38;75.59;7.94
10/06/2018 01:00;13.91;5.49;176.12;0.98;863.36;80.25;13.08
10/06/2018 02:00;13.39;5.46;171.34;1.14;864.06;33.63;7.63
10/06/2018 03:00;12.85;5.52;176.45;0.82;864.37;13.18;4.32
10/06/2018 04:00;12.52;5.33;178.98;0.82;864.67;8.38;3.58
10/06/2018 05:00;12.23;5.13;179.26;0.74;865.19;5.79;2.42
10/06/2018 06:00;12.13;4.77;186.74;0.65;865.71;7.12;2.21
10/06/2018 07:00;11.8;4.59;171.98;0.9;866.19;9.22;2.31
10/06/2018 08:00;11.81;4.59;182.57;0.71;866.97;11.77;2.73
10/06/2018 09:00;12.58;4.5;175.68;0.9;867.4;19.35;3.91
10/06/2018 10:00;13.4;4.53;167.93;1.14;867.55;40.6;4.92
10/06/2018 11:00;14.95;4.4;187.44;0.79;867.81;35.08;5.53
10/06/2018 12:00;15.42;4.14;173.2;1.26;867.55;64.1;9.48
10/06/2018 13:00;16.29;3.98;171.07;1.11;867.11;50.14;7.38
10/06/2018 14:00;17.04;4.09;178.42;0.89;866.7;37.42;6.17
10/06/2018 15:00;17.13;4.13;182.46;0.76;866.28;42.56;5.68
10/06/2018 16:00;16.44;4.06;179.58;0.87;865.99;28.68;4.94
10/06/2018 17:00;15.66;3.95;177.29;0.85;865.83;40.48;5.87
10/06/2018 18:00;14.52;3.66;171.27;1.15;865.78;49.63;6.07
10/06/2018 19:00;13.04;3.37;165.53;1.2;866.01;60.75;8.7
10/06/2018 20:00;11.89;3.32;164.19;1.3;866.5;47.36;6.66
10/06/2018 21:00;11.43;3.19;164.34;1.28;866.83;65.8;8.35
10/06/2018 22:00;11.1;3.19;168.14;1.26;867.19;34.68;6.16
10/06/2018 23:00;10.74;3.2;163.43;1.45;867.49;31.94;6.03
10/07/2018 00:00;10.39;3.25;167.15;1.33;867.52;21.67;4.99
10/07/2018 01:00;9.93;3.32;166.35;1.63;867.58;37.08;4.2
10/07/2018 02:00;9.47;3.26;165.98;1.58;867.64;11.59;2.46
10/07/2018 03:00;9.33;3.23;165.2;1.51;867.64;16.57;3.03
10/07/2018 04:00;9.07;3.29;169.99;1.06;867.76;6.84;2.05
10/07/2018 05:00;8.85;3.22;165.53;1.23;867.93;4.66;1.48
10/07/2018 06:00;8.97;3.06;168.73;1.11;868.04;2.27;0.87
10/07/2018 07:00;8.72;2.88;166.88;0.96;868.22;2.53;1.09
10/07/2018 08:00;9.4;3.09;193.25;0.42;868.78;11.05;3.61
10/07/2018 09:00;10.79;3.2;180.22;0.63;869.15;9.66;3.29
10/07/2018 10:00;12.98;3.24;179.05;0.66;869.29;15.81;4.07
10/07/2018 11:00;15.18;2.93;187.4;0.65;868.79;17.28;3.96
10/07/2018 12:00;16.78;2.91;178.42;0.78;868.24;23.16;4.72
10/07/2018 13:00;18.6;2.98;175.37;0.56;867.65;22.15;5.06
10/07/2018 14:00;19.76;3.11;175.56;0.51;866.86;28.14;6.02
10/07/2018 15:00;19.91;3.21;173.64;0.65;866.28;27.33;6.03
10/07/2018 16:00;19.48;3.53;196.83;0.19;865.94;30.79;7.75
10/07/2018 17:00;18.8;3.55;204.73;0.24;865.89;30.31;8.28
10/07/2018 18:00;18.16;3.7;232.86;0.16;865.96;27.9;7.58
10/07/2018 19:00;16.89;3.68;169.46;0.73;866.26;16.07;5.23
10/07/2018 20:00;15.58;3.74;166.64;1;866.66;15.33;4.52
10/07/2018 21:00;14.64;3.85;169.49;0.81;867.13;13.1;4.98
10/07/2018 22:00;13.69;4.01;127.75;0.34;867.29;6.03;4.14
10/07/2018 23:00;13.54;4.14;163.8;0.94;867.32;8.35;4.08
10/08/2018 00:00;13.16;4.29;163.75;0.97;867.01;8.09;4.11
10/08/2018 01:00;12.79;4.28;168.51;0.8;866.93;6.32;4.02
10/08/2018 02:00;12.4;4.33;174.31;0.29;866.9;5.4;4
10/08/2018 03:00;12.07;4.4;246.5;0.03;866.84;6.15;4.29
10/08/2018 04:00;11.82;4.42;215;0.04;866.58;5.57;4.3
10/08/2018 05:00;11.61;4.35;197.7;0.03;866.43;5.56;4.26
10/08/2018 06:00;11.27;4.24;169.31;0.07;866.58;6.08;4.52
10/08/2018 07:00;10.9;4.22;177.21;0.15;866.64;21.32;8.37
10/08/2018 08:00;11.18;4.46;182.62;0.13;866.89;15.45;9.39
10/08/2018 09:00;12.78;4.76;161.87;0.09;867.14;18.7;9.97
10/08/2018 10:00;15.87;5.07;152.28;0.13;867.1;26.97;12.62
10/08/2018 11:00;18.25;5.1;160.39;0.31;866.88;29.56;13.07
10/08/2018 12:00;19.56;4.31;90.48;0.2;866.61;32.79;12.13
10/08/2018 13:00;20.42;4.06;293.78;0.06;865.99;34.08;13.02
10/08/2018 14:00;20.77;4.31;35.39;0.13;865.37;43.77;17.44
10/08/2018 15:00;21.32;4.2;332.6;0.18;865.02;47.26;16.84
10/08/2018 16:00;20.61;4.42;22.63;0.14;864.88;38.54;15.1
10/08/2018 17:00;20.29;4.66;326.39;0.15;864.69;35.96;15.81
10/08/2018 18:00;19.87;4.65;72.36;0.21;864.61;38.1;16.51
10/08/2018 19:00;19.4;5.34;16.22;0.08;864.59;41.62;20.76
10/08/2018 20:00;17.8;5.22;104.67;0.31;864.68;52.79;24.71
10/08/2018 21:00;16.12;5.07;97.69;0.03;864.89;60.39;26.84
10/08/2018 22:00;15.53;5.06;122.16;0.03;864.94;38.11;19.8
10/08/2018 23:00;14.59;5.09;111.95;0.01;864.96;48.85;21.77
10/09/2018 00:00;14.14;5.13;256.02;0.02;864.9;39.75;20.32
10/09/2018 01:00;14.15;4.53;173.99;0.13;864.83;29.53;16.81
10/09/2018 02:00;13.7;3.67;191.6;0.21;864.63;25.49;15.13
10/09/2018 03:00;13.51;2.81;285.83;0.04;864.28;23.47;14.7
10/09/2018 04:00;13.5;3.18;173.72;0.03;863.98;24.38;14.47
10/09/2018 05:00;13.14;3.23;158.7;0.03;863.86;22.34;14.22
10/09/2018 06:00;13.37;3.07;192.83;0.04;863.7;20.61;12.68
10/09/2018 07:00;13.81;3.38;167.13;0.09;863.7;28.85;14.2
10/09/2018 08:00;14.2;4.02;178.51;0.13;864.04;30.81;15.61
10/09/2018 09:00;15.12;4.19;139.69;0.17;864.5;32.46;15.63
10/09/2018 10:00;17.64;4.88;177.93;0.09;864.76;34.82;16.78
10/09/2018 11:00;18.94;5.26;223.13;0.02;864.39;33.19;17.09
10/09/2018 12:00;21.15;5.13;175.73;0.28;863.97;35.98;15.6
10/09/2018 13:00;22.85;3.58;244.57;0.05;863.34;31.49;13.35
10/09/2018 14:00;24.02;3.54;70.09;0.16;862.64;37.97;14.62
10/09/2018 15:00;24.12;3.48;321.9;0.12;862.25;41.31;16.26
10/09/2018 16:00;23.32;3.32;321.59;0.2;862.13;47.27;19.5
10/09/2018 17:00;22.91;3.35;335.08;0.13;862.22;43.66;19.47
10/09/2018 18:00;22.21;4.01;297.35;0.05;862.16;43.55;19.36
10/09/2018 19:00;22.17;4.29;9.9;0.09;862.46;48.59;23.02
10/09/2018 20:00;21.59;4.48;26.93;0.03;862.73;50.27;24.37
10/09/2018 21:00;20.42;4.52;274.83;0.02;863.35;40.68;17.99
10/09/2018 22:00;19.01;4.59;96.18;0.04;863.82;37.94;17.59
10/09/2018 23:00;18.31;5.12;295.03;0.03;863.82;25.59;12.35
10/10/2018 00:00;18.08;4.91;188.95;0.24;864;17.38;11.27
10/10/2018 01:00;17.58;5.41;251.72;0.09;863.97;14.35;10.02
10/10/2018 02:00;17.02;5.69;214.1;0.07;863.85;13.55;10.16
10/10/2018 03:00;16.55;5.63;162.21;0.06;863.33;14.02;10.05
10/10/2018 04:00;16.17;5.51;156.91;0.09;863.19;13.63;10.52
10/10/2018 05:00;15.87;5.54;146.1;0.07;863.6;14.24;11.17
10/10/2018 06:00;15.46;5.58;83.1;0.02;864.47;16.9;12.26
10/10/2018 07:00;15.53;5.6;113.66;0.09;865.16;49.41;19.25
10/10/2018 08:00;16.61;6.21;73.07;0.17;865.71;29.26;15.74
10/10/2018 09:00;17.83;5.98;98.5;0.21;864.87;49.52;17.86
10/10/2018 10:00;19.5;5.59;248.34;0.08;864.72;42.85;16.48
10/10/2018 11:00;20.82;5.75;311.87;0.23;865.19;38.16;15.99
10/10/2018 12:00;20.94;6.78;338.76;0.21;865.29;38.99;19.18
10/10/2018 13:00;20.82;7.38;339.54;0.32;865.02;35.65;18.95
10/10/2018 14:00;20.42;8.44;340.11;0.41;864.91;60.08;20.51
10/10/2018 15:00;16.47;10.97;7.46;0.3;865.41;21.66;16.21
10/10/2018 16:00;17.55;9.53;340.07;0.16;865.23;31.39;16.2
10/10/2018 17:00;18.18;8.47;320.96;0.03;865;23.51;14.09
10/10/2018 18:00;18.04;8.81;103.08;0.14;864.95;33.11;21.03
10/10/2018 19:00;17.4;9.41;91.11;0.09;865.11;29.58;18.55
10/10/2018 20:00;17.37;9.46;181.33;0.07;865.26;30.57;19.36
10/10/2018 21:00;17.02;9.82;93.39;0.17;865.46;35.53;23.13
10/10/2018 22:00;16.55;9.91;90.72;0.03;865.47;36.75;25.84
10/10/2018 23:00;16.35;9.74;172.1;0.01;865.2;35.32;25.33
10/11/2018 00:00;15.84;9.61;183.07;0.03;864.83;25.93;20.5
10/11/2018 01:00;15.11;9.43;306.28;0.04;864.73;20.45;16.7
10/11/2018 02:00;14.65;9.24;202.21;0.06;864.63;18.53;16.11
10/11/2018 03:00;14.13;8.99;177.58;0.1;864.21;19.43;17.4
10/11/2018 04:00;13.64;8.79;183.58;0.01;863.98;18.75;16.9
10/11/2018 05:00;13.3;8.76;196.35;0.02;863.9;17.98;16.43
10/11/2018 06:00;13.02;8.45;158.21;0.14;864.01;19;17.37
10/11/2018 07:00;12.74;8.44;184.83;0.06;864.25;20.52;18.03
10/11/2018 08:00;13.16;8.31;165.9;0.09;864.52;25.04;20.29
10/11/2018 09:00;14.14;8.53;118.79;0.1;865.19;31.67;21.98
10/11/2018 10:00;16.45;8.8;128.94;0.12;865.36;32.53;21.58
10/11/2018 11:00;18.61;8.7;165.7;0.06;865.12;34.15;22.58
10/11/2018 12:00;20.83;8.21;135.53;0.18;864.51;35.81;21.49
10/11/2018 13:00;22.14;7.07;94.29;0.15;864.25;31.7;18.26
10/11/2018 14:00;22.81;6.86;315.75;0.08;863.25;39.05;20.85
10/11/2018 15:00;23.7;6.61;93.28;0.08;862.69;41.2;20.86
10/11/2018 16:00;22.89;6.54;337.14;0.24;862.47;36.56;19.1
10/11/2018 17:00;21.98;5.91;332.7;0.14;862.49;41.57;19.01
10/11/2018 18:00;21.18;6.04;39.88;0.13;863.16;110.01;25.51
10/11/2018 19:00;16.04;11.61;347.07;0.31;864.44;29.65;19.74
10/11/2018 20:00;15.76;11.41;104.47;0.14;863.99;24.8;21.04
10/11/2018 21:00;16.37;11.15;160.25;0.04;864.23;31.2;23.41
10/11/2018 22:00;16.4;11.03;268.49;0.02;864.19;36.21;26.21
10/11/2018 23:00;16.46;10.25;180.58;0.08;864.33;33.02;24.21
10/12/2018 00:00;16.37;9.73;168.64;0.1;864.1;22.55;16.89
10/12/2018 01:00;16;9.78;173.75;0.07;863.47;24.26;18.97
10/12/2018 02:00;15.29;9.61;292.34;0.04;863.59;23.9;19.11
10/12/2018 03:00;14.94;9.42;116.1;0.02;863.62;20.84;16.92
10/12/2018 04:00;14.87;8.82;174;0.08;863.67;18.99;15.51
10/12/2018 05:00;14.29;8.73;306.59;0.02;863.73;17.96;15.22
10/12/2018 06:00;13.77;8.17;173.08;0.06;863.85;20.93;16.72
10/12/2018 07:00;13.58;7.62;169.69;0.11;863.92;48.45;21.67
10/12/2018 08:00;14.33;7.89;175.36;0.09;864.39;25.3;17.9
10/12/2018 09:00;15.68;8.72;156.94;0.07;864.87;36.99;19.29
10/12/2018 10:00;17.51;9;245.03;0.06;865.32;28.18;18.09
10/12/2018 11:00;19.72;8.58;161.12;0.31;865.3;28.5;18.32
10/12/2018 12:00;20.54;8.07;154.61;0.23;864.89;32.21;18.85
10/12/2018 13:00;21.32;7.97;122.49;0.14;864.62;34.23;19.15
10/12/2018 14:00;21.6;7.92;297.08;0.08;864.31;40.47;21.04
10/12/2018 15:00;22.22;7.63;325.86;0.13;864.15;44.6;22.61
10/12/2018 16:00;21.88;7.2;310.89;0.25;864.01;45.28;21.4
10/12/2018 17:00;21.42;6.79;348.73;0.13;863.86;50.92;22.27
10/12/2018 18:00;20.71;7.61;166.4;0.21;864.12;37.55;18.59
10/12/2018 19:00;19.14;8.11;168.93;0.34;864.72;31.41;17.02
10/12/2018 20:00;17.49;8.06;181.65;0.46;865.22;25.72;15.17
10/12/2018 21:00;17.01;8.58;172.4;0.46;865.68;24.74;16.45
10/12/2018 22:00;16.5;8.7;178.45;0.63;866.06;23.11;14.8
10/12/2018 23:00;15.77;8.65;165.94;0.88;866.09;22.04;13.14
10/13/2018 00:00;15.1;8.7;166.49;1.13;866.06;18.55;11.81
10/13/2018 01:00;14.65;8.68;166.3;1.01;866.25;14;9.51
10/13/2018 02:00;14.27;8.02;179.56;0.75;866.72;10.23;7.97
10/13/2018 03:00;13.78;7.79;183.02;0.7;866.93;7.9;6.6
10/13/2018 04:00;13.67;7.51;171.03;0.83;866.85;7.52;6.01
10/13/2018 05:00;13.4;7.11;174.63;0.69;866.95;6.57;5.7
10/13/2018 06:00;13.29;6.81;179.14;0.68;867.12;6.28;5.03
10/13/2018 07:00;13.28;6.82;190.22;0.43;867.59;9.09;5.53
10/13/2018 08:00;13.1;7.18;167.48;1.09;868.09;8.75;4.75
10/13/2018 09:00;12.87;7.74;168.32;1.02;868.68;9.42;4.58
10/13/2018 10:00;12.57;8.74;188.87;0.44;869.07;7.21;5.31
10/13/2018 11:00;11.97;9.33;186.16;0.43;869.1;6.21;5.31
10/13/2018 12:00;12.63;9.4;187.9;0.36;868.73;6.55;5.49
10/13/2018 13:00;14.89;9.47;177.05;0.76;868.48;9.58;6.09
10/13/2018 14:00;17.1;9.2;173.15;0.7;867.95;14.52;7.15
10/13/2018 15:00;17.76;9.01;172.54;0.54;867.67;13.45;6.78
10/13/2018 16:00;17.3;8.92;171.79;0.59;867.38;12.45;6.83
10/13/2018 17:00;16.91;8.91;173.82;0.46;867.23;14.76;7.92
10/13/2018 18:00;16.23;8.83;168.31;0.59;867.21;11.54;7.24
10/13/2018 19:00;15.84;9.19;161.11;0.07;867.42;12.95;8.18
10/13/2018 20:00;15.52;8.86;149.42;0.09;867.62;12.1;7.91
10/13/2018 21:00;15.16;8.63;164.27;0.08;867.37;13.33;8.38
10/13/2018 22:00;14.8;8.34;202.32;0.22;867.3;12.65;7.56
10/13/2018 23:00;14.45;8.08;178.44;0.13;867.57;11.08;7.01
10/14/2018 00:00;13.71;7.89;170.66;0.1;867.56;10.56;7.35
10/14/2018 01:00;13.25;7.58;205.1;0.05;867.08;9.34;7.04
10/14/2018 02:00;12.98;7.53;285.24;0.05;866.87;8.08;6.69
10/14/2018 03:00;12.41;7.8;189.37;0.12;866.79;9.93;9.26
10/14/2018 04:00;12.05;7.8;170.96;0.09;866.57;9.63;9.21
10/14/2018 05:00;11.61;7.54;181.25;0.16;866.53;11.12;10.64
10/14/2018 06:00;11.34;7.29;179.78;0.1;866.46;10.98;10.2
10/14/2018 07:00;11.24;7.15;192.58;0.04;866.48;13.63;11.84
10/14/2018 08:00;11.92;7.32;290.18;0.02;866.55;21;15.27
10/14/2018 09:00;13.54;7.84;154.25;0.02;866.78;25.09;15.43
10/14/2018 10:00;15.86;8.26;166.93;0.09;866.86;28.1;16.03
10/14/2018 11:00;18.47;8.81;138.71;0.11;866.62;38.17;21.82
10/14/2018 12:00;19.96;8.91;171.11;0.06;866.08;51.05;31
10/14/2018 13:00;21.15;8.54;38.96;0.16;865.38;49.78;28.43
10/14/2018 14:00;22.26;8.19;333.87;0.11;864.62;51.4;26.69
10/14/2018 15:00;22.51;7.32;344.92;0.2;864.04;59.08;24.09
10/14/2018 16:00;22.04;6.47;337.14;0.29;863.57;71.67;26.84
10/14/2018 17:00;21.4;7.04;18.72;0.31;863.58;62.97;23.66
10/14/2018 18:00;20.44;7.91;337.34;0.37;863.8;41.72;21.02
10/14/2018 19:00;19.25;8.24;332.65;0.28;864.22;47.11;21.18
10/14/2018 20:00;17.57;9.76;97.5;0.44;864.7;35.53;21.98
10/14/2018 21:00;16.83;9.13;137.88;0.11;864.38;36.26;20.46
10/14/2018 22:00;16.47;7.51;61.51;0.01;864.54;46.93;21.38
10/14/2018 23:00;16.12;6.58;34.15;0.06;864.6;46.22;22.43
10/15/2018 00:00;15.06;6.98;175.25;0.01;864.72;48.55;25.7
10/15/2018 01:00;13.71;6.68;120.26;0.02;864.72;38.39;21.02
10/15/2018 02:00;12.8;5.66;185.42;0;864.78;30.29;17.61
10/15/2018 03:00;12.43;5.95;183.58;0;864.86;29.29;17.98
10/15/2018 04:00;12.13;5.78;176.05;0.01;864.89;25.6;16.27
10/15/2018 05:00;11.71;5.43;212.07;0.01;864.97;23.67;14.48
10/15/2018 06:00;11.64;5.25;184.87;0;865.21;22.55;13.38
10/15/2018 07:00;11.69;5.04;192.04;0.03;865.4;31.9;16.2
10/15/2018 08:00;12.75;5.13;180.69;0.05;865.5;41.78;21.09
10/15/2018 09:00;14.59;5;46.74;0.03;865.66;43.98;20.76
10/15/2018 10:00;17.39;5.29;346.36;0.15;865.79;45.98;22.18
10/15/2018 11:00;19.59;5.92;322.85;0.15;865.74;48.14;26.16
10/15/2018 12:00;20.8;6.13;322.19;0.18;865.53;56.34;27.93
10/15/2018 13:00;21.5;5.96;315.69;0.4;865.33;59.66;24.96
10/15/2018 14:00;22.51;5.67;326.71;0.31;864.73;67.76;25.68
10/15/2018 15:00;22.62;5.46;323.6;0.34;864.31;68.07;26.23
10/15/2018 16:00;22.27;4.27;333.06;0.29;864.05;71.44;27.16
10/15/2018 17:00;21.9;3.9;353.32;0.21;863.84;81.95;29.68
10/15/2018 18:00;21.33;3.88;60.23;0.04;863.93;96.01;33.3
10/15/2018 19:00;19.54;4.1;126.97;0.09;864.17;114.96;41.11
10/15/2018 20:00;18.05;4.78;137.36;0.17;864.46;82.78;36.8
10/15/2018 21:00;17.69;4.38;129.79;0.07;864.71;90.16;38.27
10/15/2018 22:00;16.97;4.45;114.89;0.03;865.06;77.48;34.45
10/15/2018 23:00;16.13;4.47;201.55;0;865.29;70.24;32.15
10/16/2018 00:00;15.96;5;281.94;0.05;865.33;44.15;22.05
10/16/2018 01:00;15.07;6.03;252.13;0.04;865.57;27.14;12.87
10/16/2018 02:00;14.38;6.2;230.11;0.05;865.81;24.56;11.52
10/16/2018 03:00;13.41;5.53;220;0.17;865.87;20.63;8.56
10/16/2018 04:00;12.76;5.3;263.71;0.06;865.87;13.88;7.37
10/16/2018 05:00;12.34;5.63;303.02;0.07;866.14;12.25;7.23
10/16/2018 06:00;12.05;5.84;230.2;0.16;866.41;12.64;7.52
10/16/2018 07:00;11.79;5.71;206.61;0.16;866.47;14.26;7.71
10/16/2018 08:00;11.99;5.53;210.42;0.21;866.74;19.77;9.49
10/16/2018 09:00;12.91;5.33;204.48;0.22;867.48;19.57;9.38
10/16/2018 10:00;15.05;5.18;181.27;0.32;867.71;34.51;11.57
10/16/2018 11:00;17.55;5.31;176.4;0.41;867.61;30.94;11.85
10/16/2018 12:00;19.31;4.97;172.08;0.46;867.32;38.29;13.52
10/16/2018 13:00;20.57;3.99;166.95;0.51;866.81;33.01;11.87
10/16/2018 14:00;21.8;3.57;182.55;0.23;866.22;34.1;12.87
10/16/2018 15:00;21.75;2.95;161.31;0.29;865.82;39.05;14.43
10/16/2018 16:00;21.04;2.87;164.24;0.33;865.59;31.04;13.37
10/16/2018 17:00;20.56;2.59;168.54;0.44;865.32;35.25;12.66
10/16/2018 18:00;19.08;3.22;162.66;0.8;865.12;28.47;11.35
10/16/2018 19:00;17.11;3.27;174.16;0.53;865.44;22.94;9.85
10/16/2018 20:00;15.7;3.69;215;0.22;866.11;38.71;18.5
10/16/2018 21:00;14.5;3.65;243.61;0.14;867.02;28.94;10.39
10/16/2018 22:00;13.76;4.04;215.62;0.25;867.39;22.11;10.35
10/16/2018 23:00;13.34;4.02;179.92;0.48;867.29;23.62;9.68
10/17/2018 00:00;12.58;4.14;181.57;0.54;867.21;22.18;9.48
10/17/2018 01:00;11.96;4.39;172.58;0.7;867.09;16.01;9.34
10/17/2018 02:00;11.55;4.55;165.17;0.99;866.99;14.5;9.22
10/17/2018 03:00;11.42;4.45;172.02;0.67;866.97;12.51;8.62
10/17/2018 04:00;10.96;4.27;201.83;0.15;866.91;10.43;8.23
10/17/2018 05:00;10.78;4.03;169.16;0.68;867.02;10.05;8.06
10/17/2018 06:00;10.55;3.84;174.59;0.34;867.02;10.58;8.01
10/17/2018 07:00;10.27;3.82;183.29;0.19;867.07;13.83;9
10/17/2018 08:00;10.22;3.85;171.49;0.7;867.19;19.62;10.99
10/17/2018 09:00;11.1;3.92;176.74;0.69;867.34;17.75;9.95
10/17/2018 10:00;12.99;4.09;168.89;0.79;867.44;21.34;10.53
10/17/2018 11:00;16.1;4.46;171.58;0.57;867.42;26.55;11.25
10/17/2018 12:00;17.89;4.45;171.53;0.69;866.96;22.71;9.39
10/17/2018 13:00;19.32;3.97;169.25;0.6;866.36;25.71;9.09
10/17/2018 14:00;20.68;2.36;180.94;0.32;865.69;18.18;6.3
10/17/2018 15:00;20.9;0.12;176.09;0.28;865.16;20.37;4.99
10/17/2018 16:00;20.04;-1.34;165.34;0.26;864.84;22.16;5.08
10/17/2018 17:00;19.66;-0.35;180.52;0.14;864.47;17.61;5.5
10/17/2018 18:00;18.87;1;167.4;0.39;864.42;14.44;4.89
10/17/2018 19:00;17.68;2.36;167.44;0.45;864.9;16.73;6.84
10/17/2018 20:00;16.77;3.09;224.64;0.09;865.17;17.15;8.14
10/17/2018 21:00;15.92;2.94;177.01;0.17;865.36;15.2;7.6
10/17/2018 22:00;14.98;2.83;264.98;0.08;865.49;12.75;6.64
10/17/2018 23:00;14.24;2.33;286.48;0.1;865.57;8.9;5.46
10/18/2018 00:00;13.36;2.44;310.19;0.04;865.41;10.15;6.02
10/18/2018 01:00;12.56;2.53;283.88;0.07;865.49;8.76;6.04
10/18/2018 02:00;12;2.65;180.45;0.08;865.52;9.02;6.57
10/18/2018 03:00;11.41;2.7;226.53;0.09;865.38;9.4;6.89
10/18/2018 04:00;10.96;2.75;158.15;0.14;865.18;10.28;8.08
10/18/2018 05:00;10.48;2.92;179.02;0.05;865.05;10.13;8.63
10/18/2018 06:00;9.88;3.05;189.52;0.19;865.04;11.67;9.79
10/18/2018 07:00;9.49;3.36;189.16;0.15;864.93;21.67;13.24
10/18/2018 08:00;9.79;3.14;185.64;0.21;865.14;19.81;13.63
10/18/2018 09:00;11.21;3.49;173.52;0.1;865.47;22.73;14.75
10/18/2018 10:00;14.05;3.18;123.1;0.05;865.77;29.51;13.44
10/18/2018 11:00;17.64;3.2;119.97;0.1;865.78;32.17;14.02
10/18/2018 12:00;19.17;2.04;105.05;0.3;865.44;30.8;11.12
10/18/2018 13:00;20.29;1.43;354.94;0.09;864.87;36.13;13.08
10/18/2018 14:00;21.25;1.47;322.81;0.1;864.16;46.9;18.08
10/18/2018 15:00;20.79;0.37;316.59;0.19;863.61;34.47;13.41
10/18/2018 16:00;19.86;-1.39;343.61;0.17;863.28;30.82;12.7
10/18/2018 17:00;19.41;-2.6;112.14;0.16;863.13;40.96;14.17
10/18/2018 18:00;18.35;-2.65;107.43;0.14;862.98;102.97;30.49
10/18/2018 19:00;16.24;-0.88;122.69;0.01;863.14;93.6;29.46
10/18/2018 20:00;15.25;-1.15;165.27;0.01;863.37;90.43;29.51
10/18/2018 21:00;15.27;-0.57;210.52;0.04;863.67;61.36;23.7
10/18/2018 22:00;14.57;-0.46;313.6;0.02;863.95;50.19;20.69
10/18/2018 23:00;14.3;-0.45;223.59;0.04;864.14;40.92;19.09
10/19/2018 00:00;14.27;-0.34;223.64;0.08;864.16;23.98;12.04
10/19/2018 01:00;13.69;-0.43;194.18;0.13;864.21;17.98;9.55
10/19/2018 02:00;12.97;0.17;183.3;0.13;864.21;15.97;8.63
10/19/2018 03:00;12.21;0.12;202.54;0.12;864.26;13.72;8.55
10/19/2018 04:00;11.87;-0.28;235.24;0.11;864.31;12.28;7.86
10/19/2018 05:00;11.44;-0.42;225.69;0.1;864.42;10.64;7.49
10/19/2018 06:00;11.02;-0.65;179.51;0.12;864.55;10.37;7.5
10/19/2018 07:00;10.55;-0.45;168.98;0.2;864.65;26.54;11.24
10/19/2018 08:00;10.66;-0.44;197.13;0.19;865;16.28;8.94
10/19/2018 09:00;11.96;-0.5;185.48;0.2;865.48;17.4;8.8
10/19/2018 10:00;14.7;-0.34;134.47;0.05;865.73;20.89;9.07
10/19/2018 11:00;17.92;-0.5;148.44;0.07;865.72;20.7;8.6
10/19/2018 12:00;19.38;-0.75;108.05;0.2;865.52;31.51;13.74
10/19/2018 13:00;20.62;-0.4;344.27;0.06;864.88;43.78;20.38
10/19/2018 14:00;21.51;0;142.5;0.04;864.06;46.99;21.92
10/19/2018 15:00;21.47;-0.3;308.68;0.11;863.43;43.66;19.2
10/19/2018 16:00;20.51;-1.52;297.91;0.13;863.01;34.96;15.74
10/19/2018 17:00;19.91;-2.53;296.5;0.06;862.79;34.23;13.42
10/19/2018 18:00;18.87;-1.38;33.5;0.02;862.73;41.73;15.3
10/19/2018 19:00;17.21;0.01;89.19;0.01;863;49.93;17.15
10/19/2018 20:00;15.82;0.16;169.42;0.01;863.38;59.66;23.14
10/19/2018 21:00;15.15;0.02;220.02;0.01;863.69;52.04;21.51
10/19/2018 22:00;15.36;-0.55;270.32;0.05;863.87;54.49;23.43
10/19/2018 23:00;14.57;-0.62;183.59;0.04;863.93;45.31;20.64
10/20/2018 00:00;14.39;-0.86;181.79;0.05;863.88;33.28;16.31
10/20/2018 01:00;13.98;-0.96;184.74;0.08;863.72;24.53;12.92
10/20/2018 02:00;13.43;-0.85;161.14;0.05;863.61;22.36;12.41
10/20/2018 03:00;13.11;-1.33;169.96;0.07;863.39;17.83;10.27
10/20/2018 04:00;12.71;-1.45;177.64;0.11;863.16;18.59;10.48
10/20/2018 05:00;12.09;-1.33;180.84;0.09;863.13;17.54;10.62
10/20/2018 06:00;11.68;-1.31;186.05;0.13;863.39;18.6;10.69
10/20/2018 07:00;11.49;-1.28;186.58;0.08;863.5;24.32;12.87
10/20/2018 08:00;11.91;-1.21;215.43;0.06;863.84;68.07;22.12
10/20/2018 09:00;13.13;-1.05;224.35;0.02;864.24;34.4;15.93
10/20/2018 10:00;15.81;-0.71;142.84;0.12;864.32;37.2;14.73
10/20/2018 11:00;18.57;0.02;95.82;0.11;864.08;49.39;18.07
10/20/2018 12:00;20.01;1.79;299.45;0.12;863.6;41.59;18.83
10/20/2018 13:00;20.83;2.73;304.53;0.28;863.03;49.11;21.62
10/20/2018 14:00;21.25;3.72;320.54;0.21;862.41;60.27;24.62
10/20/2018 15:00;21.17;3.78;328.48;0.03;861.96;53.88;24.92
10/20/2018 16:00;20.91;4.4;24.79;0.18;861.71;51.83;23.31
10/20/2018 17:00;20.46;4.75;336.24;0.14;861.55;49.37;22.46
10/20/2018 18:00;19.46;4.51;95.81;0.23;861.59;74.24;23.01
10/20/2018 19:00;17.92;4.16;92.02;0.34;861.86;42.48;17.29
10/20/2018 20:00;17.29;4.04;107.8;0.25;861.95;30.3;15.44
10/20/2018 21:00;16.71;4.14;106.71;0.03;861.93;30.15;16.83
10/20/2018 22:00;16.16;4.6;145.85;0.01;862.05;34.25;18.6
10/20/2018 23:00;15.53;4.76;157.51;0;862.17;39.77;22.51
10/21/2018 00:00;14.88;5.05;173.77;0;862.18;40.07;21.51
10/21/2018 01:00;14.44;5.26;168.37;0.01;861.92;38.16;21.19
10/21/2018 02:00;14.18;5.38;190.86;0;861.83;39.53;21.15
10/21/2018 03:00;13.55;5.03;160.67;0.02;861.69;34.22;19.04
10/21/2018 04:00;12.51;4.51;118.35;0;861.53;34.98;20.46
10/21/2018 05:00;12.1;4.62;185.16;0;861.75;31.4;19.26
10/21/2018 06:00;12.1;4.76;188.75;0.02;862.05;26.94;17.97
10/21/2018 07:00;11.78;4.54;218.19;0.01;862.17;88.27;31.06
10/21/2018 08:00;12.47;4.47;258.29;0.03;862.5;66.92;27.5
10/21/2018 09:00;14.12;4.38;186.42;0.06;862.99;45.33;24.58
10/21/2018 10:00;16.46;4.5;184.53;0.1;863.04;45.47;23.64
10/21/2018 11:00;18.95;4.69;111.04;0.22;863.01;39;20.45
10/21/2018 12:00;20.48;5.01;331.81;0.15;862.83;39.42;19.39
10/21/2018 13:00;21.17;5.06;319.02;0.19;862.35;42.76;20.84
10/21/2018 14:00;21.4;5.12;316.87;0.26;861.77;45.91;22.13
10/21/2018 15:00;21.54;4.5;2.97;0.17;861.23;46.07;19.78
10/21/2018 16:00;21.33;3.84;333.94;0.3;860.99;50.56;20.02
10/21/2018 17:00;20.72;3.65;327.92;0.33;860.89;42.3;19.53
10/21/2018 18:00;19.93;4.22;334.37;0.17;861.08;47.15;22.07
10/21/2018 19:00;17.58;6.31;97.33;0.95;862.28;218.35;22.58
10/21/2018 20:00;17.07;7.45;3.38;0.08;861.98;24.38;15.98
10/21/2018 21:00;15.47;8.83;79.22;0.16;861.65;36.35;23.18
10/21/2018 22:00;14.86;8.21;101.19;0.08;861.53;38.64;21.62
10/21/2018 23:00;15.33;7.41;44.64;0.01;861.66;25.45;16.36
10/22/2018 00:00;14.55;8.8;73.74;0.02;861.68;19.79;15.39
10/22/2018 01:00;13.63;9.81;310.34;0.08;861.54;27.52;22.79
10/22/2018 02:00;13.81;9.94;313.04;0.08;861.78;35.27;30.23
10/22/2018 03:00;13.62;9.12;2.09;0.08;861.66;24.03;19.74
10/22/2018 04:00;13.44;9.01;338.76;0.1;861.66;25.19;21.63
10/22/2018 05:00;13.42;8.88;333.13;0.04;861.97;24.47;21.21
10/22/2018 06:00;13.2;8.4;350.56;0.11;862.59;18.19;15.62
10/22/2018 07:00;12.82;7.93;328.93;0.02;862.9;27.35;20.71
10/22/2018 08:00;13.09;8.03;23.11;0.07;863.16;19.23;13.82
10/22/2018 09:00;13.68;8.19;311.8;0.1;863.44;16.7;11.53
10/22/2018 10:00;14.99;8.14;103.86;0.18;863.52;23.39;13.9
10/22/2018 11:00;17.68;8.01;308.75;0.22;863.43;25.89;15.87
10/22/2018 12:00;18.85;7.57;335.46;0.2;863.07;33.18;18.47
10/22/2018 13:00;19.69;6.73;21.06;0.22;862.69;33.78;14.8
10/22/2018 14:00;20.47;5.34;337.56;0.42;862.27;26.97;10.02
10/22/2018 15:00;20.35;4.93;15.03;0.31;861.82;47.81;16.2
10/22/2018 16:00;20.15;4.8;75.13;0.42;861.69;32.97;11.62
10/22/2018 17:00;20;4.17;81.43;0.52;861.72;36.85;14.77
10/22/2018 18:00;19.41;4.18;88.87;0.46;861.9;33.16;12.59
10/22/2018 19:00;18.64;4.29;97.3;0.47;862.23;28.25;14.5
10/22/2018 20:00;17.88;5.04;326.66;0.39;862.8;27.96;13.12
10/22/2018 21:00;16.79;6.11;359.72;0.2;863.02;23.39;13.52
10/22/2018 22:00;16.25;6.06;354.4;0.1;863.39;23.65;13.49
10/22/2018 23:00;15.81;5.97;359.85;0.01;863.63;27.83;14.36
10/23/2018 00:00;14.7;6.05;167.24;0.01;863.53;27.62;14.95
10/23/2018 01:00;13.11;5.38;101.4;0.01;863.44;29.72;18.5
10/23/2018 02:00;12.6;5.41;219.97;0.02;863.51;28.85;19.6
10/23/2018 03:00;12.14;5.24;185.91;0.02;863.47;18.32;12.61
10/23/2018 04:00;11.72;4.74;230.91;0.03;863.43;16.38;11.36
10/23/2018 05:00;11.65;4.91;177.45;0.01;863.59;17.92;13.07
10/23/2018 06:00;11.67;5.04;250.85;0;863.77;19.68;14.08
10/23/2018 07:00;11.75;5.14;-9999;0;863.84;62.24;22.78
10/23/2018 08:00;12.6;5.18;155.46;0.07;864.17;34.48;19.03
10/23/2018 09:00;13.6;5.5;328.13;0.08;864.62;29.92;17.9
10/23/2018 10:00;14.14;6.33;1.24;0.29;864.91;28.27;16.99
10/23/2018 11:00;16.3;6.17;321.55;0.25;864.76;39.19;25.17
10/23/2018 12:00;17.47;5.97;345.15;0.33;864.38;40.86;25.58
10/23/2018 13:00;19.09;5.03;342.78;0.32;863.41;38.55;22.57
10/23/2018 14:00;19.68;3.64;352.17;0.24;862.92;35.12;17.9
10/23/2018 15:00;20.29;1.87;340.68;0.3;862.5;38.35;15.58
10/23/2018 16:00;19.44;1.65;334.87;0.37;862.2;27.67;14.14
10/23/2018 17:00;19.28;0.56;11.2;0.19;861.9;28.82;13.11
10/23/2018 18:00;18.62;0.41;12.92;0.17;861.76;27.72;14.37
10/23/2018 19:00;17.73;0.95;4.24;0.07;861.97;40.78;22.77
10/23/2018 20:00;16.43;0.06;107.41;0.15;862.26;44.47;21.16
10/23/2018 21:00;15.9;0.71;112.69;0.16;862.43;41.83;23.37
10/23/2018 22:00;14.86;3.33;107;0.14;862.51;38.25;22.15
10/23/2018 23:00;13.67;2.1;97.78;0.05;862.57;32.32;20.44
10/24/2018 00:00;12.67;2.12;222.44;0;862.55;34.82;20.6
10/24/2018 01:00;12.57;1.96;279.7;0;862.3;28.96;17.01
10/24/2018 02:00;12.25;2.34;123.99;0.01;862.23;27.74;16.08
10/24/2018 03:00;11.65;2.47;225.82;0;861.74;24.4;14.53
10/24/2018 04:00;11;2.62;152.04;0.01;861.19;31.1;21.42
10/24/2018 05:00;10.81;2.79;175.52;0.03;861.1;27.58;19.93
10/24/2018 06:00;10.39;3.07;159.84;0.01;861.01;23.35;15.95
10/24/2018 07:00;10.34;3.27;166.71;0.01;861.17;29.7;18.63
10/24/2018 08:00;11.49;3.39;182.34;0.05;861.2;37.13;22.01
10/24/2018 09:00;13.1;2.84;121.2;0.06;861.68;39.3;22.8
10/24/2018 10:00;14.84;3.84;326.32;0.11;861.87;54.59;29.82
10/24/2018 11:00;16.63;4.92;330.39;0.32;861.16;52.85;31.6
10/24/2018 12:00;19.12;5.03;329.4;0.42;860.81;70.2;19.75
10/24/2018 13:00;19.83;4.6;345.62;0.52;860.07;80.06;16.06
10/24/2018 14:00;20.87;4.48;42.44;0.43;859.24;164.31;22.21
10/24/2018 15:00;20.83;4.78;79.69;0.52;858.8;75.72;17.56
10/24/2018 16:00;19.97;4.95;94.12;0.88;858.52;132.29;19.65
10/24/2018 17:00;18.92;4.61;101.1;1.49;858.61;143.4;18.98
10/24/2018 18:00;17.23;6.02;100.37;1.28;859.12;98.97;17.96
10/24/2018 19:00;17.14;5.65;81.09;0.35;858.98;17.66;7.14
10/24/2018 20:00;17.56;3.85;41.13;0.26;859.04;25.36;9.62
10/24/2018 21:00;17.07;3.92;319.71;0.49;858.75;29.17;15.17
10/24/2018 22:00;16.15;4.08;319.22;0.32;858.5;30.91;16.12
10/24/2018 23:00;15.8;3.66;327.07;0.13;858.46;28.85;16.79
10/25/2018 00:00;16.49;2.69;95.91;0.46;857.92;20.25;8.98
10/25/2018 01:00;16.04;2.5;332.11;0.16;857.67;20.65;9.37
10/25/2018 02:00;14.03;3.6;328.2;0.19;857.47;23.26;14.47
10/25/2018 03:00;14.04;3.76;334.38;0.25;856.94;22.53;13.43
10/25/2018 04:00;15.72;3.83;87.52;0.36;856.48;30.21;11.03
10/25/2018 05:00;15.54;4.52;345.45;0.19;856.59;22.04;12.04
10/25/2018 06:00;14.57;6.28;74.38;0.33;857.06;33.35;12.06
10/25/2018 07:00;15.16;5.09;94.61;0.89;856.08;51.69;8.76
10/25/2018 08:00;14.53;5.76;352.76;0.17;856.36;32.61;14.47
10/25/2018 09:00;16.18;5.63;2.62;0.35;856.39;27.54;10.71
10/25/2018 10:00;19.02;5.13;84.5;0.41;855.99;228.25;25.04
10/25/2018 11:00;20.77;5.16;103.94;2.13;855.26;380.41;42.17
10/25/2018 12:00;21.32;5.41;103.29;2.05;854.71;251.29;35.12
10/25/2018 13:00;21.84;5.66;103.96;1.95;854.31;371.16;44
10/25/2018 14:00;21.74;5.61;104.05;1.96;854.09;403.77;49.67
10/25/2018 15:00;18.46;9.06;94.33;0.87;854.9;70.23;16.3
10/25/2018 16:00;14.7;10.28;103.57;1.51;855.58;14.91;9.11
10/25/2018 17:00;16.04;8.28;100.83;1.57;854.41;12.16;4.72
10/25/2018 18:00;16.27;7.73;95.15;0.61;854.16;11.6;5.85
10/25/2018 19:00;17;7.68;98.07;0.81;853.89;17.94;10.91
10/25/2018 20:00;17.37;7.74;99.72;1.17;853.48;27.51;14.82
10/25/2018 21:00;17.67;7.67;99.76;1.45;852.6;44.82;21.02
10/25/2018 22:00;18.13;7.27;99.91;1.39;851.83;40;20.73
10/25/2018 23:00;17.97;7.26;100.93;1.75;851.87;55.25;17.26
10/26/2018 00:00;16.41;8.03;100.65;1.84;852.59;21.76;8.21
10/26/2018 01:00;13.22;9.51;101.43;0.97;852.08;6.84;5.23
10/26/2018 02:00;15.22;8.24;100.94;1.49;851.55;10.64;6.77
10/26/2018 03:00;15.46;8.46;101.57;1.84;851.87;19.32;11.75
10/26/2018 04:00;14.89;8.45;101.97;1.67;852.27;33.88;23.32
10/26/2018 05:00;15.65;7.3;100.87;1.67;852;38.9;25.88
10/26/2018 06:00;15.93;6.25;101.46;1.42;852;39.41;25.67
10/26/2018 07:00;15.97;6.01;100.83;1.54;852.21;30.96;18.98
10/26/2018 08:00;15.67;6.61;96.23;0.66;852.84;24.09;13.65
10/26/2018 09:00;15.96;7.15;94.69;0.43;853.39;81.94;47.93
10/26/2018 10:00;17.67;7.23;93.63;0.48;853.31;91.44;52.03
10/26/2018 11:00;17.82;6.91;102.08;1.39;853.15;67.38;34.72
10/26/2018 12:00;19.6;6.8;102.44;1.43;852.64;116.4;61.82
10/26/2018 13:00;20.12;6.26;100.51;1.72;852.02;227.91;112.78
10/26/2018 14:00;20.54;5.68;97.92;1.68;851.34;245.29;104.67
10/26/2018 15:00;20.36;5.85;97.17;1.61;851.2;231.44;100.42
10/26/2018 16:00;19.64;5.51;98.76;1.68;851.34;192.58;84.11
10/26/2018 17:00;18.7;3.84;99.92;1.87;851.71;185.08;71.68
10/26/2018 18:00;17.61;4.02;100.08;1.01;851.87;121.72;52.4
10/26/2018 19:00;16.47;4.48;98.9;1.09;851.63;73.33;29.29
10/26/2018 20:00;15.76;4.14;97.03;1.26;852.23;42.8;11.75
10/26/2018 21:00;14.88;3.38;96.29;0.98;852.54;11.88;3.69
10/26/2018 22:00;15.19;4.46;98.87;1.17;852.57;41.54;20.16
10/26/2018 23:00;14.45;5.29;97.29;0.73;853.14;48.87;23.08
10/27/2018 00:00;12.99;5.29;100.68;1.06;854.28;81.81;33.26
10/27/2018 01:00;11.38;3.12;99.58;0.93;854.97;172.85;85.26
10/27/2018 02:00;10.96;0.77;91.77;0.47;856.08;210.01;86.19
10/27/2018 03:00;10.87;-1.57;94.66;0.56;856.74;158.79;59.84
10/27/2018 04:00;10.01;0.1;304.75;0.45;857.91;117.96;46.88
10/27/2018 05:00;8.13;2.25;332.55;0.53;859.1;22.13;9.73
10/27/2018 06:00;7.34;1.66;296.38;0.51;860.29;6.3;2.55
10/27/2018 07:00;6.82;1.17;330.46;0.24;861.55;4.9;1.87
10/27/2018 08:00;6.61;1.13;349.33;0.31;862.38;6.67;2.57
10/27/2018 09:00;7.13;0.77;10.39;0.25;863.45;4.99;2.03
10/27/2018 10:00;8.46;0.09;351.41;0.29;864.22;6.66;2.36
10/27/2018 11:00;10.87;-0.62;356.11;0.26;864.81;8.95;3.13
10/27/2018 12:00;12.18;-0.46;356.49;0.23;865.19;16.36;6.14
10/27/2018 13:00;12.62;-0.61;322.02;0.21;865.06;7.69;2.98
10/27/2018 14:00;13.37;-0.64;318.25;0.39;864.98;9.44;3.32
10/27/2018 15:00;13.15;-1.15;314.76;0.26;865.12;9.09;2.91
10/27/2018 16:00;12.42;-1.49;305.56;0.36;865.63;8.95;3.07
10/27/2018 17:00;12.34;-1.44;357.71;0.44;866.21;11.35;3.43
10/27/2018 18:00;11.67;-1.25;3.59;0.33;866.71;10.47;4.25
10/27/2018 19:00;11.12;-0.96;324.02;0.11;867.56;9.55;4.1
10/27/2018 20:00;11.06;-0.87;169.08;0.29;868.45;7.82;3.27
10/27/2018 21:00;10.54;-0.17;192.13;0.28;868.92;6.4;2.98
10/27/2018 22:00;9.71;0.63;203.55;0.25;869.22;14.26;5.55
10/27/2018 23:00;8.81;0.62;216.55;0.21;869.62;10.96;5.04
10/28/2018 00:00;7.96;-0.02;191.12;0.34;869.98;6.76;3.23
10/28/2018 01:00;7.27;-0.81;194.33;0.29;870.44;4.62;2.53
10/28/2018 02:00;6.7;-0.93;206.67;0.08;870.91;3.88;2.05
10/28/2018 03:00;6.32;-1.31;180.22;0.26;871.03;2.64;1.68
10/28/2018 04:00;5.92;-1.69;207.94;0.06;871.07;2.17;1.57
10/28/2018 05:00;5.39;-1.73;271.81;0.02;871.42;1.98;1.56
10/28/2018 06:00;5.21;-1.69;268.9;0.04;871.89;2.44;1.73
10/28/2018 07:00;5.02;-1.8;291.53;0.06;871.94;9.36;3.74
10/28/2018 08:00;5.63;-1.84;261.05;0.08;872.21;15.44;5.92
10/28/2018 09:00;6.8;-1.93;200.23;0.15;872.77;11.33;4.59
10/28/2018 10:00;8.69;-2.54;171.47;0.34;872.84;16.63;4.85
10/28/2018 11:00;11.42;-2.77;175.65;0.4;872.74;23.06;6.25
10/28/2018 12:00;12.72;-3.53;186.89;0.48;872.3;27.96;7.52
10/28/2018 13:00;14.22;-3.36;178.49;0.4;871.67;31.57;9.22
10/28/2018 14:00;15;-2.21;203.2;0.21;870.99;22.69;7.1
10/28/2018 15:00;14.9;-1.61;195.12;0.22;870.56;22.65;6.84
10/28/2018 16:00;14.26;-1.6;173.33;0.34;870.41;19.84;6.83
10/28/2018 17:00;13.93;-1.83;171.57;0.4;870.34;20.48;7.1
10/28/2018 18:00;13.43;-1.79;165.8;0.43;870.37;19.58;6.79
10/28/2018 19:00;12.67;-1.24;171.88;0.39;870.73;17.91;6.98
10/28/2018 20:00;11.9;-0.32;195.75;0.11;870.95;14.13;6.1
10/28/2018 21:00;11;0.08;200.3;0.12;871.1;12.49;5.95
10/28/2018 22:00;10.34;0.09;233.79;0.09;871.34;9.12;4.29
10/28/2018 23:00;9.76;-0.15;168.21;0.42;871.28;7.47;3.71
10/29/2018 00:00;9.02;-0.41;250.3;0.03;871.24;9.67;4.23
10/29/2018 01:00;8.48;-0.54;260.11;0.01;871.1;7.47;3.78
10/29/2018 02:00;7.96;-0.06;251.59;0.09;870.99;6.15;4.18
10/29/2018 03:00;7.69;-0.38;182.93;0.22;870.82;5.14;3.18
10/29/2018 04:00;7.5;-0.3;198.99;0.13;870.44;4.51;3.02
10/29/2018 05:00;7.2;-0.29;209.96;0.05;870.31;4.91;3.28
10/29/2018 06:00;6.89;-0.24;288.46;0.1;870.37;18.63;6.35
10/29/2018 07:00;6.59;-0.29;237.5;0.13;870.53;8.3;4.89
10/29/2018 08:00;6.95;0.15;278.58;0.04;870.75;14.74;9.03
10/29/2018 09:00;7.79;0.56;305.85;0.13;871.11;20.27;11.09
10/29/2018 10:00;9.52;0.57;198.59;0.09;871.33;27.72;11.38
10/29/2018 11:00;12.45;0.02;169.68;0.37;871.22;26.21;9.5
10/29/2018 12:00;14.86;-1.11;163.84;0.4;870.63;37.11;11.3
10/29/2018 13:00;16.62;-1.68;184.3;0.1;869.85;40.44;12.39
10/29/2018 14:00;17.29;-1.54;166.47;0.18;869.16;36.74;12.54
10/29/2018 15:00;17.29;-2.6;166.85;0.2;868.68;38.55;14.33
10/29/2018 16:00;16.72;-3.98;174.23;0.21;868.32;35.81;13.56
10/29/2018 17:00;16.42;-3.26;190.9;0.07;868.28;48.91;14.97
10/29/2018 18:00;15.11;-0.51;353.16;0.06;868.47;41.17;15.24
10/29/2018 19:00;13.55;0.4;102.25;0.24;868.86;55.76;21.29
10/29/2018 20:00;12.77;-1.35;110.87;0.06;869.17;45.92;20.15
10/29/2018 21:00;12.38;-3.62;228.74;0.05;869.38;26.03;11.51
10/29/2018 22:00;11.6;-3.63;293.07;0.08;869.76;25.73;11.31
10/29/2018 23:00;11.03;-3.91;237.08;0.06;869.82;19.36;8.8
10/30/2018 00:00;10.39;-4.54;187.39;0.14;869.79;19.12;7.81
10/30/2018 01:00;9.66;-4.26;249.43;0.18;869.83;15.04;6.61
10/30/2018 02:00;8.55;-4.61;289.35;0.17;869.83;14.49;7.94
10/30/2018 03:00;7.61;-4.65;261.7;0.05;869.89;13.49;8.62
10/30/2018 04:00;7.05;-4.81;245.23;0.03;869.67;11.26;6.73
10/30/2018 05:00;6.85;-4.36;289.83;0.05;869.69;9.72;5.84
10/30/2018 06:00;6.75;-4.26;211.82;0.05;869.97;8.74;5.17
10/30/2018 07:00;6.13;-4.22;235.84;0.05;870.18;10.02;5.61
10/30/2018 08:00;6.37;-5.49;176.58;0.13;870.32;13.7;6.64
10/30/2018 09:00;7.52;-6.36;113.45;0.09;870.5;24.35;8.32
10/30/2018 10:00;9.66;-6.06;144.32;0.18;870.5;27.64;7.74
10/30/2018 11:00;12.84;-5.83;125.77;0.11;870.2;37.26;8.71
10/30/2018 12:00;15.61;-6.65;166.04;0.26;869.79;33.62;8.06
10/30/2018 13:00;16.91;-8.86;126.26;0.13;869.21;23.88;6.51
10/30/2018 14:00;17.78;-11.55;296.58;0.15;868.5;18.56;6.17
10/30/2018 15:00;17.54;-11.37;312.69;0.22;868.06;29.89;7.13
10/30/2018 16:00;16.72;-9.34;305.03;0.25;868.07;25.64;7.85
10/30/2018 17:00;16.17;-5.48;327.77;0.18;868.03;26.03;7.71
10/30/2018 18:00;15.06;-4.21;312;0.14;868.21;25.12;9.63
10/30/2018 19:00;13.72;-4.27;66.56;0.02;868.45;48.88;22.51
10/30/2018 20:00;11.57;-4.19;100.82;0.01;868.81;38.16;14.85
10/30/2018 21:00;10.51;-4.7;63.26;0.02;868.74;23.14;11
10/30/2018 22:00;10.48;-4.07;238.24;0.12;868.73;29.74;14.96
10/30/2018 23:00;9.98;-5.27;247.68;0.07;868.8;20.71;10.03
10/31/2018 00:00;9.37;-6.62;250.08;0.08;868.62;16.14;7.36
10/31/2018 01:00;8.92;-7.37;278.3;0.08;868.38;15.28;7.62
10/31/2018 02:00;8.31;-7.55;305.9;0.04;868.55;11.15;5.91
10/31/2018 03:00;8;-7.77;298.5;0.08;868.71;8.48;5.2
10/31/2018 04:00;7.46;-8.08;284.78;0.05;868.5;7.26;4.59
10/31/2018 05:00;7.99;-9.1;195.99;0.1;868.66;8.43;4.72
10/31/2018 06:00;7.45;-9.07;288.4;0.11;868.93;8.61;5
10/31/2018 07:00;6.94;-9.78;221.9;0.08;869.29;33.51;9.54
10/31/2018 08:00;6.96;-10.55;205.82;0.09;869.65;22.68;8.55
10/31/2018 09:00;8.11;-9.95;235.73;0.06;870.09;28.76;9.81
10/31/2018 10:00;10.47;-9.26;243.9;0.15;870.22;37.51;11.12
10/31/2018 11:00;14.3;-8.99;32.93;0.02;870.01;39.37;12.04
10/31/2018 12:00;16.69;-10.47;150.45;0.16;869.72;28.11;8.42
10/31/2018 13:00;18.2;-12.89;199.43;0.08;869.25;23.31;6.68
10/31/2018 14:00;18.92;-13.01;300.55;0.23;868.66;25.23;8.7
10/31/2018 15:00;18.37;-10.69;315.26;0.33;868.56;57.29;20.47
10/31/2018 16:00;17.56;-10.13;343.41;0.18;868.65;36.59;14.32
10/31/2018 17:00;16.92;-9.54;14.76;0.14;868.71;35.81;13.34
10/31/2018 18:00;16.12;-7.38;357.32;0.11;868.81;40.33;15.18
10/31/2018 19:00;13.57;-6.39;111.62;0.04;869.2;98.24;34.91
10/31/2018 20:00;12.22;-7.19;98.79;0.12;869.59;75.73;28.85
10/31/2018 21:00;11.92;-6.71;256.84;0.04;869.76;54.76;25.64
10/31/2018 22:00;11.42;-7.74;254.35;0.01;869.88;45.31;21.33
10/31/2018 23:00;11.13;-9.99;230.1;0.1;870.01;33;13.23
11/01/2018 00:00;10.66;-7.76;242.04;0.11;870.08;41.39;16.67
11/01/2018 01:00;10.02;-3.42;177.06;0.08;870.01;20.04;7.49
11/01/2018 02:00;9.1;-1.73;205.12;0.06;870.04;31.24;9.16
11/01/2018 03:00;8.3;-2.4;244.47;0.07;870.2;15.99;7.93
11/01/2018 04:00;7.89;-1.42;227.77;0.11;870.3;17.28;7.71
11/01/2018 05:00;7.58;-0.8;256.38;0.05;870.45;16.99;7.98
11/01/2018 06:00;7.12;-0.68;216.65;0.16;870.56;32.35;10.25
11/01/2018 07:00;6.89;-1.82;187.25;0.16;870.95;29.89;9.91
11/01/2018 08:00;6.36;-2.21;178.47;0.13;871.38;25.57;8.58
11/01/2018 09:00;7.41;-1.45;225.52;0.28;871.96;25.2;8.82
11/01/2018 10:00;9.56;-0.64;200.32;0.46;872.34;42.45;11.25
11/01/2018 11:00;11.71;-0.33;184.43;0.79;872.39;54.36;12.75
11/01/2018 12:00;13.45;-1.46;182.95;0.77;872.07;48.48;10.05
11/01/2018 13:00;14.65;-0.71;175.48;0.79;871.42;35.67;8.83
11/01/2018 14:00;15.48;-0.58;183.65;0.58;870.9;23.89;6.9
11/01/2018 15:00;15.25;-0.96;166.11;0.74;870.69;18.48;5.17
11/01/2018 16:00;14.51;-1.36;191.36;0.49;870.7;18.13;5.47
11/01/2018 17:00;13.76;-0.88;196.91;0.44;870.86;16.75;5.59
11/01/2018 18:00;12.48;-0.58;197.87;0.36;871.1;16.1;5.99
11/01/2018 19:00;11.33;0.03;184.04;0.58;871.69;13.36;4.33
11/01/2018 20:00;10.43;0.41;175.56;0.99;872.05;74.61;10.9
11/01/2018 21:00;9.89;0.23;174.01;0.94;872.5;62.6;10.18
11/01/2018 22:00;9.8;0.71;188.85;0.7;872.89;15.89;4.35
11/01/2018 23:00;9.47;0.9;187.78;0.46;873.27;5.19;2.64
11/02/2018 00:00;9.43;0.67;183.07;0.67;873.23;2.89;1.41
11/02/2018 01:00;8.89;0.6;177.08;0.8;873.17;3.65;1.19
11/02/2018 02:00;8.5;0.44;175.42;0.87;873.09;2.5;1.14
11/02/2018 03:00;8.53;0.4;181.58;0.8;873.3;5.79;1.35
11/02/2018 04:00;8.14;0.8;179.34;0.79;873.24;3.37;1.47
11/02/2018 05:00;7.76;0.94;171.23;0.9;873.13;3.18;2.14
11/02/2018 06:00;7.41;0.94;172.66;0.84;873.17;2.63;2.13
11/02/2018 07:00;7.32;0.98;180.8;0.62;873.09;6.12;2.17
11/02/2018 08:00;7.51;0.7;199.45;0.53;873.16;8.06;2.68
11/02/2018 09:00;7.97;0.6;183.2;0.83;873.63;8.71;1.93
11/02/2018 10:00;9.15;0.67;171.18;0.83;873.74;12.02;3.21
11/02/2018 11:00;10.67;0.51;174.26;0.91;873.59;19.73;3.84
11/02/2018 12:00;12.41;0.39;172.72;0.77;873.16;20.23;4.4
11/02/2018 13:00;12.61;0.75;180.82;0.78;872.54;21.13;5.43
11/02/2018 15:00;13.88;-1.35;253.4;0.1;871.26;43.3;6.66
11/02/2018 16:00;13.17;-1.3;244.3;0.13;871.25;17.1;5.02
11/02/2018 17:00;12.67;-0.41;183.29;0.45;871.21;14.47;4.55
11/02/2018 18:00;11.41;0.09;175.28;0.76;871.32;17.19;5.47
11/02/2018 19:00;10.27;0.16;170.2;0.91;871.84;23.45;3.91
11/02/2018 20:00;9.26;0.21;170.01;1.05;872.03;25.34;5.09
11/02/2018 21:00;8.74;0.43;170.61;0.96;872.22;10.39;3.48
11/02/2018 22:00;8.17;0.72;164.31;1.24;872.33;13.71;3.41
11/02/2018 23:00;7.82;0.63;172.53;1.16;872.26;10.28;2.45
11/03/2018 00:00;7.36;0.67;167.19;1.29;872.08;8.39;2.3
11/03/2018 01:00;6.98;0.68;166.37;1.24;871.94;9.86;2.22
11/03/2018 02:00;7.09;0.56;168.47;1.2;871.77;4.37;1.62
11/03/2018 03:00;6.73;0.66;166.1;1.22;871.6;2.46;1.52
11/03/2018 04:00;6.56;0.64;165.98;1.15;871.36;4.56;2.71
11/03/2018 05:00;6.42;0.33;172.95;0.91;871.38;3.36;2.14
11/03/2018 06:00;6.16;0.09;171.81;0.89;871.38;2.29;1.81
11/03/2018 07:00;6.21;0.17;171.18;0.86;871.49;3.03;2.03
11/03/2018 08:00;6.68;0.26;169.94;0.91;871.74;6.08;3.25
11/03/2018 09:00;7.61;0.11;162.26;0.98;872.18;8.12;4.16
11/03/2018 10:00;8.97;0.27;166.18;0.9;872.31;11.18;4.24
11/03/2018 11:00;10.25;0.23;169.3;0.78;872.14;13.4;5.4
11/03/2018 12:00;11.57;0.23;167.49;0.68;871.78;92.77;32.78
11/03/2018 13:00;12.9;0.23;166.33;0.66;871.05;21.24;8.25
11/03/2018 14:00;13.51;-0.08;181.46;0.5;870.44;29.81;9.33
11/03/2018 15:00;14.07;-0.37;195.39;0.35;869.88;33.79;9.4
11/03/2018 16:00;13.81;-0.58;242.6;0.26;869.79;28.45;7.98
11/03/2018 17:00;13.17;-0.71;220.51;0.18;869.61;28.06;8.89
11/03/2018 18:00;12.38;-0.6;268.55;0.15;869.77;28.58;11.85
11/03/2018 19:00;11.64;-0.6;229.89;0.1;870.25;18.81;10.35
11/03/2018 20:00;10.18;-0.34;180.63;0.53;870.36;10.26;6.28
11/03/2018 21:00;9.07;-0.35;184.52;0.48;870.56;9.11;6.27
11/03/2018 22:00;8.53;0.07;183.88;0.45;870.69;12.29;9.25
11/03/2018 23:00;8.13;0.61;168.14;0.73;870.57;14.11;11.8
11/04/2018 00:00;7.67;0.59;187.45;0.25;870.42;14.21;11.81
11/04/2018 01:00;7.17;0.41;171.88;0.71;870.24;12.23;10.8
11/04/2018 02:00;6.86;0.32;176.97;0.51;870.15;11.05;10.29
11/04/2018 03:00;6.68;0.03;167.67;0.79;869.73;10.08;9.33
11/04/2018 04:00;6.42;-0.03;166.52;0.14;869.32;9.73;9.33
11/04/2018 05:00;6.05;-0.12;175.04;0.35;868.87;10.48;9.89
11/04/2018 06:00;6.06;-0.13;171.21;0.43;868.79;10.46;9.77
11/04/2018 07:00;5.86;-0.28;179.55;0.4;868.43;11.79;10.37
11/04/2018 08:00;6.18;-0.57;233.87;0.1;868.56;15.62;11.71
11/04/2018 09:00;6.86;-0.61;168.86;0.51;868.8;19.21;12.24
11/04/2018 10:00;7.87;-0.55;166.32;0.76;868.8;24.67;13.05
11/04/2018 11:00;10.34;-0.46;167.53;0.72;868.56;22.1;12.6
11/04/2018 12:00;12.49;-0.65;169.01;0.45;868.12;21.73;12.59
11/04/2018 13:00;13.84;-0.93;147.94;0.21;867.15;20.71;11.59
11/04/2018 14:00;14.98;-1.19;158.58;0.18;866.31;26.31;11.19
11/04/2018 15:00;14.31;-1.15;42.09;0.07;865.87;26.68;13.49
11/04/2018 16:00;14.06;-1.09;332.33;0.18;865.3;29.56;15.25
11/04/2018 17:00;13.62;-0.62;344.93;0.18;865;37.13;18.62
11/04/2018 18:00;12.68;0.15;328.11;0.21;865.05;53.2;31.13
11/04/2018 19:00;11.84;-0.03;101.16;0.51;865.18;41.07;26.51
11/04/2018 20:00;11.22;0.1;101.17;0.21;865.03;51.21;32.34
11/04/2018 21:00;10.85;-0.25;141.05;0.13;864.9;42.62;28.54
11/04/2018 22:00;10.85;-0.75;250.15;0.02;864.7;27.21;16.3
11/04/2018 23:00;10.15;0.23;25.97;0.06;864.39;42.81;29.46
11/05/2018 00:00;9.74;0.32;25.21;0.17;864.1;50.13;36.28
11/05/2018 01:00;9.75;0.57;147.13;0;863.75;40.92;29.85
11/05/2018 02:00;9.95;-0.05;205.68;0.02;863.31;26.5;19.09
11/05/2018 03:00;9.91;-1.23;256.09;0.03;862.97;15.77;11.7
11/05/2018 04:00;9.93;-1.24;251.78;0.01;862.62;15.31;11.85
11/05/2018 05:00;9.74;-0.71;313.07;0.08;862.72;16.33;13.29
11/05/2018 06:00;9.07;1.73;301.82;0.27;862.71;18.95;17.12
11/05/2018 07:00;8.08;2.79;295.17;0.24;862.76;26.39;20.43
11/05/2018 08:00;8.08;3.32;21.56;0.28;862.77;28.25;24.7
11/05/2018 09:00;8.29;3.44;4.89;0.16;862.9;27.27;24.16
11/05/2018 10:00;8.4;4.45;310.57;0.07;862.95;28.06;25.5
11/05/2018 11:00;8.79;5.24;343.94;0.18;862.7;30.73;28.22
11/05/2018 12:00;9.3;4.84;330.61;0.19;862.43;32.38;29.19
11/05/2018 13:00;9.74;4.56;327.22;0.15;861.89;41.3;33.59
11/05/2018 14:00;9.98;4.4;298.88;0.13;861.54;42.65;34
11/05/2018 15:00;10.53;4.18;108.88;0.09;861.23;38.07;29.98
11/05/2018 16:00;10.64;3.38;136;0.1;860.99;25.25;19.29
11/05/2018 17:00;10.71;2.32;162.97;0.18;861.05;12.04;8.71
11/05/2018 18:00;10.1;2.06;159.93;0.18;860.97;11.25;8.21
11/05/2018 19:00;9.88;2.32;185.12;0.11;861.42;15.22;10.75
11/05/2018 20:00;9.71;2.75;118.38;0.17;861.68;16.81;13.52
11/05/2018 21:00;9.41;2.75;135.01;0.06;861.48;17.64;14.25
11/05/2018 22:00;9.18;2.77;236.04;0.02;861.28;19.7;16.49
11/05/2018 23:00;8.95;2.41;217.35;0.04;861.19;16.75;14.12
11/06/2018 00:00;8.69;2.26;196.69;0.13;861.11;15.08;13.51
11/06/2018 01:00;8.76;2.39;188.55;0.2;860.74;13.75;12.46
11/06/2018 02:00;8.75;2.53;185.64;0.39;860.32;11.95;10.68
11/06/2018 03:00;8.51;2.42;181.2;0.39;860.09;11.41;10.92
11/06/2018 04:00;8.6;2.62;187.84;0.44;859.78;10.91;10.63
11/06/2018 05:00;8.61;2.66;181.85;0.47;859.58;9.42;9.14
11/06/2018 06:00;8.57;2.59;179.55;0.51;859.31;9.78;8.78
11/06/2018 07:00;8.62;2.6;182.18;0.44;859.17;11.66;10.6
11/06/2018 08:00;7.94;3.73;175.23;0.61;859.61;11.95;11.49
11/06/2018 09:00;7.08;4.24;177.66;0.62;860.23;7.96;7.75
11/06/2018 10:00;6.8;3.86;169.9;0.64;860.63;4.21;4
11/06/2018 11:00;6.93;2.92;177.61;0.74;860.84;2.27;2.02
11/06/2018 12:00;6.62;2.8;182.87;0.65;860.99;3.28;2.45
11/06/2018 13:00;5.08;2.63;192.66;0.5;861.03;4.27;3.75
11/06/2018 14:00;4.8;2.45;199.61;0.42;860.7;2.18;1.98
11/06/2018 15:00;4.52;2.32;192.64;0.44;860.66;2.41;2.27
11/06/2018 16:00;4.51;2.27;204.76;0.37;860.86;2.55;2.42
11/06/2018 17:00;4.55;1.95;173.88;0.49;861.46;2.48;2.3
11/06/2018 18:00;4.82;1.97;187.21;0.38;861.88;3.74;3.44
11/06/2018 19:00;4.72;1.66;190.28;0.51;862.22;1.24;1.14
11/06/2018 20:00;4.38;1.3;182.9;0.63;862.65;0.95;0.89
11/06/2018 22:00;4.45;1.07;205.57;0.43;863.42;0.78;0.75
11/06/2018 23:00;4.62;0.96;197.73;0.47;863.4;1.21;1.01
11/07/2018 00:00;4.72;0.74;176.59;0.61;863.49;1.1;0.88
11/07/2018 01:00;4.6;0.59;182.73;0.54;863.42;1.03;0.83
11/07/2018 02:00;4.57;0.45;179.58;0.58;863.69;2.01;1.53
11/07/2018 03:00;4.73;0.25;172.53;0.77;863.65;0.37;0.34
11/07/2018 04:00;4.88;0.12;177.56;0.66;863.59;0.36;0.31
11/07/2018 05:00;4.99;-0.06;169.93;0.78;863.72;0.49;0.43
11/07/2018 06:00;5.13;-0.11;170.88;0.72;864.01;0.5;0.45
11/07/2018 07:00;5.38;-0.05;172.09;0.34;864.46;0.95;0.63
11/07/2018 08:00;5.25;0.43;155.9;0.11;865.06;0.95;0.81
11/07/2018 09:00;5.66;0.43;147.2;0.08;865.51;4.05;1.85
11/07/2018 10:00;6.4;0.42;208.04;0.06;865.76;6.78;2.76
11/07/2018 11:00;7.51;0.55;182.87;0.08;865.92;4.73;2.14
11/07/2018 12:00;8.63;0.9;173.8;0.16;865.84;4.19;2
11/07/2018 13:00;8.78;1.96;294.91;0.15;865.46;14.89;10.49
11/07/2018 14:00;8.12;2.63;307.59;0.29;865.15;20.88;16.57
11/07/2018 15:00;8.38;2.65;310.59;0.23;865.01;21.09;16.7
11/07/2018 16:00;8.44;2.58;326.8;0.15;864.91;21.16;16.22
11/07/2018 17:00;8.54;2.48;320.01;0.09;864.88;22.26;14.95
11/07/2018 18:00;8.05;2.62;302.55;0.16;865.09;23.05;16.33
11/07/2018 19:00;7.56;3.04;296.88;0.21;865.5;24.02;19.72
11/07/2018 20:00;7.57;2.93;323.4;0.05;865.48;21.28;18.12
11/07/2018 21:00;7.63;3.15;351.22;0.12;865.51;23.31;19.61
11/07/2018 22:00;7.41;3.24;348.77;0.12;865.55;24.1;20.22
11/07/2018 23:00;7.02;3.28;294.56;0.18;865.52;24.08;21.27
11/08/2018 00:00;6.45;3.05;1.56;0.16;865.41;16.27;14.56
11/08/2018 01:00;5.9;3.02;26.05;0.04;865.21;15.97;14.8
11/08/2018 02:00;5.78;3.1;38.11;0.02;865.1;16.29;15.42
11/08/2018 03:00;5.39;2.89;214.62;0;864.8;19.15;18.05
11/08/2018 04:00;5.82;1.96;208.74;0.02;864.26;8.64;8.4
11/08/2018 05:00;6.23;2.28;184.27;0.1;864.09;8.19;7.97
11/08/2018 06:00;6.35;2.07;189.96;0.34;864.11;7.4;7.29
11/08/2018 07:00;6.3;2;180.31;0.19;864.33;8.23;7.89
11/08/2018 08:00;6.13;1.98;168.55;0.1;864.56;10.19;9.13
11/08/2018 09:00;6.71;2.22;144.79;0.07;864.89;13.37;8.94
11/08/2018 10:00;7.82;2.12;192.94;0.07;864.97;12.26;8.3
11/08/2018 11:00;8.85;2.36;164.26;0.18;864.91;12.2;8.76
11/08/2018 12:00;9.28;2.44;175.71;0.21;864.44;13.7;10.51
11/08/2018 13:00;10;2.84;158.95;0.18;863.76;13.46;10.12
11/08/2018 14:00;10.08;2.98;166.72;0.16;863.34;12.37;9.62
11/08/2018 15:00;10.16;3.31;303.09;0.29;863.17;22.63;18.01
11/08/2018 16:00;9.28;4.75;297.17;0.45;863.19;35.62;31.5
11/08/2018 17:00;8.81;4.56;300.37;0.43;863.17;39.16;36
11/08/2018 18:00;8.7;4.47;304.38;0.25;863.19;32.22;29.2
11/08/2018 19:00;8.59;4.26;303.39;0.14;863.1;28.68;26.55
11/08/2018 20:00;8.62;4.14;22.19;0.02;863.11;27.98;25.45
11/08/2018 21:00;8.38;4.21;315.81;0.08;863.16;28.41;25.04
11/08/2018 22:00;8.26;4.2;294.89;0.18;863.38;28.52;26.34
11/08/2018 23:00;8.37;4.33;350.69;0.04;863.31;30.53;28.52
11/09/2018 00:00;8.03;4.39;285.14;0.31;863.28;29.99;28.57
11/09/2018 01:00;7.72;4.43;291.99;0.3;863.16;28.74;27.46
11/09/2018 02:00;7.62;4.41;286.3;0.23;863.05;26.03;25.01
11/09/2018 03:00;7.48;4.07;295.6;0.12;862.94;19.77;19.22
11/09/2018 04:00;7.61;3.91;81.56;0.04;862.82;19.96;19.46
11/09/2018 05:00;7.64;3.49;92.63;0.13;862.86;17.6;17.43
11/09/2018 06:00;7.6;3.49;114.65;0.01;862.73;18.08;17.74
11/09/2018 07:00;7.59;3.47;222.6;0.01;862.72;20.55;19.89
11/09/2018 08:00;7.82;2.55;228.3;0.07;862.93;20.83;19.34
11/09/2018 09:00;8.17;1.6;333.18;0;863.41;28.58;19
11/09/2018 10:00;9.46;1.61;147.81;0.04;863.57;22.1;17.1
11/09/2018 11:00;10.37;2.57;274.13;0.09;863.49;27.19;23.55
11/09/2018 12:00;11.56;2.81;288.77;0.23;863.23;28.75;24.72
11/09/2018 13:00;12.74;2.47;314.9;0.2;862.84;29.89;24.16
11/09/2018 14:00;12.76;2.39;300.82;0.21;862.44;32.71;28.5
11/09/2018 15:00;12.52;2.06;308.13;0.28;862.28;27.29;24.58
11/09/2018 16:00;11.86;2.59;304.4;0.34;862.28;22.76;19.96
11/09/2018 17:00;11.35;2.67;306.12;0.27;862.26;19.89;16.67
11/09/2018 18:00;10.61;2.8;331.48;0.15;862.42;19.92;17.01
11/09/2018 19:00;9.82;2.99;93.52;0.05;862.7;28.44;21.46
11/09/2018 20:00;8.8;2.93;100.87;0.09;862.99;49.47;33.58
11/09/2018 21:00;7.85;2.58;112.21;0.1;863.1;38.72;30.68
11/09/2018 22:00;7.17;2.35;101.65;0.06;863.41;29.97;25.82
11/09/2018 23:00;6.68;2.23;154.57;0.01;863.54;34.5;30.27
11/10/2018 00:00;6.59;2.32;168.38;0;863.53;28.04;25.68
11/10/2018 01:00;6.36;2.04;274.24;0.02;863.43;25.87;23.95
11/10/2018 02:00;6.08;1.26;265.79;0.03;863.4;20.32;19.38
11/10/2018 03:00;5.51;0.81;258.4;0.02;863.56;17.82;17.38
11/10/2018 05:00;5.07;-0.71;286.1;0.05;863.47;9.98;9.66
11/10/2018 06:00;4.7;-0.88;228.69;0.02;863.58;10.31;9.85
11/10/2018 07:00;4.67;-1.03;242.87;0.06;863.62;29.49;14.55
11/10/2018 08:00;5.28;-1.09;313.68;0.06;863.83;24.4;14.16
11/10/2018 09:00;7.07;-0.59;226.44;0.01;864.31;22.5;16.05
11/10/2018 10:00;8.64;1.48;161.11;0.14;864.48;27.75;21.26
11/10/2018 11:00;11.43;2.16;161.01;0.19;864.39;20.71;16.76
11/10/2018 12:00;12.85;1.55;122.8;0.23;864.16;21.06;16.28
11/10/2018 13:00;13.06;0.99;358.41;0.07;863.57;26.96;20.51
11/10/2018 14:00;13.92;0.82;121.5;0.09;863.19;31.91;22.08
11/10/2018 15:00;14.03;0.51;319.26;0.15;862.99;35.71;23.76
11/10/2018 16:00;12.97;0.4;320.81;0.17;863.13;28.5;20.43
11/10/2018 17:00;12.28;0.76;328.22;0.17;863.13;27.67;19.98
11/10/2018 18:00;11.42;1.69;316.13;0.17;863.27;23.45;18.12
11/10/2018 19:00;10.59;1.69;32.27;0.05;863.63;29.22;20.13
11/10/2018 20:00;9.17;1.95;107.81;0.41;863.83;42.36;27.34
11/10/2018 21:00;8.41;1.77;93.41;0.21;863.86;29.34;21.77
11/10/2018 22:00;7.97;1.76;100.77;0.05;863.99;28.08;22.02
11/10/2018 23:00;7.72;1.49;244.89;0.05;863.99;30.99;25.24
11/11/2018 00:00;7.21;0.85;266.4;0.03;863.84;28.3;23.76
11/11/2018 01:00;6.98;0.59;227.39;0.04;863.8;20.98;18.49
11/11/2018 02:00;6.92;0.84;226;0.04;863.74;21.78;19.69
11/11/2018 03:00;6.51;1.01;150.55;0.03;863.7;19.27;17.68
11/11/2018 04:00;6.25;0.93;153.2;0.09;863.46;16.32;15.72
11/11/2018 05:00;6.1;0.83;190.57;0.07;863.54;15.47;15.04
11/11/2018 06:00;5.74;0.77;211.06;0.03;863.67;16.72;16.05
11/11/2018 07:00;5.58;0.65;211.03;0.06;863.82;22.28;17.9
11/11/2018 08:00;5.94;0.74;185.52;0.1;864.01;39.09;21.35
11/11/2018 09:00;6.96;0.7;131.99;0.01;864.1;23.92;17.32
11/11/2018 10:00;8.47;0.75;175.76;0.1;864.13;27.4;18.03
11/11/2018 11:00;11.24;1.35;190.49;0.07;864.07;28.56;16.67
11/11/2018 12:00;12.51;1.99;152.36;0.12;863.86;28.47;16.54
11/11/2018 13:00;11.99;1.65;341.68;0.1;863.55;36.61;23.42
11/11/2018 14:00;13.01;1.83;318.86;0.22;863.23;54.94;32.29
11/11/2018 15:00;12.32;1.98;315.64;0.3;863.11;52.33;32.83
11/11/2018 16:00;11.74;2.07;311.24;0.38;863.32;39.38;29.82
11/11/2018 17:00;11.16;2.78;326.47;0.19;863.37;34.65;26.13
11/11/2018 18:00;10.57;2.84;347.78;0.08;863.46;33.31;25.68
11/11/2018 19:00;9.71;2.69;102.82;0.16;863.58;48.28;32.81
11/11/2018 20:00;8.83;2.61;97.93;0.16;863.73;45.02;33.51
11/11/2018 21:00;8.97;2.34;154.11;0.1;863.72;42.02;31.38
11/11/2018 22:00;9.09;2.08;159.49;0.05;863.77;38.15;29.06
11/11/2018 23:00;8.9;2.03;94.34;0.06;863.87;34.74;26.29
11/12/2018 00:00;8.69;2.07;97.46;0.02;864.01;31.81;25.14
11/12/2018 01:00;8.13;2.25;177.92;0;863.94;33.33;26.18
11/12/2018 02:00;7.95;2.02;183.58;0.06;863.89;22.05;19.61
11/12/2018 03:00;7.98;2.09;222.76;0.06;863.83;18.97;17.65
11/12/2018 04:00;8.08;2.33;261.58;0.02;863.76;17.43;16.71
11/12/2018 05:00;7.68;2.26;271.02;0.03;863.71;17.27;16.86
11/12/2018 06:00;7.41;2.28;204.22;0.06;863.82;16.46;15.81
11/12/2018 07:00;7.59;2.26;183.8;0.04;864.03;35.01;19.14
11/12/2018 08:00;8;2.61;217.69;0.02;864.48;22.59;18.49
11/12/2018 09:00;8.63;2.87;219.29;0.04;864.96;45.43;22.69
11/12/2018 10:00;8.91;2.91;173.53;0.13;865.13;26.27;18.87
11/12/2018 11:00;10.13;3.34;168.96;0.48;865.1;35.01;19.43
11/12/2018 12:00;11.23;3.38;166.01;0.35;864.82;24.44;15.65
11/12/2018 13:00;11.61;3.53;129.87;0.09;864.41;22.87;15.87
11/12/2018 14:00;12.92;3.35;132.57;0.16;863.96;19.31;14.5
11/12/2018 15:00;11.31;3.73;84.39;0.06;863.82;19.23;14.23
11/12/2018 16:00;10.14;3.84;170.06;0.38;863.92;11.7;8.87
11/12/2018 17:00;10.6;3.31;167.4;0.34;863.86;13.11;9.08
11/12/2018 18:00;10.11;2.79;180.87;0.1;863.91;15.48;10.54
11/12/2018 19:00;9.65;3.13;162.75;0.42;864.4;11.89;10.1
11/12/2018 20:00;9.46;3.1;171.45;0.24;864.79;10.43;8.91
11/12/2018 21:00;8.74;2.87;179.76;0.3;864.78;9.82;8.34
11/12/2018 22:00;8.28;3.1;170.9;0.33;864.76;7.29;6.31
11/12/2018 23:00;7.68;2.78;173.91;0.51;864.76;4.93;3.99
11/13/2018 00:00;7.22;2.37;168.46;0.7;864.7;3.48;2.69
11/13/2018 01:00;6.91;2.27;172.42;0.37;864.56;2.12;1.92
11/13/2018 02:00;6.75;2.4;168.63;0.59;864.46;2.22;2.16
11/13/2018 03:00;6.59;2.42;168.69;0.55;864.38;1.85;1.83
11/13/2018 04:00;6.51;2.11;219.11;0.19;864.07;1.54;1.48
11/13/2018 05:00;6.46;2.03;196.12;0.11;864.04;1.14;1.12
11/13/2018 06:00;6.3;2.17;199.13;0.19;864.23;1.45;1.41
11/13/2018 07:00;6.36;2.19;177.7;0.32;864.5;2.44;2.08
11/13/2018 08:00;6.66;2.19;175.03;0.36;864.82;5.64;2.74
11/13/2018 09:00;7.08;2.14;168.63;0.64;865.09;3.27;2.02
11/13/2018 10:00;8.13;2.02;175.44;0.47;865.19;4.01;2.42
11/13/2018 11:00;9.88;2.15;184.59;0.41;864.98;5.47;2.16
11/13/2018 12:00;11.06;1.82;187.87;0.39;864.72;7.8;2.41
11/13/2018 13:00;11.8;1.56;183.17;0.46;864.15;8.61;2.93
11/13/2018 14:00;12.22;1.35;177.42;0.53;863.54;9.56;3.66
11/13/2018 15:00;12.14;1.23;182.1;0.49;863.29;10.88;4.24
11/13/2018 16:00;11.21;0.84;171.49;0.36;863.23;7.02;3.45
11/13/2018 17:00;10.44;1.08;180.63;0.37;863.26;9.73;4.44
11/13/2018 18:00;9.67;1.32;171.43;0.46;863.32;5.58;3.34
11/13/2018 19:00;8.88;0.76;174.29;0.46;863.59;4.48;2.54
11/13/2018 20:00;8.53;0.37;174.68;0.46;863.67;4.7;2.75
11/13/2018 21:00;8.15;0.31;210.01;0.2;863.61;4.73;2.98
11/13/2018 22:00;7.61;0.35;200.23;0.3;863.55;4.45;2.58
11/13/2018 23:00;7.17;0.65;168.71;0.71;863.33;3.82;2.44
11/14/2018 00:00;7.02;0.93;166.08;0.8;863.08;3.07;2.31
11/14/2018 01:00;6.79;1.34;169.74;0.52;862.85;5.62;4.43
11/14/2018 02:00;6.59;1.25;167.18;0.67;862.7;4.68;4.51
11/14/2018 03:00;6.74;1.08;177.54;0.43;862.53;3.43;3.31
11/14/2018 04:00;6.59;1.09;174.77;0.49;862.12;3.68;3.6
11/14/2018 05:00;6.56;1.1;172.39;0.5;861.77;3.97;3.87
11/14/2018 06:00;6.51;1.03;168.58;0.59;861.5;4.46;4.27
11/14/2018 07:00;6.25;0.81;167.62;0.74;861.19;9.14;5.55
11/14/2018 08:00;6.3;0.58;165.96;0.86;861.2;16.46;6.47
11/14/2018 09:00;7.12;0.6;172.97;0.67;861.5;9.34;5.74
11/14/2018 10:00;8.09;0.64;168.83;0.78;861.39;20.8;7.17
11/14/2018 11:00;9.03;0.37;172.43;0.82;861.1;36.12;8.42
11/14/2018 12:00;10.4;0.24;180.32;0.66;860.57;24.51;7.18
11/14/2018 13:00;11.52;-0.04;184.14;0.47;859.83;27.14;7.67
11/14/2018 14:00;12.3;-0.14;175.26;0.79;858.98;46.82;10.88
11/14/2018 15:00;11.04;-0.03;174.36;0.65;858.66;22.77;7
11/14/2018 16:00;11.02;0.2;193.69;0.34;858.36;27.39;8.76
11/14/2018 17:00;10.14;0.66;221.54;0.34;858.19;20.15;7.13
11/14/2018 18:00;9.35;1;244.28;0.28;858.26;15.25;6.96
11/14/2018 19:00;9.05;0.96;181.77;0.45;858.35;8.89;5.63
11/14/2018 20:00;8.95;0.98;184.28;0.48;858.46;18.25;6
11/14/2018 21:00;8.8;1.06;199.95;0.35;858.73;12.49;5.8
11/14/2018 22:00;8.63;1.17;182.18;0.48;858.72;8.45;5.6
11/14/2018 23:00;8.33;1.38;177.56;0.62;858.17;10.89;6.69
11/15/2018 00:00;7.95;1.52;194.22;0.48;858;9.77;7.39
11/15/2018 01:00;8.05;1.77;171.05;0.67;858.19;9.36;8.95
11/15/2018 02:00;7.94;1.9;175.85;0.44;857.81;10.16;9.55
11/15/2018 03:00;7.65;2.4;177.99;0.55;857.66;10.42;9.97
11/15/2018 04:00;7.37;2.77;178.53;0.46;857.49;10.48;10.36
11/15/2018 05:00;7.41;2.57;164.4;0.78;857.46;9.78;9.72
11/15/2018 06:00;7.75;2.29;169.28;0.69;857.54;8.58;8.52
11/15/2018 07:00;7.85;2.39;169.95;0.5;858.06;8.79;7.42
11/15/2018 08:00;8.11;2.17;175.26;0.52;858.32;6.36;5.64
11/15/2018 09:00;8.32;2.61;172.27;0.65;858.85;12.26;10.57
11/15/2018 10:00;9.45;2.77;168.5;0.57;859.04;14.28;11.31
11/15/2018 11:00;11.2;3.11;177.45;0.57;858.98;16.26;11.58
11/15/2018 12:00;11.87;2.96;170.64;0.53;858.77;19.32;14.1
11/15/2018 13:00;13.04;2.27;166.78;0.34;858.4;24.36;14.97
11/15/2018 14:00;13.3;2.03;341.18;0.05;858.11;21.27;15.17
11/15/2018 15:00;13.11;2.15;88.64;0.05;858.18;21.36;15.66
11/15/2018 16:00;12.86;2.94;155.98;0.17;858.3;34.85;20.53
11/15/2018 17:00;12.19;3.13;176.94;0.27;858.38;28.88;16.41
11/15/2018 18:00;11.3;3.49;181.22;0.32;858.64;21.67;15.76
11/15/2018 19:00;10.74;3.43;170.69;0.62;858.94;16.37;14.11
11/15/2018 20:00;10.5;3.71;181.23;0.56;859.36;18.68;16.35
11/15/2018 21:00;10.47;3.36;169.87;0.57;859.21;14.35;13.18
11/15/2018 22:00;10.16;3.24;169.73;0.61;859.22;13.95;12.9
11/15/2018 23:00;10.02;3.2;180.24;0.47;859.22;13.55;12.32
11/16/2018 00:00;9.99;3.35;187.6;0.37;859.52;16.03;15.31
11/16/2018 01:00;9.72;3.16;171.11;0.55;859.37;15.51;14.79
11/16/2018 02:00;9.27;3.13;171.85;0.63;859.37;16.36;15.41
11/16/2018 03:00;9.02;2.97;182.56;0.48;859.56;17.19;15.71
11/16/2018 04:00;8.91;2.8;176.07;0.62;859.16;15.12;14.68
11/16/2018 05:00;8.73;2.71;169.9;0.54;859.1;14.8;14.58
11/16/2018 06:00;8.64;2.7;171.68;0.44;859.19;14.58;14.36
11/16/2018 07:00;8.31;2.74;180.48;0.2;859.51;15.48;15.1
11/16/2018 08:00;8.3;2.93;160.1;0.26;860.14;16.71;15.86
11/16/2018 09:00;9.15;3.01;168.07;0.54;860.71;19.95;16.61
11/16/2018 10:00;9.72;3.06;164.68;0.64;861;16.65;15.23
11/16/2018 11:00;10.54;3.18;171.35;0.59;861.07;19.65;16.16
11/16/2018 12:00;12.82;3.36;171.11;0.42;860.85;19.61;14.87
11/16/2018 13:00;13.42;3.15;186.47;0.07;860.78;18.81;13.89
11/16/2018 14:00;13.89;2.72;343.6;0.29;860.72;24.61;17.64
11/16/2018 15:00;13.94;2.87;311.71;0.32;860.89;21.19;16.56
11/16/2018 16:00;13.1;3.49;289.03;0.34;861.36;17.41;14.32
11/16/2018 17:00;12.89;3.63;313.15;0.15;861.55;16.64;13.65
11/16/2018 18:00;12.68;3.7;33.84;0.08;861.78;18.87;14.75
11/16/2018 19:00;12.51;4;18.29;0.08;862.35;18.31;13.86
11/16/2018 20:00;12.26;4.01;40.24;0.15;862.69;21.33;17.43
11/16/2018 21:00;11.87;3.95;184.48;0.07;863.04;20.94;16.91
11/16/2018 22:00;10.48;3.61;197.49;0.13;863.21;16.81;14.28
11/16/2018 23:00;9.63;3.36;197.67;0.12;863.46;15.74;14.47
11/17/2018 00:00;9.68;3.5;228.32;0.04;863.55;15.71;14.46
11/17/2018 01:00;9.52;3.61;279.19;0.04;863.54;16.83;15.03
11/17/2018 02:00;9.43;3.53;211.05;0.05;863.63;15.61;14.77
11/17/2018 03:00;9.08;3.55;245.61;0.04;863.79;13.3;13.04
11/17/2018 04:00;8.82;3.52;162.21;0.06;863.74;12.46;12.27
11/17/2018 05:00;8.39;3.39;257.53;0.05;863.93;12.31;12.17
11/17/2018 06:00;8.25;3.35;264.26;0.02;864.4;13.71;13.41
11/17/2018 07:00;7.98;3.27;225.51;0.01;864.74;17.08;14.58
11/17/2018 08:00;8.16;2.85;167.62;0.11;865.1;20.02;15.79
11/17/2018 09:00;9.62;2.73;127.7;0.09;865.37;22.54;17.17
11/17/2018 10:00;10.47;3.19;322.85;0.08;865.51;29.14;20.02
11/17/2018 11:00;12.06;3.61;332.06;0.17;865.56;21.36;14.74
11/17/2018 12:00;13.43;3.25;304.42;0.26;865.25;33.97;20.59
11/17/2018 13:00;14.65;2.64;316.41;0.34;864.65;36.46;19.64
11/17/2018 14:00;15.21;1.19;324.79;0.44;864.18;36.32;12.99
11/17/2018 15:00;15.02;0.84;340.39;0.32;864.03;27;12.16
11/17/2018 16:00;14.53;-0.43;349.95;0.37;864.17;32.66;13.02
11/17/2018 17:00;13.74;-0.04;8.36;0.34;864.34;29.65;12.56
11/17/2018 18:00;13.29;0.11;13.09;0.12;864.23;23.16;14.69
11/17/2018 19:00;12.25;-0.15;98.05;0.4;864.69;28.86;16.97
11/17/2018 20:00;10.87;-0.35;110.64;0.17;864.9;22.42;15.01
11/17/2018 21:00;10.74;-1.16;116.42;0.15;864.68;13.58;10.49
11/17/2018 22:00;10.04;-1.47;191.11;0.04;864.94;18.81;13.59
11/17/2018 23:00;9.03;-1.8;158.57;0.02;864.98;18.28;13.66
11/18/2018 00:00;8.02;-1.45;164.98;0.01;864.89;24.2;15.5
11/18/2018 01:00;7.65;-0.55;125.36;0.03;864.75;31.67;24.65
11/18/2018 02:00;7.3;0.28;135.85;0.02;864.67;18.98;16.78
11/18/2018 03:00;7.36;0.86;282.19;0.07;864.66;13.85;12.99
11/18/2018 04:00;7.42;0.99;278.58;0.15;864.53;11.95;11.65
11/18/2018 05:00;6.13;0.54;134.76;0.03;864.27;13.42;12.87
11/18/2018 06:00;5.21;0.09;139.35;0.03;864.32;14.8;14.01
11/18/2018 07:00;4.87;0.05;188.41;0.01;864.49;20.44;17.42
11/18/2018 08:00;5.35;-0.11;333.11;0.01;864.55;26.71;19.64
11/18/2018 09:00;6.63;-0.35;168.79;0.07;864.73;27.49;20.14
11/18/2018 10:00;7.87;-0.15;168.44;0.11;864.63;28.55;22.21
11/18/2018 11:00;10.25;0.23;120.46;0.13;864.28;26.86;20.22
11/18/2018 12:00;11.49;0.09;84.76;0.19;863.73;25.86;19.44
11/18/2018 13:00;12.41;0.16;316.05;0.26;863.05;33.73;22.24
11/18/2018 14:00;12.76;0.56;314.05;0.32;862.55;38.84;22.8
11/18/2018 15:00;12.29;0.8;301.53;0.39;862.4;30.05;20.27
11/18/2018 16:00;12.03;0.23;309.42;0.37;862.3;21.67;16.37
11/18/2018 17:00;11.41;-0.2;337.66;0.37;862.36;24.66;16.68
11/18/2018 18:00;10.7;-0.61;353.68;0.27;862.15;23.52;17.24
11/18/2018 19:00;10.4;-0.92;24.68;0.44;862.38;20.23;15.43
11/18/2018 20:00;10;-1.19;8.61;0.14;862.53;19.52;14.65
11/18/2018 21:00;9.51;-1.49;359.24;0.19;862.47;17.29;13.32
11/18/2018 22:00;8.56;-1.42;103.06;0.16;862.56;22.15;15.73
11/18/2018 23:00;7.31;-1.02;95.58;0.09;862.77;31.02;23.81
11/19/2018 00:00;6.55;-1.09;113.38;0.06;862.81;28.49;22.74
11/19/2018 01:00;5.79;-1.32;124.8;0.01;862.81;22.87;18.16
11/19/2018 02:00;5.65;-0.92;221.33;0.02;862.78;23.47;19.71
11/19/2018 03:00;6.02;-0.76;198.98;0.06;862.8;21.15;19.31
11/19/2018 04:00;4.91;-0.94;184.68;0.01;862.83;21.09;19.85
11/19/2018 05:00;3.86;-1.27;187.83;0;862.96;20.41;19.53
11/19/2018 06:00;3.86;-1.29;158.88;0;863.23;20.74;18.89
11/19/2018 07:00;3.5;-1.83;185.67;0.02;863.48;23.32;18.9
11/19/2018 08:00;3.87;-2.14;159.67;0.02;863.86;47.5;24.54
11/19/2018 09:00;6.16;-1.68;147.88;0.05;864.4;30.71;20.67
11/19/2018 10:00;7.34;-1.77;143.84;0.14;864.58;32.33;23.23
11/19/2018 11:00;10.04;-2.15;347.36;0.13;864.44;39.57;25.36
11/19/2018 12:00;11.29;-3.19;324.53;0.27;864.33;22.57;14.88
11/19/2018 13:00;12.16;-2.98;314.81;0.22;863.9;26.6;15.42
11/19/2018 14:00;12.83;-2.92;312.96;0.26;863.67;27.92;14.96
11/19/2018 15:00;12.54;-3.1;312.43;0.32;863.6;24.53;14.64
11/19/2018 16:00;11.55;-2.76;302.97;0.31;863.7;24.9;15.41
11/19/2018 17:00;11.28;-2.13;323.48;0.27;863.72;30.27;18.5
11/19/2018 18:00;10.81;-1.87;338.82;0.2;863.89;30.01;19.03
11/19/2018 19:00;10.02;-2.03;104.26;0.38;864.19;35.9;24.76
11/19/2018 20:00;8.16;-2.38;105.23;0.33;864.43;46.02;29.16
11/19/2018 21:00;7.6;-2.57;100.66;0.25;864.38;47.63;27.73
11/19/2018 22:00;7.06;-2.56;109.03;0.04;864.6;29.95;20.51
11/19/2018 23:00;6.42;-2.63;121.85;0.03;864.73;27.32;18.94
11/20/2018 00:00;6.3;-2.45;223;0.03;864.55;24.17;17.85
11/20/2018 01:00;6.04;-3.28;171.95;0.09;864.27;15.98;13.3
11/20/2018 02:00;5.86;-3.88;219.25;0.07;864.06;13.42;11.28
11/20/2018 03:00;5.69;-4.15;250.98;0.03;863.93;11.7;9.93
11/20/2018 04:00;5.39;-4.27;297.69;0.01;863.95;8.3;7.58
11/20/2018 05:00;5.02;-4.2;219.4;0.01;864.06;7.48;6.86
11/20/2018 06:00;4.82;-4.18;235.77;0.02;864.13;9.19;7.73
11/20/2018 07:00;4.35;-4.06;185.18;0.03;864.39;20.77;12.33
11/20/2018 08:00;4.8;-4.01;224.61;0.02;864.56;84.34;25.11
11/20/2018 09:00;6.11;-3.78;204.66;0.03;864.7;32.8;17.03
11/20/2018 10:00;7.47;-3.88;323.07;0.07;864.84;28.41;17.86
11/20/2018 11:00;9.74;-3.38;296.85;0.25;864.84;45.32;25.96
11/20/2018 12:00;11.17;-2.78;310.12;0.33;864.57;48.04;29.16
11/20/2018 13:00;12.24;-2.6;314.27;0.28;863.73;54.17;30.16
11/20/2018 14:00;12.79;-2.4;313.95;0.37;863.02;43.31;25.53
11/20/2018 15:00;12.89;-1.86;319.77;0.34;862.71;45.97;28.09
11/20/2018 16:00;12;-1.36;308.78;0.28;862.48;43.43;30.37
11/20/2018 17:00;11.73;-1.18;331.5;0.23;862.22;44.95;31.15
11/20/2018 18:00;11.15;-0.85;342.37;0.11;862.11;40.09;28.7
11/20/2018 19:00;10.29;-0.7;104.91;0.24;862.2;52.14;35.99
11/20/2018 20:00;9;-0.65;112.31;0.28;862.14;58.46;43.32
11/20/2018 21:00;8.23;-0.75;117.75;0.17;861.83;54.04;39.96
11/20/2018 22:00;7.6;-1.01;124.02;0.04;861.68;39.57;30.18
11/20/2018 23:00;6.93;-1.04;167.98;0.03;861.55;37.18;29.74
11/21/2018 00:00;6.33;-1.24;199.21;0;861.25;30.98;26.07
11/21/2018 01:00;6.38;-1.24;179.8;0.01;860.85;29.89;26.23
11/21/2018 02:00;6.03;-1.48;213;0.02;860.59;27.31;25.04
11/21/2018 03:00;5.33;-1.37;250.54;0.01;860.49;26.25;24.77
11/21/2018 04:00;5.13;-1.28;207.49;0.03;860.4;25.43;24.54
11/21/2018 05:00;4.43;-1.34;182.03;0.02;860.18;24.21;22.86
11/21/2018 06:00;4.24;-1.27;206.49;0.02;860.06;24.1;23.36
11/21/2018 07:00;4.4;-1.1;180.32;0.05;860.11;28.54;25.38
11/21/2018 08:00;5;-0.77;174.94;0.03;860.27;46.57;32.48
11/21/2018 09:00;6.77;-0.43;92.67;0.12;860.59;42.04;30.29
11/21/2018 10:00;8.77;-0.37;57.38;0.06;860.68;41.04;30.11
11/21/2018 11:00;10.66;-0.18;307.44;0.28;860.5;49.35;37.02
11/21/2018 12:00;10.16;-0.25;310.42;0.32;860;67.52;43.14
11/21/2018 13:00;10.44;0.05;306.16;0.34;859.26;47.87;36.4
11/21/2018 14:00;11.75;0.08;318.96;0.32;858.7;41.96;31.04
11/21/2018 15:00;12.12;-0.22;314.25;0.34;858.25;38.64;27.27
11/21/2018 16:00;11.86;-0.35;311.54;0.31;857.97;35.6;24.65
11/21/2018 17:00;11.25;-0.4;344.03;0.22;857.91;35.91;25.45
11/21/2018 18:00;10.72;-0.76;12.38;0.1;858.01;36.26;26.13
11/21/2018 19:00;9.84;-0.61;101.58;0.39;858.39;48.35;33.9
11/21/2018 20:00;8.71;-0.6;98.07;0.38;858.32;50.83;40.72
11/21/2018 21:00;9.25;-0.34;114.57;0.14;858.15;37.24;29.53
11/21/2018 22:00;9.24;-0.41;132.67;0.07;858.03;37.18;28.56
11/21/2018 23:00;9.32;-0.53;118.96;0.04;857.99;36.16;28.02
11/22/2018 00:00;8.51;-0.63;114.52;0.03;857.94;31.09;23.39
11/22/2018 01:00;8.15;-0.16;359.69;0.16;857.92;32.47;27.35
11/22/2018 02:00;7.21;-0.32;346.23;0.07;857.64;37.63;28.44
11/22/2018 03:00;6.81;-0.33;293.63;0.04;857.52;31.93;28.21
11/22/2018 04:00;6.68;-0.23;126.53;0.04;857.3;28.01;26.13
11/22/2018 05:00;6.02;-0.36;112.59;0.06;857.04;33.83;27.85
11/22/2018 06:00;6.51;-0.07;115.33;0.07;857.01;30.14;27.75
11/22/2018 07:00;7.36;-0.02;302.82;0.08;857.39;30.22;24.57
11/22/2018 08:00;7.66;0.42;342.65;0.14;858.05;31.16;26.39
11/22/2018 09:00;8.28;1.19;75.81;0.15;858.27;32.02;28.56
11/22/2018 10:00;8.48;2.08;22.31;0.66;858.4;32.2;28.79
11/22/2018 11:00;9.93;2.23;357.41;0.29;858.26;26.79;22.31
11/22/2018 12:00;11.56;2.25;319.84;0.22;857.79;29.04;21.35
11/22/2018 13:00;12.46;1.28;88.81;0.72;857.14;41.44;13.2
11/22/2018 14:00;12.26;0.91;62.69;0.36;856.59;28.51;9.64
11/22/2018 15:00;11.91;1.18;349.16;0.39;856.28;18.69;8.54
11/22/2018 16:00;12.25;1.27;356.4;0.35;856.16;19.89;7.61
11/22/2018 17:00;12.12;0.56;81.61;0.44;856.37;31.97;7.76
11/22/2018 18:00;10.94;1.2;98.1;0.99;856.78;17;6.8
11/22/2018 19:00;10.95;1.93;12.58;0.19;856.88;9.03;6.14
11/22/2018 20:00;10.49;3.01;9.67;0.22;857.14;13.27;10.48
11/22/2018 21:00;9.92;3.45;16.25;0.34;857.23;15.88;13.68
11/22/2018 22:00;9.66;3.82;7.34;0.33;857.13;10.88;9.71
11/22/2018 23:00;9.31;3.69;357.14;0.4;856.95;11.73;10.88
11/23/2018 00:00;9.04;3.27;349.73;0.32;857;13.49;12.32
11/23/2018 01:00;8.74;2.57;322.03;0.31;857;16.7;15.55
11/23/2018 02:00;8.07;2.63;343.34;0.3;857.25;17.37;16.11
11/23/2018 03:00;7.61;2.75;342.86;0.32;857.45;9.56;9.12
11/23/2018 04:00;6.32;4.04;11.48;0.29;857.61;9.13;8.82
11/23/2018 05:00;6.25;4.28;353.21;0.12;857.15;9.75;9.58
11/23/2018 06:00;6.49;3.94;314.76;0.07;857.24;9.48;9.26
11/23/2018 07:00;6.59;4.1;95.07;0.02;857.47;11.02;10.77
11/23/2018 08:00;6.86;4.11;152.89;0.05;858.03;15.85;15.48
11/23/2018 09:00;7.39;3.98;258.89;0.07;858.52;16.74;15.77
11/23/2018 10:00;8.01;3.6;348.53;0.08;858.57;16.26;15.12
11/23/2018 11:00;8.39;3.19;346.62;0.27;858.73;17.74;14.93
11/23/2018 12:00;8.71;3.9;336.69;0.27;858.43;25.69;21.87
11/23/2018 13:00;9.44;4.33;58.76;0.14;857.85;24.25;21.35
11/23/2018 14:00;10.08;4.18;154.12;0.17;857.46;20.64;17.43
11/23/2018 15:00;10.5;3.77;123.61;0.2;857.31;22.23;18.66
11/23/2018 16:00;10.65;3.61;153.38;0.07;857.5;23.15;19.6
11/23/2018 17:00;10.46;3.39;84.08;0.01;857.79;24.67;20.58
11/23/2018 18:00;10.14;3.66;111.37;0.04;858;24.31;19.55
11/23/2018 19:00;9.76;4.05;147.11;0.13;858.45;24.52;20.59
11/23/2018 20:00;9.25;4.01;207.26;0.02;859.17;24.22;20.47
11/23/2018 21:00;9.36;3.82;170.34;0.22;859.43;19.45;18.14
11/23/2018 22:00;8.95;3.78;306.04;0.15;859.85;21.17;17.77
11/23/2018 23:00;7.26;4.88;43.42;0.09;860.16;22.07;21.37
11/24/2018 00:00;7.02;5.01;300.86;0.01;860.43;16.53;15.77
11/24/2018 01:00;6.65;4.61;265.93;0.01;860.68;17.61;16.84
11/24/2018 02:00;6.86;3.75;180.82;0.15;860.95;14.53;14.32
11/24/2018 03:00;6.94;2.91;171.14;0.44;861.36;11.46;11.23
11/24/2018 04:00;6.49;2.07;171.87;0.44;861.57;7.57;7.34
11/24/2018 05:00;6.31;1.67;168.26;0.53;861.85;6.07;5.99
11/24/2018 06:00;5.95;1.69;172.86;0.58;862.33;5.65;5.32
11/24/2018 07:00;6.03;1.41;165.23;0.82;862.98;5.44;4.03
11/24/2018 08:00;5.37;0.8;166.6;1.03;863.68;5.16;1.63
11/24/2018 09:00;5.38;0.2;166.23;1.16;864.74;3.17;1.2
11/24/2018 10:00;6.53;-0.28;173.04;1.1;865.15;12.56;2.94
11/24/2018 11:00;7.56;-0.4;173.71;0.96;865.4;13.77;3.18
11/24/2018 12:00;8.49;-1.13;207.07;0.3;865.37;31.71;4.6
11/24/2018 13:00;8.72;-1.35;196.83;0.44;865.03;38.94;6.07
11/24/2018 14:00;8.67;-1.74;197.47;0.49;865.03;28.62;6.16
11/24/2018 15:00;8.52;-1.73;202.82;0.39;865.02;31.24;4.44
11/24/2018 16:00;8.14;-1.55;200.43;0.39;865.19;14.1;3.22
11/24/2018 17:00;7.93;-1.41;192.44;0.38;865.39;9.44;3.16
11/24/2018 18:00;6.98;-1.07;162.16;0.91;865.55;5.52;2.62
11/24/2018 19:00;6.49;-1.21;158.18;1.08;865.64;5.22;2.29
11/24/2018 20:00;6.31;-1.53;163.84;1.08;865.8;3.47;2.1
11/24/2018 21:00;5.78;-1.66;162.08;1.12;865.6;3.81;2.22
11/24/2018 22:00;5.32;-1.55;163;0.99;865.14;2.9;1.74
11/24/2018 23:00;4.84;-1.58;170.81;0.78;864.36;2.34;1.67
11/25/2018 00:00;4.82;-1.76;167.8;0.96;863.84;2.43;1.6
11/25/2018 01:00;4.74;-1.87;166.38;1.04;862.92;2.33;1.45
11/25/2018 02:00;4.46;-1.74;163.63;1.15;862.38;2.02;1.45
11/25/2018 03:00;4.94;-1.7;169;0.91;862.3;2.14;1.38
11/25/2018 04:00;4.84;-1.73;169.73;0.8;861.5;1.99;1.5
11/25/2018 05:00;4.39;-1.48;178.12;0.38;860.5;2.33;2.05
11/25/2018 06:00;4.51;-1.22;181.61;0.52;859.87;2.22;2.13
11/25/2018 07:00;4.31;-0.32;183.15;0.38;859.74;2.74;2.36
11/25/2018 08:00;3.51;0.31;176.14;0.42;859.66;2.83;2.75
11/25/2018 09:00;3.25;0.45;176.1;0.48;859.8;2.3;2.21
11/25/2018 10:00;3.76;0.65;176;0.33;860.21;2.37;1.91
11/25/2018 11:00;4.56;0.91;131.62;0.19;860.02;2.42;2.02
11/25/2018 12:00;4.83;1.08;124.94;0.16;859.58;2.51;2.23
11/25/2018 13:00;4.72;1.26;98.53;0.19;859;8.24;7.9
11/25/2018 14:00;4.41;2.07;311.5;0.44;858.66;11.58;11.09
11/25/2018 15:00;3.49;1.84;325.01;0.3;858.66;2.05;1.97
11/25/2018 16:00;3.75;1.83;318.83;0.23;858.71;4.41;4.21
11/25/2018 17:00;3.81;1.83;322.24;0.22;859.06;5.57;5.29
11/25/2018 18:00;3.71;1.75;342.48;0.31;859.03;8;7.79
11/25/2018 19:00;3.76;1.09;22.9;0.27;859.24;6.22;5.97
11/25/2018 20:00;4.19;0.87;292.14;0.24;859.21;9.01;7.76
11/25/2018 21:00;4.25;0.67;316.13;0.16;859.17;9.9;7.45
11/25/2018 22:00;4.47;1.09;316.69;0.22;859.02;15.63;12.44
11/25/2018 23:00;4.25;0.9;353.26;0.39;858.82;13.04;11.31
11/26/2018 00:00;3.79;0.72;304.26;0.36;858.91;13.68;13
11/26/2018 01:00;3.54;1.06;324.19;0.23;859.05;7.1;6.81
11/26/2018 02:00;3.71;1.44;350.3;0.11;859.09;9.48;9.15
11/26/2018 03:00;4.05;1.49;13.82;0.11;859.32;11.84;11.5
11/26/2018 04:00;4.16;1.28;321.08;0.21;859.32;11.41;10.93
11/26/2018 05:00;4.04;0.72;349.9;0.24;859.12;10.31;9.51
11/26/2018 06:00;3.61;0.55;15.5;0.19;859;10.74;10.08
11/26/2018 07:00;3.5;0.55;357.88;0.18;859.13;13.92;12.71
11/26/2018 08:00;3.92;0.56;311.94;0.18;859.58;17.04;14.2
11/26/2018 09:00;4.46;0.7;306.23;0.3;860;14.41;12.25
11/26/2018 10:00;4.48;0.7;305.79;0.34;860.43;19.38;17.35
11/26/2018 11:00;5.13;0.96;306.7;0.44;860.67;24.11;21.51
11/26/2018 12:00;5.83;0.64;336.85;0.25;860.47;19.97;17.5
11/26/2018 13:00;6.25;0.66;307.58;0.39;860.1;19.87;16.61
11/26/2018 14:00;6.04;0.76;306.46;0.37;859.97;19.64;17.02
11/26/2018 15:00;6.5;0.91;318.11;0.3;860.02;19.28;16.17
11/26/2018 16:00;6.83;0.45;81.79;0.32;860.12;17.65;14.53
11/26/2018 17:00;6.84;0.24;79.39;0.33;860.43;18.34;15.17
11/26/2018 18:00;6.5;0.4;100.36;0.42;860.71;16.64;15.03
11/26/2018 19:00;6.38;0.7;320.64;0.32;861.14;22.44;18.61
11/26/2018 20:00;5.44;0.6;102.77;0.24;861.69;25.61;21.69
11/26/2018 21:00;4.62;0.35;107.6;0.57;861.79;20.13;17.83
11/26/2018 22:00;4.26;0.06;125.44;0.21;861.9;18.74;16.78
11/26/2018 23:00;5.14;0.38;87.78;0.11;861.87;18;16.51
11/27/2018 00:00;4.89;0.39;101.35;0.11;862.03;17.51;15.99
11/27/2018 01:00;5;0.55;302.53;0.27;862.4;16.83;16.16
11/27/2018 02:00;4.93;0.81;299.91;0.31;862.59;15.96;15.51
11/27/2018 03:00;4.76;0.84;303.32;0.17;862.63;16.29;16.03
11/27/2018 04:00;4.34;0.55;311.1;0.1;862.53;15.46;15.12
11/27/2018 05:00;3.56;0.17;76.18;0.02;862.48;14.72;14.51
11/27/2018 06:00;3.48;0.39;313.06;0.15;862.84;22.61;21.79
11/27/2018 07:00;3.47;0.45;333.42;0.08;862.96;21.17;19.89
11/27/2018 08:00;3.94;0.87;314.31;0.2;863.07;23.42;21.41
11/27/2018 09:00;4.39;1.06;325.29;0.37;863.84;23.64;21.98
11/27/2018 10:00;4.52;0.76;324.15;0.44;864.14;24.54;22.82
11/27/2018 11:00;5.96;0.62;336.37;0.38;864.25;24.87;20.99
11/27/2018 12:00;7.04;0.7;307.18;0.37;863.81;27.36;23.32
11/27/2018 13:00;7.95;1.41;300.7;0.45;863.25;32.2;27.45
11/27/2018 14:00;8.3;1.1;314.74;0.46;862.85;28.1;23.27
11/27/2018 15:00;9.66;-0.14;311.56;0.63;862.59;24.58;18.41
11/27/2018 16:00;9.18;-0.77;311.93;0.54;862.44;21.23;16.82
11/27/2018 17:00;9.12;-0.84;321.4;0.48;862.53;22.53;17.49
11/27/2018 18:00;8.52;-0.81;310.28;0.48;862.69;22.99;18.34
11/27/2018 19:00;7.61;0.09;304.34;0.55;863.37;17.91;15.64
11/27/2018 20:00;6.9;0.21;327.44;0.29;863.89;22.74;19.49
11/27/2018 21:00;6.46;0.04;356.33;0.15;863.99;22.15;19.1
11/27/2018 22:00;6.18;0.11;317.14;0.15;863.91;22.55;19.58
11/27/2018 23:00;5;-0.34;111.16;0.13;864.07;28.02;23.13
11/28/2018 00:00;4.11;-0.84;117.42;0.05;864.03;23.09;19.84
11/28/2018 01:00;3.71;-1.34;171.98;0;863.86;18.46;16.73
11/28/2018 02:00;3.36;-1.53;173.04;0.02;863.76;19.18;17.15
11/28/2018 03:00;2.94;-1.92;188.39;0.01;863.99;16.42;15.68
11/28/2018 04:00;2.87;-1.96;154.21;0.01;863.95;16.26;15.73
11/28/2018 05:00;2.7;-1.9;181.26;0.02;863.95;16.16;15.84
11/28/2018 06:00;2.28;-1.89;193.32;0;864.17;18.49;17.72
11/28/2018 07:00;2.26;-1.89;147.95;0.03;864.19;21.96;19.92
11/28/2018 08:00;2.79;-1.5;100.15;0.07;864.62;29.89;25.16
11/28/2018 09:00;4.31;-0.9;144.37;0.07;864.95;30.64;26.04
11/28/2018 10:00;5.87;-0.37;101.17;0.25;865.26;28.36;25.23
11/28/2018 11:00;8.1;0.14;314.63;0.27;865.26;33.99;27.17
11/28/2018 12:00;9.2;0.53;314.69;0.32;864.76;35.16;29.53
11/28/2018 13:00;9.98;0.83;304.06;0.41;864.19;33.7;28
11/28/2018 14:00;10.52;1.22;314.6;0.39;863.84;32.8;27.84
11/28/2018 15:00;10.86;1.61;314.28;0.3;863.62;33.16;27.92
11/28/2018 16:00;10.11;1.77;312.51;0.32;863.58;28.75;25.51
11/28/2018 17:00;9.98;1.98;325.53;0.25;863.51;28.06;24.69
11/28/2018 18:00;9.66;1.96;338.67;0.16;863.54;27.65;23.9
11/28/2018 19:00;9.34;2.07;341.95;0.16;863.84;34.67;29.1
11/28/2018 20:00;8.29;1.88;110.18;0.38;864.1;36.55;31.88
11/28/2018 21:00;7.52;1.78;110.57;0.42;863.98;38.04;33.19
11/28/2018 22:00;6.66;1.57;117.04;0.33;864.03;32.82;28.67
11/28/2018 23:00;6.17;1.57;105.4;0.1;863.95;28.26;25.77
11/29/2018 00:00;5.65;1.49;118.59;0.03;864;24.77;22.87
11/29/2018 01:00;5.36;1.43;160.38;0.03;863.94;24.29;23.46
11/29/2018 02:00;5.54;1.36;188.08;0.02;864.1;24.16;23.41
11/29/2018 03:00;5.65;1.07;224.92;0.04;864.15;22.37;21.99
11/29/2018 04:00;5.55;0.87;202.16;0.03;864.19;20.37;20.11
11/29/2018 05:00;5.32;0.67;196.07;0.02;863.94;18.86;18.58
11/29/2018 06:00;5.17;0.53;214.09;0.03;863.96;18.34;18.04
11/29/2018 07:00;4.95;0.4;178.06;0.05;864.45;19.57;18.65
11/29/2018 08:00;4.84;0.5;155.13;0.04;864.97;26.49;23.13
11/29/2018 09:00;5.96;0.55;155.81;0.23;865.4;24.32;21.74
11/29/2018 10:00;7.42;1.32;96.53;0.09;865.79;27.87;23.83
11/29/2018 11:00;9.52;1.74;72.09;0.2;865.73;22.26;19.03
11/29/2018 12:00;10.46;1.76;349.21;0.21;865.56;30.03;23.42
11/29/2018 13:00;11.06;1.87;100.77;0.02;865.19;31.32;24.9
11/29/2018 14:00;11.88;1.9;285.7;0.13;865.08;34.14;25.33
11/29/2018 15:00;12.51;1.83;118.05;0.16;864.82;33.95;27.07
11/29/2018 16:00;12.26;1.69;356.76;0.05;864.97;37.81;28.13
11/29/2018 17:00;11.97;1.64;7.94;0.12;865.24;38.31;28.95
11/29/2018 18:00;11.4;1.68;18;0.09;865.55;32.51;26.54
11/29/2018 19:00;11.09;1.73;100.47;0.09;865.82;28.22;21.82
11/29/2018 20:00;10.64;2.35;110.67;0.07;866.05;43.87;32.4
11/29/2018 21:00;10.66;2.38;174.48;0.04;866.09;32.48;25.56
11/29/2018 22:00;10.19;2.17;161.81;0.08;866.09;27.83;22.8
11/29/2018 23:00;9.83;2.01;172;0.14;866.07;20.35;17.58
11/30/2018 00:00;10.12;1.8;193.52;0.12;866.13;16.85;14.18
11/30/2018 01:00;9.92;1.48;175.36;0.1;865.77;17.5;13.38
11/30/2018 02:00;9.58;1.18;163.08;0.13;865.46;15.55;12.91
11/30/2018 03:00;9.19;1.01;153;0.14;865.78;12.16;10.92
11/30/2018 04:00;9;0.8;160.84;0.21;865.65;10.46;9.39
11/30/2018 05:00;9.38;0.7;177.98;0.1;865.64;7.52;6.9
11/30/2018 06:00;9.72;0.76;200.11;0.06;865.76;5.85;4.97
11/30/2018 07:00;9.71;0.9;202.82;0.1;865.98;5.83;4.76
11/30/2018 08:00;9.61;0.87;178.89;0.12;866.35;8.15;5.64
11/30/2018 09:00;9.73;0.99;176.96;0.12;867.2;10.77;6.83
11/30/2018 10:00;9.87;1.54;191.77;0.15;867.43;15.96;8.34
11/30/2018 11:00;10.19;1.37;180.21;0.25;867.64;13.41;7.72
11/30/2018 12:00;9.87;2.79;170.71;0.43;867.55;11.63;8.31
11/30/2018 13:00;9.02;4.63;183.7;0.38;867.02;9.61;8.71
11/30/2018 14:00;8.82;5;174.1;0.32;866.66;9.34;8.76
11/30/2018 15:00;8.47;5.48;167.9;0.37;866.3;8.36;8.1
11/30/2018 16:00;8.41;5.27;168.83;0.48;866.24;8.15;7.87
11/30/2018 17:00;8.54;4.32;165.45;0.73;866.11;6.04;5.74
11/30/2018 18:00;8.33;3.38;165.6;0.82;866.16;4.47;4.02
11/30/2018 19:00;8.62;3.28;167.52;0.61;866.55;4.86;4.41
11/30/2018 20:00;8.88;3.1;171.88;0.56;867.05;4.72;3.97
11/30/2018 21:00;8.94;3.21;163.51;0.66;867.07;3.91;3.66
11/30/2018 22:00;8.77;3.42;159.69;0.74;866.92;5.41;4.4
11/30/2018 23:00;8.41;3.53;168.05;0.45;866.82;4.66;4.33
12/01/2018 00:00;8.49;3.67;172.4;0.22;866.62;4.29;3.83
12/01/2018 01:00;8.52;3.82;180.68;0.09;866.11;3.54;3.23
12/01/2018 02:00;8.66;3.97;194.42;0.09;865.31;3.09;2.99
12/01/2018 03:00;8.76;4.13;180.79;0.12;864.88;5.48;5.37
12/01/2018 04:00;8.99;4.25;178.69;0.11;864.2;10.56;10.44
12/01/2018 05:00;9.04;4.71;171.23;0.21;864.31;12.71;12.56
12/01/2018 06:00;8.39;5.53;178.91;0.31;864.11;12.21;12.1
12/01/2018 07:00;8.24;5.48;170.24;0.37;863.9;7.54;7.48
12/01/2018 08:00;8.35;5.32;169.54;0.6;863.28;9.57;9.12
12/01/2018 09:00;9;4.7;165.07;0.72;863.08;9.11;8.96
12/01/2018 10:00;9.2;4.92;171.88;0.6;863.2;12.86;12.62
12/01/2018 11:00;9.8;5.1;181.3;0.21;862.86;10.99;10.45
12/01/2018 12:00;10.21;5.08;196.34;0.13;862.16;13.33;11.98
12/01/2018 13:00;10.4;5.44;153.9;0.17;861.59;17.62;15.95
12/01/2018 14:00;10.38;6.07;141.87;0.11;861.65;19.22;17.68
12/01/2018 15:00;10.5;6.25;111.98;0.15;861.64;19.2;18.16
12/01/2018 16:00;10.23;7.06;350.6;0.15;861.91;23.24;21.96
12/01/2018 17:00;9.44;7.63;356.03;0.06;862.01;23.07;22.59
12/01/2018 18:00;9.26;7.83;81.2;0.16;862.44;20.78;20.55
12/01/2018 19:00;9.03;7.75;97.44;0.12;862.43;19.86;19.72
12/01/2018 20:00;9.18;7.97;344.21;0.22;862.47;21;20.83
12/01/2018 21:00;8.92;7.79;5.4;0.34;861.96;16.33;16.21
12/01/2018 22:00;8.55;7.37;0.26;0.25;861.39;12.85;12.75
12/01/2018 23:00;8.42;7.13;44.18;0.02;860.94;10.77;10.64
12/02/2018 00:00;8.61;7.38;278.18;0.09;860.16;12.36;12.22
12/02/2018 01:00;8.47;7.31;287.45;0.35;859.92;12.49;12.38
12/02/2018 02:00;8.09;7.13;307.9;0.32;860.12;9.96;9.86
12/02/2018 03:00;7.19;6.31;336.22;0.26;860.69;2.43;2.41
12/02/2018 04:00;6.61;5.5;29.39;0.11;860.63;1.97;1.96
12/02/2018 05:00;6.66;5.4;301.23;0.36;860.65;8.13;8.12
12/02/2018 06:00;6.54;5.35;303.91;0.45;860.79;8.77;8.76
12/02/2018 07:00;6.47;5.27;298.72;0.39;861.36;6.6;6.58
12/02/2018 08:00;6.53;5.05;328.01;0.25;861.85;10;9.94
12/02/2018 09:00;7.12;4.97;65.97;0.18;862.3;7.59;7.46
12/02/2018 10:00;7.83;4.8;335.07;0.15;862.64;16.01;12.82
12/02/2018 11:00;8.19;4.49;312.11;0.35;862.76;15.53;12.12
12/02/2018 12:00;8.68;4.35;314.21;0.45;862.67;19.93;12.75
12/02/2018 13:00;9.47;4.68;303.92;0.38;862.44;27.34;21.57
12/02/2018 14:00;10.07;4.93;308.46;0.35;862.06;22.3;15.74
12/02/2018 15:00;11.01;5.02;317.12;0.3;861.97;27.9;17.49
12/02/2018 16:00;11.39;4.82;328.5;0.31;862.2;28.23;19.26
12/02/2018 17:00;10.8;4.79;316.69;0.35;862.53;22.39;16.13
12/02/2018 18:00;10.27;4.15;8.84;0.14;862.86;19.81;14
12/02/2018 19:00;9.31;3.77;99.21;0.59;863.19;22.35;15.52
12/02/2018 20:00;8.01;3.25;101.91;0.38;863.46;26.79;17.65
12/02/2018 21:00;7.78;1.65;101.64;0.2;863.52;17.73;13.6
12/02/2018 22:00;7.08;1.44;120.73;0.04;863.55;22.19;13.75
12/02/2018 23:00;6.38;1.61;116.85;0.09;863.6;30.93;16.35
12/03/2018 00:00;5.67;1.12;175.66;0.03;863.75;17.78;13.9
12/03/2018 01:00;5.69;0.94;181.43;0.04;863.59;19.72;15.27
12/03/2018 02:00;5.63;0.19;196.71;0.08;863.4;14.81;12.54
12/03/2018 03:00;5.34;-0.46;236.53;0.07;863.46;10.85;10.18
12/03/2018 04:00;5.14;-1.05;217.76;0.02;863.27;9.32;8.78
12/03/2018 05:00;4.98;-1.05;188.97;0.02;863.32;11.17;10.34
12/03/2018 06:00;4.67;0.54;182.7;0.13;863.31;15.41;14.63
12/03/2018 07:00;4.39;1.07;183.16;0.09;863.6;18.54;16.82
12/03/2018 08:00;4.32;1.34;178.16;0.23;863.86;21.43;18.86
12/03/2018 09:00;5.2;1.33;173.52;0.14;864;24.39;20.18
12/03/2018 10:00;6.44;1.65;158.09;0.19;864.14;27.51;20.66
12/03/2018 11:00;7.71;1.88;169.12;0.24;864.06;28.22;19.43
12/03/2018 12:00;8.84;1.76;176.99;0.16;863.59;26.06;18.62
12/03/2018 13:00;10.19;1.32;186.98;0.09;862.83;28.84;17.66
12/03/2018 14:00;9.96;1.13;142.96;0.11;862.32;25.05;16.53
12/03/2018 15:00;10.3;1.48;326.36;0.04;862.13;35.63;21.35
12/03/2018 16:00;9.91;2.38;302.99;0.34;862.31;42.4;26.33
12/03/2018 17:00;9.4;2.75;338.53;0.31;862.4;33.23;22.7
12/03/2018 18:00;8.6;2.54;7.03;0.29;862.6;30.3;21.47
12/03/2018 19:00;7.85;2.62;99.54;0.25;862.99;40.84;27.68
12/03/2018 20:00;6.7;2.51;97.14;0.32;863.33;39.64;30.69
12/03/2018 21:00;6.34;2.18;113.6;0.12;863.61;33.94;27.73
12/03/2018 22:00;6.37;1.36;179.09;0.03;863.68;34.63;24.78
12/03/2018 23:00;5.66;0.58;244.95;0.02;863.79;30.71;21.87
12/04/2018 00:00;5.19;0.18;239.63;0.06;863.68;26.06;21.02
12/04/2018 01:00;5.01;-0.52;219.78;0.08;863.65;20.28;17.65
12/04/2018 02:00;4.69;-0.97;288.48;0.01;863.81;16.32;13.93
12/04/2018 03:00;4.64;-1.23;254.96;0.05;863.59;14.89;13.63
12/04/2018 04:00;4.49;-0.18;169.94;0.13;863.49;18.35;17.45
12/04/2018 05:00;4.04;-0.45;224.67;0.05;863.46;16.3;15.64
12/04/2018 06:00;3.75;0.24;198.93;0.1;863.48;17.35;16.82
12/04/2018 07:00;3.76;-0.54;174.59;0.13;863.65;23.56;17.98
12/04/2018 08:00;3.92;-1.13;165.17;0.07;864.12;34.37;19.73
12/04/2018 09:00;4.3;-0.12;168.25;0.05;864.72;24.66;20.17
12/04/2018 10:00;5.39;0.42;117.38;0.04;865.14;29.51;22.13
12/04/2018 11:00;7.88;0.11;144.36;0.11;865.21;28.19;21.3
12/04/2018 12:00;9.39;-0.19;131.2;0.07;864.75;29.2;21.88
12/04/2018 13:00;10.25;1.15;306.64;0.26;863.97;42.29;27.39
12/04/2018 14:00;11.27;1.33;315.09;0.16;863.06;33.86;23.6
12/04/2018 15:00;10.26;2.3;322.22;0.52;863.55;44.97;32.03
12/04/2018 16:00;8.6;3.82;328.47;0.52;864.54;50.31;43.06
12/04/2018 17:00;7.7;4.01;9.22;0.42;863.95;41.94;38.38
12/04/2018 18:00;7.78;4.27;32.48;0.05;864.13;42.29;39.67
12/04/2018 19:00;7.49;4.83;306.57;0.28;864.48;38.1;37.03
12/04/2018 20:00;6.74;4.78;16.53;0.2;864.11;40.22;39.68
12/04/2018 21:00;6.92;4.74;91.02;0.06;863.58;42.13;41.6
12/04/2018 22:00;7.3;4.95;101.83;0.2;863.14;43.15;42.26
12/04/2018 23:00;6.93;4.78;305.58;0.25;863.12;45.61;43.74
12/05/2018 00:00;6.04;4.29;289.85;0.49;863.4;49.16;48
12/05/2018 01:00;5.29;3.98;22.64;0.14;862.91;44.37;43.82
12/05/2018 02:00;5.65;4.32;299.18;0.1;862.4;49.15;48.34
12/05/2018 03:00;6.11;4.32;322.44;0.04;862.27;49.61;48.77
12/05/2018 04:00;5.86;4.15;312.79;0.24;861.93;45.15;44.39
12/05/2018 05:00;5.55;4.06;304.48;0.19;861.48;42.69;42.14
12/05/2018 06:00;5.67;4.13;303.81;0.3;861.8;44.32;43.77
12/05/2018 07:00;5.37;4.15;3.88;0.06;861.41;38.65;38.43
12/05/2018 08:00;6.14;4.63;170.12;0.04;861.25;42.55;42
12/05/2018 09:00;7.41;3.67;205.71;0.05;861.21;41.8;37.87
12/05/2018 10:00;8.58;3.57;216.44;0.05;860.94;47.24;34.67
12/05/2018 11:00;9.06;4.01;199.22;0.05;860.64;36.8;29.76
12/05/2018 12:00;8.84;4.51;151.8;0.19;859.94;37.97;33.2
12/05/2018 13:00;8.85;5.11;313.15;0.4;859.51;56.05;52.47
12/05/2018 14:00;8.05;5.38;300.38;0.46;858.73;75.16;68
12/05/2018 15:00;8.02;5.2;84.65;0.19;858.28;65.27;59.67
12/05/2018 16:00;9.24;5.24;117.34;0.17;858.04;67.38;58.58
12/05/2018 17:00;10.11;5.49;342.31;0.1;857.72;70.2;56.22
12/05/2018 18:00;9.98;5.73;326.36;0.18;857.67;60.35;49.6
12/05/2018 19:00;9.64;5.29;303.24;0.28;857.52;52.87;42.67
12/05/2018 20:00;9.41;5.16;95.09;0.38;857.55;48.08;41.86
12/05/2018 21:00;8.75;5.23;330.61;0.45;857.95;45.93;41.79
12/05/2018 22:00;7.23;5.33;358.77;0.18;858.34;29.04;28.69
12/05/2018 23:00;7.23;5.29;98.69;0.46;857.96;11;10.88
12/06/2018 00:00;7.15;5.04;342.94;0.15;858.11;8.73;8.62
12/06/2018 01:00;6.64;4.17;103.94;0.22;857.49;1.93;1.82
12/06/2018 02:00;6.47;4.26;208.65;0.03;856.94;3.2;3.09
12/06/2018 03:00;6.12;3.93;284.71;0.01;856.94;4.03;3.92
12/06/2018 04:00;5.99;3.98;97.08;0.15;857.13;5.93;5.78
12/06/2018 05:00;6.01;4.13;85.21;0.07;856.77;15.06;14.87
12/06/2018 06:00;6.25;4.21;135.14;0.03;856.61;13.45;13.31
12/06/2018 07:00;6.7;4.32;351.71;0.02;856.5;12.61;12.46
12/06/2018 08:00;6.93;4.36;319.84;0.08;856.37;11.02;10.77
12/06/2018 09:00;7.55;4.06;150.35;0.07;856.53;8.76;8.25
12/06/2018 10:00;8.24;3.93;214.99;0.01;856.28;16.94;13.03
12/06/2018 11:00;8.02;4.45;94.81;0.1;855.96;17.25;14.03
12/06/2018 12:00;7.31;4.98;349.31;0.03;855.44;15.8;15.09
12/06/2018 13:00;7.09;5.37;308.51;0.18;854.79;16.04;15.61
12/06/2018 14:00;6.7;5.22;299.59;0.22;854.2;13.23;13.06
12/06/2018 15:00;6.41;4.87;29.79;0.02;853.76;8.97;8.83
12/06/2018 16:00;6.19;4.26;251.82;0.08;853.16;2.76;2.65
12/06/2018 17:00;6.35;4.24;301.4;0.04;853.3;3.85;3.67
12/06/2018 18:00;6.4;4.06;336.2;0.11;853.1;5.07;4.88
12/06/2018 19:00;6.4;4.05;308.64;0.24;853.25;5.01;4.79
12/06/2018 20:00;6.19;4.56;305.79;0.24;852.82;10.47;10.3
12/06/2018 21:00;6.07;4.72;313.66;0.18;852.67;10.48;10.41
12/06/2018 22:00;5.94;4.85;290.5;0.28;852.09;11.59;11.54
12/06/2018 23:00;5.8;4.83;308.65;0.15;851.72;13.16;13.13
12/07/2018 00:00;5.75;4.82;315.03;0.14;851.83;10.73;10.69
12/07/2018 01:00;5.41;4.53;304.91;0.45;851.89;8.52;8.5
12/07/2018 02:00;3.99;3.07;37.88;0.09;852.21;2.45;2.44
12/07/2018 03:00;2.19;1.13;104.06;0.04;852.62;1.27;1.27
12/07/2018 04:00;1.29;0.4;178.69;0.02;852.75;1.22;1.22
12/07/2018 05:00;2;1.17;104.51;0.06;852.69;2.98;2.97
12/07/2018 06:00;2.14;1.28;333.14;0.26;852.85;5.35;5.33
12/07/2018 07:00;2.11;1.23;296.86;0.22;853.27;3.49;3.48
12/07/2018 08:00;2.1;1.2;331.31;0.22;853.85;3.54;3.53
12/07/2018 09:00;2.14;1.25;339.71;0.26;854.47;4.36;4.34
12/07/2018 10:00;2.29;1.42;3.93;0.4;855.04;7.89;7.87
12/07/2018 11:00;2.76;1.86;4.89;0.35;855.31;14.07;14.05
12/07/2018 12:00;3.26;2.19;337.75;0.3;855.16;17.61;17.52
12/07/2018 13:00;3.67;2.4;354.74;0.29;854.81;15.2;15.08
12/07/2018 14:00;4.24;2.76;311.11;0.32;854.61;14.74;14.43
12/07/2018 15:00;5.07;2.97;299.89;0.33;854.63;18.44;15.81
12/07/2018 16:00;5.17;2.8;298.22;0.28;854.94;13.62;11.3
12/07/2018 17:00;5.06;2.76;354.59;0.26;855.11;8.59;7.62
12/07/2018 18:00;5.05;2.72;340.38;0.3;855.31;10.18;9.48
12/07/2018 19:00;5.11;2.56;2.74;0.34;855.55;13.05;10.34
12/07/2018 20:00;5.24;2.22;334.27;0.05;855.75;13.6;10.41
12/07/2018 21:00;5.39;2.07;333.99;0.11;855.9;10.7;8.22
12/07/2018 22:00;5.52;2.12;10.26;0.03;855.94;11.67;9.25
12/07/2018 23:00;5.67;2.39;75.96;0.04;855.91;17.52;14.48
12/08/2018 00:00;5.34;3.1;101.03;0.07;856.08;34.25;32.93
12/08/2018 01:00;4.97;3.32;90.62;0.01;855.95;14.95;14.73
12/08/2018 02:00;5.2;3.11;100.18;0.03;855.8;13.38;13.26
12/08/2018 03:00;5.25;2.94;283.62;0.16;855.85;10.93;10.39
12/08/2018 04:00;5.19;3.02;286.74;0.1;855.64;8.17;7.64
12/08/2018 05:00;5.31;2.88;331.02;0.1;855.43;9.98;9.37
12/08/2018 06:00;5.23;2.66;284.57;0.15;855.69;8.97;8.1
12/08/2018 07:00;5.34;2.56;105.16;0.01;856.08;11.97;11.44
12/08/2018 08:00;5.59;1.3;243.34;0.03;856.48;14.65;10.64
12/08/2018 09:00;5.75;1.07;173.75;0.02;856.98;17.28;11.38
12/08/2018 10:00;6.32;1.01;116.34;0.03;857.35;23.37;15.07
12/08/2018 11:00;7.64;1.36;10.15;0.06;857.74;19.49;14.72
12/08/2018 12:00;7.81;1.42;318.12;0.18;857.62;24.24;16.45
12/08/2018 13:00;7.55;2.89;329.48;0.43;857.37;25.69;19.77
12/08/2018 14:00;6.93;2.81;322.21;0.45;857.31;19.06;15.91
12/08/2018 15:00;6.83;3.15;326.42;0.42;857.3;20.18;16.86
12/08/2018 16:00;7.03;3;324.81;0.36;857.61;15.86;12.98
12/08/2018 17:00;6.95;3.14;322.21;0.3;857.99;18.81;15.5
12/08/2018 18:00;6.85;3.63;313.6;0.2;858.26;20.01;17.84
12/08/2018 19:00;6.75;3.58;359.97;0.38;858.44;18.57;17.67
12/08/2018 20:00;6.7;3.46;33.01;0.2;858.67;18.18;16.7
12/08/2018 21:00;6.62;3.5;101.25;0.38;858.92;23.43;21.44
12/08/2018 22:00;6.6;3.27;103.46;0.28;859.13;27.05;22.81
12/08/2018 23:00;6.72;3.3;305.79;0.16;859.19;25.83;19.45
12/09/2018 00:00;6.14;2.77;306.63;0.3;859.28;16.06;11.22
12/09/2018 01:00;5.65;2.34;292.83;0.41;859.24;12.78;8.82
12/09/2018 02:00;5.58;2.47;311.44;0.08;859.09;13.01;10
12/09/2018 03:00;5.28;2.49;106.18;0.08;859.07;13.51;11.23
12/09/2018 04:00;5.32;2.46;102.93;0.07;859;14.21;12.58
12/09/2018 05:00;5.18;2.39;166.59;0.01;858.7;17.55;16.24
12/09/2018 06:00;5.23;2.33;176.46;0.01;858.58;19.87;18.52
12/09/2018 07:00;5.69;2.42;256.57;0.03;858.72;24.11;21.13
12/09/2018 08:00;5.8;2.53;200.55;0.04;859;27.19;22.29
12/09/2018 09:00;6.35;2.6;283.21;0.02;859.26;27.52;21.59
12/09/2018 10:00;7.12;2.28;158.94;0.13;859.74;23.68;17.35
12/09/2018 11:00;8.18;2.6;317.89;0.23;860.11;27.21;18.52
12/09/2018 12:00;7.97;2.76;316.08;0.39;860.03;28.64;19.96
12/09/2018 13:00;7.92;2.91;316.36;0.3;859.62;18.11;13.41
12/09/2018 14:00;8.1;2.93;312.84;0.35;859.31;20.83;13.88
12/09/2018 15:00;8.12;3.09;327.28;0.27;859.33;21.17;14.76
12/09/2018 16:00;8.54;2.66;317.55;0.55;859.39;19.25;13.16
12/09/2018 17:00;8.29;1.6;336.2;0.26;859.59;23.34;14.87
12/09/2018 18:00;7.95;0.58;78.74;0.2;859.84;11;7.16
12/09/2018 19:00;7.91;1.45;343.19;0.28;860.25;15.43;10.6
12/09/2018 20:00;5.16;1.81;9.3;0.21;861.04;5.19;4.79
12/09/2018 21:00;4.21;2.15;338.41;0.34;861.63;4.2;4.13
12/09/2018 22:00;3.79;2.21;96.13;0.2;861.74;3.29;3.26
12/09/2018 23:00;4.29;2.24;164.93;0.09;861.53;4.56;4.49
12/10/2018 00:00;4.35;2.08;162.1;0.02;861.57;6.28;6.18
12/10/2018 01:00;3.87;2.01;307.58;0.02;861.42;7.17;7.01
12/10/2018 02:00;2.98;1.3;191.8;0.04;861.29;8.65;8.48
12/10/2018 03:00;2.53;0.79;194.91;0.02;861.28;8.84;8.77
12/10/2018 04:00;2.14;0.5;183.56;0.02;861.04;14.44;14.36
12/10/2018 05:00;2.41;0.31;188.95;0.01;860.77;8.61;8.53
12/10/2018 06:00;2.46;0.28;192.43;0.02;860.57;11.56;11.24
12/10/2018 07:00;1.99;0.14;188.7;0.03;860.75;15.88;14.32
12/10/2018 08:00;2.36;0.53;120.83;0.02;860.85;21.34;20.15
12/10/2018 09:00;3.68;0.99;93.5;0.09;861.39;23.56;20.6
12/10/2018 10:00;4.44;1.08;315.66;0.34;862;29.22;21.37
12/10/2018 11:00;4.74;0.89;307.81;0.48;862.03;29.84;22.03
12/10/2018 12:00;5.81;1;311.83;0.54;861.49;33.43;20.87
12/10/2018 13:00;6.96;1.18;316.05;0.57;860.79;34.41;21.52
12/10/2018 14:00;8.43;0.73;305.1;0.42;859.94;39.5;20.41
12/10/2018 15:00;7.97;0.42;294.42;0.63;859.94;25.82;15.28
12/10/2018 16:00;7.5;-0.32;301.63;0.56;859.94;19.49;12.07
12/10/2018 17:00;7.29;-0.54;300.97;0.58;860.08;17.31;11.21
12/10/2018 18:00;6.86;-0.54;306.73;0.48;860.3;18.27;11.56
12/10/2018 19:00;6.38;-0.62;307.75;0.42;860.64;20.79;13.53
12/10/2018 20:00;5.73;-0.22;303.86;0.35;860.89;19.88;12.76
12/10/2018 21:00;5.07;0.11;343.33;0.24;861.05;24.67;17.21
12/10/2018 22:00;4.51;0.18;349.46;0.17;860.95;21.73;15.83
12/10/2018 23:00;4.23;-0.06;300.86;0.14;861.16;18.69;13.61
12/11/2018 00:00;3.55;-0.28;127.58;0.1;861.15;20.11;15.84
12/11/2018 01:00;2.61;-0.78;111.99;0.12;861.2;18.39;15.65
12/11/2018 02:00;2.17;-1.23;194.7;0.02;861.11;15.69;14.4
12/11/2018 03:00;1.75;-1.52;191.66;0.02;861.18;14.14;13.17
12/11/2018 04:00;1.57;-1.58;136.55;0.03;861.33;12.66;12.27
12/11/2018 05:00;1.34;-1.68;172.05;0.01;861.2;12.91;12.67
12/11/2018 06:00;1.25;-1.55;-9999;0;861.6;13.58;13.16
12/11/2018 07:00;1.18;-1.52;168.76;0.01;861.82;19.5;17.13
12/11/2018 08:00;1.54;-1.43;161.41;0.03;861.83;26.66;21.89
12/11/2018 09:00;3.05;-0.81;176.84;0.03;861.9;31.82;25.33
12/11/2018 10:00;4.33;-0.77;106.84;0.21;862.17;35.57;27.34
12/11/2018 11:00;6.7;-0.61;117.18;0.08;862.07;34.53;24.23
12/11/2018 12:00;7.29;-0.71;355.51;0.2;861.54;35.32;22.42
12/11/2018 13:00;7.68;-0.69;307.43;0.38;861.11;23.43;16.6
12/11/2018 14:00;8.02;0.09;317.86;0.46;860.67;27.07;20.34
12/11/2018 15:00;8.45;1.17;341.98;0.46;860.23;28.8;20.15
12/11/2018 16:00;8.54;1.56;339.3;0.33;860.06;21.92;15.59
12/11/2018 17:00;8.58;1.46;322.92;0.25;859.92;18.29;13.04
12/11/2018 18:00;8.35;1.31;49.05;0.12;859.66;26.04;16.06
12/11/2018 19:00;7.23;1.59;112.99;0.17;859.75;40.23;25.08
12/11/2018 20:00;6.77;1.46;123.66;0.11;859.82;36.68;25.07
12/11/2018 21:00;6.67;1.21;60.66;0.15;859.78;37.39;24.19
12/11/2018 22:00;6.27;1;330.31;0.38;860.05;20.68;13.7
12/11/2018 23:00;5.97;0.29;353.18;0.39;860.07;15.21;10.65
12/12/2018 00:00;5.38;0.17;341.18;0.05;860.19;17.94;13.05
12/12/2018 01:00;4.06;-0.12;140.53;0.05;860.1;17.93;14.86
12/12/2018 02:00;3.48;-0.35;133.73;0.05;860.16;16.16;14.42
12/12/2018 03:00;3.3;-0.74;196.76;0.02;860.56;16.11;14.79
12/12/2018 04:00;3.52;-1.51;233.69;0.06;860.65;15.86;14.68
12/12/2018 05:00;3.46;-2.25;190.84;0.07;860.48;15.28;14.23
12/12/2018 06:00;3.56;-1.74;175.01;0.12;860.5;18.9;17.22
12/12/2018 07:00;3.33;-1.94;174.14;0.16;860.56;20.78;16.19
12/12/2018 08:00;3.51;-2.13;186.82;0.19;860.49;23.25;16.63
12/12/2018 09:00;4.17;-2.2;188.12;0.17;860.61;25.31;15.32
12/12/2018 10:00;5.39;-2.27;181.08;0.14;860.71;20.58;12.24
12/12/2018 11:00;7.79;-2.21;186.14;0.16;860.36;24.62;12.73
12/12/2018 12:00;9.48;-2.06;170.56;0.11;859.43;24.35;11.78
12/12/2018 13:00;10.95;-1.81;316.12;0.32;858.62;32.13;14.44
12/12/2018 14:00;11.92;-0.82;320.77;0.38;858;38.49;19.58
12/12/2018 15:00;13.28;-1.11;75.69;0.33;857.84;65.52;16.99
12/12/2018 16:00;12.59;-2.21;98.5;0.91;858.03;64.42;14.35
12/12/2018 17:00;11.85;-2.5;81.45;0.3;858.06;29.16;9.57
12/12/2018 18:00;11.01;-2.76;106.51;0.33;857.82;19.39;9.43
12/12/2018 19:00;10.3;-2.37;99.28;0.55;857.77;20.92;10.43
12/12/2018 20:00;9.51;-2.9;46.35;0.15;857.55;17.99;9.19
12/12/2018 21:00;9.78;-4.56;28.25;0.27;857.24;31.7;10.07
12/12/2018 22:00;9.55;-5.68;0.79;0.25;856.81;38.65;9.22
12/12/2018 23:00;8.7;-5.5;338.28;0.11;856.77;30.34;8.66
12/13/2018 00:00;8.2;-6.34;338.7;0.14;856.96;28.06;7.66
12/13/2018 01:00;8.21;-7.88;9.42;0.12;856.82;18.47;5.36
12/13/2018 02:00;7.76;-7.82;324.28;0.14;856.3;13.39;3.66
12/13/2018 03:00;8.19;-6.91;16.44;0.3;856.19;30.61;5.51
12/13/2018 04:00;7.82;-5.51;358.12;0.16;855.96;13.82;5.66
12/13/2018 05:00;7.14;-3.39;359.76;0.37;856.08;26.88;9.8
12/13/2018 06:00;7.6;-2.46;318.23;0.45;855.87;23.9;11.01
12/13/2018 07:00;8.19;-2.04;316.99;0.31;856.33;20.08;8.73
12/13/2018 08:00;8.25;-1.22;352.57;0.27;856.74;25.09;10.72
12/13/2018 09:00;9.29;-0.8;86.02;0.25;857.05;22.31;11.23
12/13/2018 10:00;10.36;-0.28;99.5;0.89;857.28;55.76;14.45
12/13/2018 11:00;11.74;0.03;100.07;1.66;857.34;89.92;15.61
12/13/2018 12:00;11.6;0.16;100.62;1.75;857.08;50.08;15.52
12/13/2018 13:00;11.4;0.19;101.35;1.69;856.75;43.03;13.96
12/13/2018 14:00;11.73;0.2;99.86;2.01;856.45;93.01;15.62
12/13/2018 15:00;11.43;1.16;101.34;1.31;856.71;38.85;7.74
12/13/2018 16:00;11.18;1.19;100.94;1.17;857.43;29.89;8.1
12/13/2018 17:00;10.08;2.53;96.62;0.72;858.21;8.36;5.61
12/13/2018 18:00;9.89;1.85;89.7;0.55;858.74;4.86;3.45
12/13/2018 19:00;9.4;1.43;75.98;0.18;859.44;18.79;7.03
12/13/2018 20:00;8.9;0.39;101.25;1.15;859.92;9.29;3.89
12/13/2018 21:00;8.55;-0.12;95.6;0.57;860.37;8.79;3.43
12/13/2018 22:00;8.1;-0.33;49.19;0.2;861.04;11.44;4.22
12/13/2018 23:00;6.27;-0.17;336.03;0.41;861.6;14.39;6.07
12/14/2018 00:00;5.28;-1.02;314.34;0.41;862.22;11.67;5.52
12/14/2018 01:00;4.73;-1.28;300.65;0.37;862.46;12.28;7.21
12/14/2018 02:00;4.31;-1.73;282.02;0.42;863.12;7.82;6.19
12/14/2018 03:00;4.01;-1.64;314.53;0.22;863.65;9.33;7.38
12/14/2018 04:00;3.15;-2.79;274.6;0.46;863.85;6.16;5.63
12/14/2018 05:00;2.56;-3.14;293.54;0.33;864.13;6.57;5.97
12/14/2018 06:00;2.18;-3.51;293.86;0.19;864.6;6.79;6.19
12/14/2018 07:00;1.68;-3.15;99.15;0.18;865;9.15;8.17
12/14/2018 08:00;1.58;-3.23;132.07;0.08;865.24;13.72;10.73
12/14/2018 09:00;2.64;-3.01;246.39;0.01;865.52;26.01;14.96
12/14/2018 10:00;3.7;-3.41;306.6;0.01;865.66;24.81;13.58
12/14/2018 11:00;4.96;-4.75;100.58;0.11;865.42;18.08;10.07
12/14/2018 12:00;6.68;-5.88;107.31;0.31;864.85;11.1;6.98
12/14/2018 13:00;7.74;-6.37;309.45;0.29;863.95;15.3;8.28
12/14/2018 14:00;8.06;-5.29;306.49;0.42;863.48;22.68;12.72
12/14/2018 15:00;7.49;-4.67;304.87;0.54;863.29;20.83;12.93
12/14/2018 16:00;6.81;-2.77;305.64;0.48;863.31;17.88;13.54
12/14/2018 17:00;6.68;-1.78;290.61;0.57;863.82;17.05;11.25
12/14/2018 18:00;6.41;-1.71;302.49;0.3;864.06;17.38;10.55
12/14/2018 19:00;6.2;-1.78;299.35;0.43;864.28;13.09;8.42
12/14/2018 20:00;5.64;-2.62;308.26;0.29;864.88;14.1;8.89
12/14/2018 21:00;5.12;-3.43;88.01;0.22;865.38;16.4;11.26
12/14/2018 22:00;4.7;-3.46;347.7;0.14;865.58;17.9;12.75
12/14/2018 23:00;4.31;-3.9;310.8;0.3;865.91;22.75;16.34
12/15/2018 00:00;3.58;-4.06;337.25;0.05;866.15;19.59;13.42
12/15/2018 01:00;2.89;-3.95;104.17;0.04;866.23;16.51;12.88
12/15/2018 02:00;1.87;-4.35;178.4;0.02;866.19;11.96;10.73
12/15/2018 03:00;1.54;-4.66;162.76;0.04;866.34;10.48;9.75
12/15/2018 04:00;1.59;-4.37;176.19;0.01;866.3;11.61;11.09
12/15/2018 05:00;1.83;-4.33;199.32;0.02;866.18;12.4;11.87
12/15/2018 06:00;1.42;-4.68;180.27;0.05;866.43;10.55;9.85
12/15/2018 07:00;1.43;-4.86;188.2;0.02;866.97;15.8;11.58
12/15/2018 08:00;1.9;-5.21;213.95;0.02;867.34;28.71;14.19
12/15/2018 09:00;2.56;-5.02;162.81;0.05;867.66;30.33;14.75
12/15/2018 10:00;3.73;-4.97;182;0.07;868;28.93;18
12/15/2018 11:00;5.77;-4.78;56.27;0.09;868.34;23.65;17.04
12/15/2018 12:00;6.51;-4.76;322.24;0.36;868.08;28.36;19.29
12/15/2018 13:00;6.85;-4.79;311.23;0.43;867.54;25.4;17.75
12/15/2018 14:00;7.88;-4.57;309.33;0.18;867.1;29.28;19.01
12/15/2018 15:00;8.27;-3.89;308.62;0.32;866.8;32.74;20.87
12/15/2018 16:00;7.6;-3.61;308.75;0.24;866.92;31.52;19.88
12/15/2018 17:00;7.38;-3.53;328.14;0.27;867.2;30.07;19.29
12/15/2018 18:00;7.07;-3.41;325.6;0.27;867.44;31.22;20.12
12/15/2018 19:00;5.81;-2.67;103.42;0.48;867.53;43.87;26.12
12/15/2018 20:00;5.25;-2.57;99.68;0.29;867.51;33.94;24.89
12/15/2018 21:00;4.73;-2.86;117.01;0.2;867.81;33.33;22.96
12/15/2018 22:00;4.31;-2.91;126.29;0.07;867.76;36.23;24.78
12/15/2018 23:00;3.79;-3.11;102.15;0.05;867.49;26.75;18.33
12/16/2018 00:00;3.18;-3.22;189.67;0.01;867.3;23.28;15.67
12/16/2018 01:00;2.8;-3.38;180.98;0.07;866.93;17.94;13.68
12/16/2018 02:00;2.39;-3.52;180.91;0.06;866.87;13.61;11.38
12/16/2018 03:00;2.65;-3.61;220.22;0.03;867.09;10.32;8.79
12/16/2018 04:00;2.56;-3.79;205.7;0.01;867.08;9.43;8.67
12/16/2018 05:00;2.36;-3.9;199.69;0.03;866.72;10.88;10.44
12/16/2018 06:00;2.07;-4;192.2;0.04;866.48;12.23;11.33
12/16/2018 07:00;1.7;-4.14;196.83;0.04;866.68;15.61;11.43
12/16/2018 08:00;1.9;-4;200;0.02;866.99;30.05;17.18
12/16/2018 09:00;3;-3.84;105.39;0.08;867.38;28.65;16.04
12/16/2018 10:00;4.17;-3.84;18.31;0.05;867.55;34.28;20.24
12/16/2018 11:00;6.5;-3.4;316.84;0.09;867.6;45.29;28.48
12/16/2018 12:00;7.49;-2.91;302.49;0.4;867.41;45.14;30.17
12/16/2018 13:00;7.95;-2.73;303.28;0.46;866.82;35.27;24.95
12/16/2018 14:00;7.95;-2.23;312;0.43;866.44;34.3;24.1
12/16/2018 15:00;7.76;-2.38;320.46;0.26;865.98;31.27;21.22
12/16/2018 16:00;7.69;-2.33;307.14;0.18;865.73;30.96;21.62
12/16/2018 17:00;7.78;-2.29;341.55;0.12;865.82;34.12;22.43
12/16/2018 18:00;7.44;-1.94;294.75;0.15;866.01;37.24;24.74
12/16/2018 19:00;6.92;-1.41;107.25;0.33;866.34;56.46;33.04
12/16/2018 20:00;6.32;-1.23;97.45;0.19;866.3;49.27;33.83
12/16/2018 21:00;6.48;-0.97;103.31;0.06;865.99;56.45;39.12
12/16/2018 22:00;6.39;-1.23;159.98;0.03;865.87;53.83;37.49
12/16/2018 23:00;6.37;-1.56;185.25;0.02;865.77;42.88;30.16
12/17/2018 00:00;6.07;-1.81;185.51;0.01;865.7;33.55;25.12
12/17/2018 01:00;5.95;-1.94;274.57;0.02;865.38;29.46;23.94
12/17/2018 02:00;5.66;-2.19;196.2;0.06;864.99;25.94;21.83
12/17/2018 03:00;5.55;-2.24;196.9;0.12;864.88;23.04;20.5
12/17/2018 04:00;5.38;-2.3;242.78;0.03;864.45;20.85;19.1
12/17/2018 05:00;5.32;-2.31;220.85;0.06;863.73;19.52;18.22
12/17/2018 06:00;5.12;-2.4;246.33;0.08;863.73;20.28;18.66
12/17/2018 07:00;5.2;-2.52;189.42;0.06;863.83;20.07;15.14
12/17/2018 08:00;5.47;-2.52;197.16;0.03;863.89;23.98;14.66
12/17/2018 09:00;5.93;-2.48;190.57;0.04;863.56;33.82;18.79
12/17/2018 10:00;5.99;-2.58;162.17;0.07;863.47;29.48;18.94
12/17/2018 11:00;6.27;-2.63;163.71;0.22;863.5;25.96;17.13
12/17/2018 12:00;7.08;-2.47;192.64;0.04;862.52;29.24;17.5
12/17/2018 13:00;7.29;-2.05;34.28;0.06;861.96;54.84;29.64
12/17/2018 14:00;5.38;0.64;308.49;0.33;861.98;36.7;28.87
12/17/2018 15:00;3.8;1.02;344.71;0.32;862.2;27.15;25.38
12/17/2018 16:00;3.65;1.49;293.46;0.26;861.31;26.21;25.13
12/17/2018 17:00;3.82;1.65;351.21;0.4;861.87;22.94;22.19
12/17/2018 18:00;3.45;1.77;8.2;0.45;861.81;17.84;17.51
12/17/2018 19:00;3.6;1.77;339.58;0.16;861.45;15.49;15.32
12/17/2018 20:00;3.72;1.73;116.94;0.04;861.68;15.61;15.52
12/17/2018 21:00;3.69;1.48;173.21;0.04;861.99;11.06;10.99
12/17/2018 22:00;3.65;1.43;321.25;0.19;861.82;16.32;16.07
12/17/2018 23:00;3.3;1.72;284.22;0.29;861.99;19.67;19.23
12/18/2018 00:00;3.25;1.75;286.37;0.27;861.89;19.22;18.95
12/18/2018 01:00;2.92;1.42;196.06;0.13;860.71;8.75;8.66
12/18/2018 02:00;2.88;1.06;173.81;0.26;860.34;7.36;7.28
12/18/2018 03:00;2.79;1.02;291.35;0.39;860.24;16.06;15.93
12/18/2018 04:00;2.51;1.15;302.72;0.52;860.34;15.95;15.84
12/18/2018 05:00;1.78;0.66;303.01;0.42;860.46;12.67;12.62
12/18/2018 06:00;1.74;0.71;289.92;0.16;860.56;16.43;16.38
12/18/2018 07:00;2.27;1.19;101.01;0.05;861.02;12.86;12.81
12/18/2018 08:00;2.13;1.03;326.59;0.26;861.73;17.85;17.76
12/18/2018 09:00;1.81;0.77;328.5;0.27;862.24;19.33;19.18
12/18/2018 10:00;1.58;0.6;334.28;0.14;862.71;19.83;19.72
12/18/2018 11:00;2.15;1.17;305.48;0.23;862.97;19.65;19.38
12/18/2018 12:00;2.65;1.64;310.43;0.26;862.88;19.14;18.75
12/18/2018 13:00;2.56;1.6;334.9;0.41;862.71;14.1;13.92
12/18/2018 14:00;2.57;1.69;313.29;0.38;862.58;10.34;10.16
12/18/2018 15:00;2.69;1.87;323.13;0.33;862.7;10.78;10.69
12/18/2018 16:00;2.99;2.07;317.21;0.33;863;12;11.84
12/18/2018 17:00;3.26;2.27;311.62;0.26;863.39;12.4;12.08
12/18/2018 18:00;3.59;2.56;80.83;0.16;863.73;13.42;13.28
12/18/2018 19:00;3.85;2.42;322.62;0.22;864.09;17.32;16.95
12/18/2018 20:00;3.87;2.16;346.32;0.25;864.55;19.66;17.87
12/18/2018 21:00;3.84;1.95;348.48;0.36;864.81;21.79;17.61
12/18/2018 22:00;3.93;1.73;343.93;0.22;865.04;24.89;19.04
12/18/2018 23:00;4.06;1.72;316.25;0.17;865.38;25.18;19.96
12/19/2018 00:00;4.17;1.66;314.47;0.17;865.67;27.17;21.75
12/19/2018 01:00;4.18;1.49;322.72;0.29;865.62;23.39;20.16
12/19/2018 02:00;3.98;1.52;354.16;0.39;865.65;21.41;20.27
12/19/2018 03:00;3.74;1.75;313.79;0.34;865.84;27.01;25.77
12/19/2018 04:00;3.39;2.1;312.07;0.31;865.81;21.79;21.38
12/19/2018 05:00;3.39;2.14;304.98;0.33;865.81;20.88;20.04
12/19/2018 06:00;3.49;2.2;323.08;0.23;866.1;20.56;19.04
12/19/2018 07:00;3.55;1.94;13.05;0.4;866.31;21.45;19.3
12/19/2018 08:00;3.83;1.71;336.96;0.21;866.56;33.21;24.61
12/19/2018 09:00;4.1;1.25;325.3;0.22;867.01;25.28;19.74
12/19/2018 10:00;4.64;1.17;321.76;0.2;867.27;27.75;21.79
12/19/2018 11:00;5.01;1.17;292.46;0.31;867.29;31.29;24.4
12/19/2018 12:00;5.31;1.02;306.41;0.34;867.12;33.17;25.69
12/19/2018 13:00;5.31;0.99;300.36;0.3;866.73;31.46;23.82
12/19/2018 14:00;5.48;0.91;304.32;0.39;866.31;32.46;23.31
12/19/2018 15:00;6.2;0.85;329.28;0.23;865.89;33.01;22.38
12/19/2018 16:00;6.22;0.61;352.57;0.25;866.07;28.24;20.61
12/19/2018 17:00;5.85;0.47;7.83;0.21;866.09;26.99;19.39
12/19/2018 18:00;5.43;0.32;23.04;0.15;866.02;23.45;17.72
12/19/2018 19:00;5.18;0.52;96.47;0.11;866.03;29.12;22.97
12/19/2018 20:00;5.14;0.41;141.54;0.06;865.96;27.1;21.95
12/19/2018 21:00;4.71;0.41;123.85;0.06;865.92;28.32;24.11
12/19/2018 22:00;3.65;0.33;116.39;0.03;865.6;39.95;32.39
12/19/2018 23:00;3.97;0.32;193.22;0.07;865.18;34.9;26.44
12/20/2018 00:00;3.81;0.18;177.97;0.04;864.89;36.91;25.93
12/20/2018 01:00;3.6;-0.05;192.65;0.04;864.74;35.09;24.47
12/20/2018 02:00;2.41;-0.38;325.39;0.23;864.58;29.85;25.06
12/20/2018 03:00;1.91;-0.01;283.53;0.26;864.51;30.82;28.4
12/20/2018 04:00;1.98;0.33;334.71;0.07;864.24;28.6;27.58
12/20/2018 05:00;2.19;0.36;319.42;0.2;863.91;27.84;26.72
12/20/2018 06:00;2.41;0.38;351.15;0.19;863.5;27.95;26.54
12/20/2018 07:00;2.52;0.26;356.22;0.05;863.08;29.68;24.82
12/20/2018 08:00;2.74;-0.03;311.22;0.2;863.38;31.83;25.02
12/20/2018 09:00;2.76;0.42;340.51;0.14;863.97;33.22;27.19
12/20/2018 10:00;3.1;0.36;98.21;0.42;863.88;30.24;27.48
12/20/2018 11:00;3.79;0.67;129.4;0.13;863.52;30.55;26.33
12/20/2018 12:00;5.04;0.81;171.44;0.15;862.47;19.21;17.08
12/20/2018 13:00;6.09;0.68;304.12;0.08;861.33;30.68;18.45
12/20/2018 14:00;5.09;1.5;307.54;0.46;860.57;45.61;31.51
12/20/2018 15:00;4.82;1.49;329.14;0.25;859.71;46.44;34.24
12/20/2018 16:00;5.52;1.39;299.83;0.3;859.38;46.7;33.78
12/20/2018 17:00;4.52;1.76;304.04;0.53;859.33;34.83;28.82
12/20/2018 18:00;3.95;1.8;326.48;0.21;859.81;23.48;22.04
12/20/2018 19:00;2.82;1.35;96.91;0.3;859.87;19.97;19.74
12/20/2018 20:00;2.87;1.49;83.13;0.11;859.69;18.01;17.82
12/20/2018 21:00;3.07;1.76;303.72;0.36;859.8;19.95;19.74
12/20/2018 22:00;2.57;1.32;296.29;0.41;860.09;24.65;24.37
12/20/2018 23:00;2;0.92;300.22;0.55;860.35;19.47;19.37
12/21/2018 00:00;1.21;0.24;299.85;0.27;860.53;12.57;12.46
12/21/2018 01:00;0.71;-0.16;301.24;0.09;860.78;9.83;9.76
12/21/2018 02:00;0.67;-0.14;18.38;0.01;860.97;9.52;8.95
12/21/2018 03:00;0.83;0.05;28.24;0.03;861.34;7.84;7.78
12/21/2018 04:00;1.11;0.35;1.15;0.02;861.45;9.43;9.41
12/21/2018 05:00;1.45;0.65;26.3;0.24;861.31;9.47;9.46
12/21/2018 06:00;1.85;0.92;38.43;0;861.48;7.16;7.15
12/21/2018 07:00;2.13;0.96;108.71;0.02;861.88;7.45;7.43
12/21/2018 08:00;2.43;1.21;104.44;0.05;862.29;9.33;9.31
12/21/2018 09:00;2.58;1.17;326.14;0.13;862.84;9.44;9.37
12/21/2018 10:00;2.75;0.95;296.42;0.21;863.36;8.83;8.69
12/21/2018 11:00;3.03;0.77;342.06;0.25;863.58;7.83;7.56
12/21/2018 12:00;3.47;0.95;302.48;0.27;863.46;12.73;12.16
12/21/2018 13:00;3.53;1.23;307.17;0.36;863.02;21.47;20.54
12/21/2018 14:00;3.4;1.3;291.96;0.32;862.89;19.63;19.12
12/21/2018 15:00;3.53;1.17;290.65;0.35;862.8;13.39;13.13
12/21/2018 16:00;3.89;0.94;313.06;0.28;862.96;11.51;11.18
12/21/2018 17:00;3.95;0.78;320.3;0.19;863.19;12.3;11.95
12/21/2018 18:00;4;0.31;12;0.2;863.45;10.5;9.44
12/21/2018 19:00;3.61;-0.05;2.52;0.34;863.78;13.24;10.29
12/21/2018 20:00;3.2;-0.38;344.61;0.23;864.08;18.31;12.95
12/21/2018 21:00;3.05;-0.53;4.51;0.04;864.08;18.31;13.43
12/21/2018 22:00;2.23;-0.32;137.87;0.01;863.99;21.3;17.62
12/21/2018 23:00;1.78;-0.67;187.04;0.01;863.96;18.52;16.14
12/22/2018 00:00;1.42;-1.04;209.58;0.01;863.75;21.72;16.56
12/22/2018 01:00;1.32;-0.98;156.77;0.03;863.7;23.95;17.19
12/22/2018 02:00;0.7;-1.86;183.18;0.02;863.64;16.08;12
12/22/2018 03:00;0.64;-2.42;211.49;0.02;863.63;9.89;7.66
12/22/2018 04:00;0.99;-2.88;212.67;0.03;863.41;6.11;5.51
12/22/2018 05:00;0.54;-3.86;222.04;0.03;863.08;5.05;4.38
12/22/2018 06:00;0.44;-4.17;232.95;0.05;863.09;9.89;6.94
12/22/2018 07:00;1;-4.13;170.2;0.23;863.29;9.66;5.32
12/22/2018 08:00;1.52;-4.13;253.49;0.09;863.31;34.66;9.44
12/22/2018 09:00;2.36;-3;259.63;0.07;863.44;30.69;13.3
12/22/2018 10:00;2.44;-2.14;151.29;0.25;863.8;16.62;10.26
12/22/2018 11:00;4.58;-1.76;126.25;0.19;863.91;16.65;8.99
12/22/2018 12:00;5.7;-1.5;102.71;0.26;863.42;20.37;10.73
12/22/2018 13:00;5.51;-1.25;316.9;0.06;862.78;26.66;13.45
12/22/2018 14:00;5.07;-1.01;337.01;0.11;862.14;29.46;16.57
12/22/2018 15:00;5.51;-0.82;325.43;0.34;861.89;40.84;23.66
12/22/2018 16:00;5.68;-1.1;10.57;0.13;861.93;30.21;19.04
12/22/2018 17:00;5.48;-0.55;329.42;0.22;861.96;30.81;19.84
12/22/2018 18:00;4.98;-0.51;69.31;0.17;862.07;31.01;20.61
12/22/2018 19:00;4.73;-0.09;54.56;0.1;862.31;30.1;22.4
12/22/2018 20:00;3.86;-0.73;103.33;0.58;862.51;26.58;19.86
12/22/2018 21:00;3.11;-1.31;102.09;0.36;862.34;21.09;16.93
12/22/2018 22:00;2.78;-1.81;101.41;0.32;862.19;18.83;14.37
12/22/2018 23:00;2.2;-2.46;114.57;0.1;862.2;17.47;12.9
12/23/2018 00:00;2.07;-2.51;139.13;0.02;862.13;23.75;15.61
12/23/2018 01:00;2.16;-2.41;99.87;0.07;862.08;17.28;14.67
12/23/2018 02:00;1.91;-2.34;114.3;0.01;862;22.86;19.6
12/23/2018 03:00;1.67;-2.61;123.42;0.02;862.18;17.09;16.01
12/23/2018 04:00;1.7;-2.41;176.46;0.03;862.24;17.11;15.77
12/23/2018 05:00;0.82;-2.97;154.13;0.02;861.82;14.42;13.83
12/23/2018 06:00;0.4;-2.81;189.13;0.02;861.82;16.51;15.79
12/23/2018 07:00;0.82;-3.25;181.68;0.01;861.91;18.54;14.61
12/23/2018 08:00;1.71;-3.09;159.48;0.01;862.09;33.82;20.44
12/23/2018 09:00;1.89;-2.83;114.11;0.08;862.65;32.63;20.67
12/23/2018 10:00;2.98;-2.48;105.02;0.19;863.03;30.27;21.38
12/23/2018 11:00;3.91;-1.71;324.44;0.13;863.21;33.44;23.49
12/23/2018 12:00;4.54;-1.59;301.32;0.51;862.96;35.05;23.73
12/23/2018 13:00;4.74;-1.38;306.41;0.47;862.23;31.37;23.04
12/23/2018 14:00;5.09;-0.98;325.24;0.44;861.82;37.71;27.49
12/23/2018 15:00;5.62;-0.59;304.19;0.48;861.55;40.2;27.8
12/23/2018 16:00;5.03;-0.25;328.46;0.46;861.72;32.22;23.94
12/23/2018 17:00;4.7;-0.26;324.88;0.33;861.63;29.33;21.49
12/23/2018 18:00;4.52;-0.23;327.53;0.25;861.66;27.25;20.49
12/23/2018 19:00;4.68;-0.26;314.35;0.21;861.65;28.63;22.34
12/23/2018 20:00;4.46;-0.38;2.48;0.28;861.68;26.82;20.99
12/23/2018 21:00;4.11;-0.39;342.83;0.14;861.63;26.64;20.89
12/23/2018 22:00;3.3;-0.36;106.95;0.11;861.23;28.76;25
12/23/2018 23:00;2.4;-0.96;107.73;0.15;861.1;26.73;23.53
12/24/2018 00:00;2.16;-1.99;172.49;0.07;861.07;25.96;21.82
12/24/2018 01:00;1.63;-2.92;195.95;0.04;860.74;24.34;20.79
12/24/2018 02:00;1.55;-3.77;154.5;0.07;860.55;18.09;14.79
12/24/2018 03:00;1.82;-4.3;210.83;0.04;860.65;14.83;13.02
12/24/2018 04:00;1.62;-3.97;187.19;0.01;860.46;14.42;13.06
12/24/2018 05:00;1.16;-2.78;132.86;0.02;860;18.73;18
12/24/2018 06:00;1.41;-2.86;193.27;0.01;859.83;17.62;16.38
12/24/2018 07:00;1.73;-3.1;171.86;0.03;860.01;23.02;18.13
12/24/2018 08:00;1.75;-2.31;145.74;0.01;859.74;32.71;24.44
12/24/2018 09:00;2.75;-2.3;140.98;0.02;859.53;31.89;22.51
12/24/2018 10:00;3.24;-2.3;144.63;0.03;859.29;40.15;28
12/24/2018 11:00;3.59;-2.05;267.63;0.07;858.93;34.66;26.08
12/24/2018 12:00;4.38;-2.01;333;0.3;858.33;29.43;21.93
12/24/2018 13:00;5.49;-1.94;305.27;0.16;857.57;34.03;24.05
12/24/2018 14:00;6.62;-1.95;316.04;0.25;856.86;38.32;24.92
12/24/2018 15:00;6.35;-1.6;324.7;0.34;856.52;36.13;23.8
12/24/2018 16:00;5.92;-1.85;27.14;0.04;856.64;30.93;22.93
12/24/2018 17:00;5.81;-1.28;153.92;0.28;856.71;32.21;23.18
12/24/2018 18:00;5.34;-1.33;158.27;0.31;856.62;30.63;23.47
12/24/2018 19:00;5.39;-1.45;152.98;0.13;856.7;32.11;25.03
12/24/2018 20:00;5.43;-1.54;108.68;0.21;856.9;34.85;26.48
12/24/2018 21:00;4.98;-1.13;308.69;0.53;857.35;27.32;18.52
12/24/2018 22:00;3.03;0.32;314.86;0.45;858.31;15.23;15.02
12/24/2018 23:00;2.33;0.1;304.84;0.53;859.15;13.18;13.04
12/25/2018 00:00;0.95;-0.37;300.04;0.55;860.17;9.75;9.48
12/25/2018 01:00;1.15;-0.13;304.86;0.35;860.87;6.29;6.12
12/25/2018 02:00;1.37;-0.22;308.26;0.29;861.44;4.59;4.5
12/25/2018 03:00;1.41;-0.73;332.06;0.46;862.06;5.88;5.8
12/25/2018 04:00;1.21;-1.21;337.1;0.49;862.39;5.68;5.62
12/25/2018 05:00;1.39;-1.17;319.41;0.24;861.92;8.62;8.59
12/25/2018 06:00;1.33;-1.18;315.13;0.23;861.8;11.63;11.6
12/25/2018 07:00;1.41;-1.19;39.79;0.12;862.54;13.38;13.29
12/25/2018 08:00;1.41;-0.99;103.06;0.32;863.02;16.97;16.88
12/25/2018 09:00;1.61;-1.34;320.33;0.18;863.72;16.4;16.04
12/25/2018 10:00;2.16;-1.15;305.73;0.28;863.83;17.76;17.19
12/25/2018 11:00;2.41;-1.13;347.05;0.45;863.83;16.47;14.4
12/25/2018 12:00;2.87;-1.07;325.19;0.38;863.7;23.45;15.27
12/25/2018 13:00;3.71;-1.05;326.66;0.32;863.07;36.56;20.12
12/25/2018 14:00;4.64;-1.12;322.51;0.19;862.21;49.33;26
12/25/2018 15:00;5;-0.83;303.01;0.52;862.15;49.77;28.02
12/25/2018 16:00;5;-0.27;297.96;0.51;861.98;32.12;20.7
12/25/2018 17:00;5.24;0.23;292.3;0.49;862.06;28.73;18.19
12/25/2018 18:00;4.83;0.08;302.14;0.47;862.38;24.71;16.55
12/25/2018 19:00;4.41;-0.67;339.8;0.22;862.55;33.54;21.65
12/25/2018 20:00;3.65;-1.03;87.92;0.26;862.57;25.76;19.92
12/25/2018 21:00;2.76;-1.09;93.5;0.12;862.59;20.78;18.11
12/25/2018 22:00;2.33;-1.35;137.82;0.02;862.41;23.31;19
12/25/2018 23:00;2.1;-1.68;110.15;0.1;862.34;23.94;20.06
12/26/2018 00:00;1.43;-2.19;115.98;0.03;862.12;22.91;18.83
12/26/2018 01:00;1.04;-2.45;33.63;0.02;862.01;21.97;17.66
12/26/2018 02:00;1.31;-2.67;82.05;0.04;862.36;17.52;15.89
12/26/2018 03:00;0.32;-3.23;102.11;0.16;862.56;22.98;21.66
12/26/2018 04:00;-0.24;-3.59;171.13;0.04;862.2;15.49;15.02
12/26/2018 05:00;-0.3;-3.49;192.45;0.01;861.84;14.76;14.49
12/26/2018 06:00;-0.42;-3.84;191.54;0.03;861.61;18.16;17.49
12/26/2018 07:00;-0.72;-4.09;178.3;0.04;861.44;21.79;19.56
12/26/2018 08:00;-0.01;-4.64;229.18;0.03;861.53;37.4;22.62
12/26/2018 09:00;0.7;-4.88;112.07;0.06;861.79;32.64;20.3
12/26/2018 10:00;2.26;-5;127.91;0.15;861.69;30.71;18.35
12/26/2018 11:00;4.02;-5.04;143.92;0.04;861.34;27.37;15.98
12/26/2018 12:00;4.6;-5.62;322.3;0.24;860.84;33.13;17.63
12/26/2018 13:00;5.56;-6.86;318.98;0.46;859.88;35.86;14.75
12/26/2018 14:00;6.24;-6.33;316.2;0.52;859.31;42.41;16.63
12/26/2018 15:00;6.49;-5.54;327.01;0.44;859.2;35.6;16.77
12/26/2018 16:00;5.9;-5.19;294.06;0.25;859.14;31.22;16.29
12/26/2018 17:00;5.94;-4.71;343.29;0.18;858.93;25.99;13.93
12/26/2018 18:00;5.9;-4.08;77.41;0.15;858.84;38.88;20.02
12/26/2018 19:00;4.56;-3.68;98.02;0.34;858.94;45.22;23.62
12/26/2018 20:00;4.5;-3.74;119.63;0.2;858.78;43.32;22.96
12/26/2018 21:00;4.34;-4;151.96;0.05;858.77;47.14;26.16
12/26/2018 22:00;4.13;-3.75;139.33;0.06;858.56;48.01;26.1
12/26/2018 23:00;4.02;-3.89;202.68;0.01;858.24;48.05;23.04
12/27/2018 00:00;3.95;-3.82;301.18;0.06;857.66;36.81;19.37
12/27/2018 01:00;4.26;-3.59;43.61;0.13;857.37;32.62;16.76
12/27/2018 02:00;4.79;-2.76;75.01;0.08;857.3;25.04;14.6
12/27/2018 03:00;4.2;-2.43;90.65;0.14;857.26;22.94;14.32
12/27/2018 04:00;2.97;-2.24;126.62;0.09;856.96;19.01;14.59
12/27/2018 05:00;3.19;-1.55;275.44;0.01;856.59;18.18;13.7
12/27/2018 06:00;5.35;-0.43;43.88;0.08;856.43;16.28;12.33
12/27/2018 07:00;5.74;0.08;111.77;0.11;856.52;24.8;14.56
12/27/2018 08:00;6.22;0.44;349.49;0.05;856.72;46.67;20.14
12/27/2018 09:00;7.18;0.9;62.86;0.03;856.9;37.91;17.88
12/27/2018 10:00;8.66;1.68;320.76;0.25;856.87;42.49;17.51
12/27/2018 11:00;10.24;2.13;357.61;0.08;856.53;42.06;13.75
12/27/2018 12:00;10.74;2.02;310.51;0.46;855.63;41.83;15.52
12/27/2018 13:00;10.36;2.16;323.62;0.27;854.62;44.66;16.92
12/27/2018 14:00;10.56;3.24;337.41;0.39;853.7;27.95;14.74
12/27/2018 15:00;9.48;3.78;359.98;0.59;853.41;34.36;18.69
12/27/2018 16:00;10.38;2.27;12.45;0.22;853.15;31.1;13.45
12/27/2018 17:00;9.99;1.79;332.49;0.33;852.5;28.28;12.46
12/27/2018 18:00;9.3;2.27;39.53;0.1;852.35;22.5;13.11
12/27/2018 19:00;9.05;2.33;71.48;0.2;852.38;20.24;12.37
12/27/2018 20:00;8.39;2.36;340.13;0.35;852.36;20.47;11.52
12/27/2018 21:00;8.36;1.14;47.91;0.13;852.39;15.62;7.16
12/27/2018 22:00;8.88;0.45;99.57;0.89;852.47;6.72;3.66
12/27/2018 23:00;8.65;0.21;100.41;0.89;851.89;6.73;4.65
12/28/2018 00:00;8.45;0.48;101.87;1.1;851.3;9.62;5.99
12/28/2018 01:00;7.83;1.61;45.83;0.2;850.97;5.89;4.79
12/28/2018 02:00;6.91;2.27;298.69;0.36;850.89;6.43;6.15
12/28/2018 03:00;5.92;2.5;313.33;0.16;850.92;5.88;5.56
12/28/2018 04:00;5.72;1.98;314.82;0.1;850.54;5.23;5.07
12/28/2018 05:00;5.27;1.72;313.75;0.24;850.53;7.3;6.6
12/28/2018 06:00;4.82;1.61;305.62;0.31;850.72;7.16;6.43
12/28/2018 07:00;4.97;1.43;298.82;0.1;851.08;7.5;7.1
12/28/2018 08:00;4.28;1.14;135.1;0.02;851.68;11.14;10.37
12/28/2018 09:00;5.42;1.24;329.91;0.07;851.98;16.23;13.22
12/28/2018 10:00;6.34;1.63;16.52;0.11;852.04;21.89;16.33
12/28/2018 11:00;7.06;1.33;118.65;0.13;851.75;28.74;16.05
12/28/2018 12:00;7.31;1.09;301.01;0.16;851.04;29.64;16.91
12/28/2018 13:00;7.23;1.14;163.45;0.3;850.64;15.04;8.4
12/28/2018 14:00;7.44;0.68;172.03;0.33;849.99;13.04;6.28
12/28/2018 15:00;7.88;-0.21;144.05;0.21;849.92;16.47;7.71
12/28/2018 16:00;7.81;-3.13;98.26;0.72;850.31;14.89;4.56
12/28/2018 17:00;6.06;-2.27;70.73;0.36;851.25;13.08;6.27
12/28/2018 18:00;3.99;-0.74;318.75;0.43;852.16;7.41;4.82
12/28/2018 19:00;0.55;-1.78;316.86;0.86;853.22;38.03;25.72
12/28/2018 20:00;-0.34;-2.21;312.7;0.6;854.4;14.16;9.87
12/28/2018 21:00;-0.74;-2.3;298.82;0.31;855.37;9.19;6.61
12/28/2018 22:00;-0.8;-2.19;57.27;0.05;856.18;4.26;3.27
12/28/2018 23:00;-0.94;-2.64;205.64;0.02;856.62;1.76;1.6
12/29/2018 00:00;-0.74;-3.41;174.35;0.04;856.89;1.26;1.16
12/29/2018 01:00;-0.5;-3.92;228.06;0.02;857.04;0.98;0.9
12/29/2018 02:00;-0.66;-4.08;195.88;0.03;857.22;0.71;0.68
12/29/2018 03:00;-0.65;-4.99;196.15;0.09;857.68;0.52;0.47
12/29/2018 04:00;-0.2;-5.04;168.69;0.07;857.91;0.55;0.49
12/29/2018 05:00;-0.56;-4.68;305.82;0.11;857.99;1.83;1.41
12/29/2018 06:00;-1.7;-4.01;341.14;0.29;858.27;17.7;12.21
12/29/2018 07:00;-2.11;-3.94;310.88;0.17;858.9;5.69;4.37
12/29/2018 08:00;-1.49;-3.47;100.89;0.04;859.5;3.09;2.98
12/29/2018 09:00;-0.91;-3.53;104.16;0.08;860.13;6.19;5.49
12/29/2018 10:00;-0.42;-3.76;23;0.04;860.54;5.72;5.22
12/29/2018 11:00;-0.38;-3.69;313.83;0.16;860.81;5.79;5.2
12/29/2018 12:00;-0.12;-3.74;314.58;0.21;860.5;11.78;10.97
12/29/2018 13:00;0.16;-3.38;323.72;0.29;860.07;15.67;14.13
12/29/2018 14:00;0.34;-3.89;340.04;0.38;859.93;7.58;6.82
12/29/2018 15:00;0.59;-3.5;341.22;0.24;860.24;14.49;12.25
12/29/2018 16:00;0.73;-3.18;348.55;0.35;860.55;20.41;15.25
12/29/2018 17:00;0.64;-3.41;326.36;0.2;860.91;21.69;14.94
12/29/2018 18:00;0.63;-3.38;90.49;0.17;861.21;22.94;19.79
12/29/2018 19:00;0.82;-3.5;99.08;0.32;861.6;18.77;16.99
12/29/2018 20:00;1.17;-3.36;68.63;0.11;861.68;21.78;16.68
12/29/2018 21:00;1.04;-3.25;311.21;0.21;861.68;30.26;19.82
12/29/2018 22:00;0.8;-3.33;98.11;0.31;861.79;21.17;16.59
12/29/2018 23:00;0.81;-3.29;97.58;0.21;861.85;19.07;16.19
12/30/2018 00:00;0.67;-3.92;286.25;0.27;861.91;20.86;15.39
12/30/2018 01:00;0.37;-3.59;286.55;0.15;861.85;17.84;15.89
12/30/2018 02:00;0.65;-3.25;128.87;0.07;861.66;17.39;16.46
12/30/2018 03:00;0.7;-3.59;90.16;0.06;861.56;17.04;16.22
12/30/2018 04:00;-0.3;-5.57;83.26;0.15;861.38;14.25;13.13
12/30/2018 05:00;-0.69;-6.83;195.85;0.04;860.9;12.92;11.42
12/30/2018 06:00;-1.03;-7.4;176.82;0.1;860.86;13.28;11.24
12/30/2018 07:00;-1.31;-7.66;183.96;0.08;861.16;29.76;14.72
12/30/2018 08:00;-1.15;-7.53;207.8;0.05;861.45;53.78;19.77
12/30/2018 09:00;-0.73;-7.23;167.84;0.04;861.79;44.32;19.13
12/30/2018 10:00;-0.08;-6.64;207.25;0.03;862;44.98;26.55
12/30/2018 11:00;1.56;-5.53;31.6;0.12;862.05;37.39;22.58
12/30/2018 12:00;2.22;-4.79;309.02;0.44;861.76;48.09;25.86
12/30/2018 13:00;2.81;-4.91;334.25;0.21;861.07;43.83;23.41
12/30/2018 14:00;3.71;-5.38;75.5;0.27;860.33;32.26;18.05
12/30/2018 15:00;4.41;-6.22;101.99;0.43;860.47;30.25;16.02
12/30/2018 16:00;3.68;-6.58;82.48;0.39;860.76;24.97;14.66
12/30/2018 17:00;3.41;-6;4.87;0.14;861.04;33.52;17.92
12/30/2018 18:00;3.09;-4.85;313.87;0.33;861.55;31.11;18.85
12/30/2018 19:00;2.3;-4.53;302.55;0.31;861.94;25.96;16.69
12/30/2018 20:00;1.03;-4.63;103.07;0.71;862.22;20.67;16.07
12/30/2018 21:00;0.59;-4.78;103.44;0.46;862.33;20.72;15.64
12/30/2018 22:00;0.85;-4.85;117.18;0.08;862.15;30.35;19.79
12/30/2018 23:00;0.54;-5.14;112.28;0.06;862.01;27.95;19.18
12/31/2018 00:00;0.23;-6.3;170.94;0.09;862.09;21.98;15.77
12/31/2018 01:00;0.02;-7.06;172.16;0.13;862.13;21.43;15.5
12/31/2018 02:00;-0.19;-7;186.29;0.07;861.91;18.47;15.45
12/31/2018 03:00;-0.34;-6.01;203.12;0.05;861.82;19.34;17.8
12/31/2018 04:00;-0.78;-5.6;169.2;0.12;861.73;19.65;19.12
12/31/2018 05:00;-1.2;-6.07;169.72;0.14;861.17;17.95;17.53
12/31/2018 06:00;-1.26;-6.32;156.24;0.17;861.19;18.19;17.19
12/31/2018 07:00;-1.2;-6.72;179.7;0.11;861.58;21.42;17.11
12/31/2018 08:00;-0.82;-6.88;191.99;0.1;862.01;37.76;20.46
12/31/2018 09:00;-0.16;-6.78;187.98;0.07;862.1;34.49;19.23
12/31/2018 10:00;1.26;-6.67;207.38;0.14;862.25;29.17;16.62
12/31/2018 11:00;2.12;-6.38;187.76;0.04;862.2;32.5;17.37
12/31/2018 12:00;3.58;-6.13;135.47;0.08;861.5;35.78;17.65
12/31/2018 13:00;4.68;-5.7;158.85;0.17;860.73;33.26;15.61
12/31/2018 14:00;5.12;-5.54;137.55;0.2;860.26;29.16;14.16
12/31/2018 15:00;5.01;-5.41;88.48;0.11;860.15;26.66;13.8
12/31/2018 16:00;5.53;-4.76;164.26;0.14;860.16;30.04;15.2
12/31/2018 17:00;4.79;-4.2;161.21;0.24;860.29;23.63;13.23
12/31/2018 18:00;4.68;-4.27;122.43;0.07;860.52;24.06;12.7
12/31/2018 19:00;4.68;-3.67;104.59;0.16;860.66;20.77;12.17
12/31/2018 20:00;4.48;-3.09;94.41;0.22;860.8;24.76;14.05
12/31/2018 21:00;4.84;-2.98;323.93;0.22;860.99;43.53;22.53
12/31/2018 22:00;4.56;-2.69;310.32;0.33;861.22;49.83;21.55
12/31/2018 23:00;4.31;-2.62;2.76;0.24;861.23;39.03;19.67
01/01/2019 00:00;4.38;-3.04;312.49;0.17;861.4;26.52;14
01/01/2019 01:00;3.94;-2.92;322.03;0.11;861.55;20.35;12.64
01/01/2019 02:00;3.37;-3.01;287.96;0.26;861.6;13.79;9.82
01/01/2019 03:00;2.9;-2.44;301.19;0.46;862.38;12.32;10.34
01/01/2019 04:00;2.62;-2.58;281.61;0.39;862.67;15.36;11.78
01/01/2019 05:00;2.24;-2.57;316.41;0.32;862.68;15.98;13.85
01/01/2019 06:00;1.98;-2.45;305.31;0.25;862.83;15.1;13.15
01/01/2019 07:00;1.91;-2.27;323.46;0.22;863.37;15.69;12.99
01/01/2019 08:00;1.92;-2.27;331.45;0.25;863.9;15.96;12.11
01/01/2019 09:00;1.85;-2.37;332.93;0.27;864.31;16.67;12.33
01/01/2019 10:00;1.89;-2.31;5.15;0.55;864.59;16.47;12.74
01/01/2019 11:00;3.5;-2.21;325.52;0.45;864.41;27.96;18.11
01/01/2019 12:00;4.97;-2.15;300.81;0.55;863.97;32.84;16.97
01/01/2019 13:00;6.36;-3.59;309.57;0.56;863.14;36.95;12.2
01/01/2019 14:00;7.38;-5.63;312.4;0.82;862.54;69.85;14.09
01/01/2019 15:00;7.45;-5.67;310.16;0.9;862.29;40.2;12.11
01/01/2019 16:00;6.77;-5.55;311.63;0.76;862.52;31.13;9.79
01/01/2019 17:00;6.34;-5.58;317.48;0.69;862.81;28.86;10.53
01/01/2019 18:00;5.38;-4.1;308.25;0.57;863.03;23.23;12.34
01/01/2019 19:00;4.62;-5.07;296.05;0.41;863.15;28.62;15.36
01/01/2019 20:00;4.12;-5.41;51.78;0.09;863.12;33.68;17.14
01/01/2019 21:00;3.5;-5.05;97.78;0.14;863.11;29.08;16.01
01/01/2019 22:00;2.3;-4.52;97.25;0.29;862.91;20.5;13.17
01/01/2019 23:00;1.9;-4.88;126.81;0.06;862.81;19.13;12.99
01/02/2019 00:00;2.18;-4.86;99.34;0.03;862.78;20.85;13.76
01/02/2019 01:00;1.66;-4.9;122.08;0.04;862.61;39.04;31.51
01/02/2019 02:00;0.8;-4.93;148.76;0.02;862.58;14.83;12.67
01/02/2019 03:00;0.41;-4.87;126.72;0.03;862.47;14.02;12.92
01/02/2019 04:00;-0.31;-4.99;189.24;0.03;862.27;14.32;13.59
01/02/2019 05:00;-0.58;-5.19;179.37;0.03;861.88;15.06;14.27
01/02/2019 06:00;-0.55;-5.38;220.67;0.02;861.74;15.62;14.01
01/02/2019 07:00;-0.11;-5.77;170.76;0.06;861.82;19.33;14.36
01/02/2019 08:00;0.05;-5.8;186.63;0.08;862.14;29.68;18.71
01/02/2019 09:00;0.39;-5.67;172.45;0.15;862.59;31.55;20.45
01/02/2019 10:00;1.4;-5.25;312.93;0.02;862.8;38.3;25.09
01/02/2019 11:00;3.49;-4.39;107.42;0.2;862.58;43.82;26.15
01/02/2019 12:00;4.9;-4.34;120.77;0.23;861.89;35.25;22.12
01/02/2019 13:00;5.47;-4.04;346.35;0.09;861.16;45.85;25.26
01/02/2019 14:00;5.88;-3.92;294.68;0.44;860.68;48.33;25.42
01/02/2019 15:00;5.95;-3.5;305.13;0.42;860.42;50.03;27.29
01/02/2019 16:00;5.33;-3.06;308.1;0.32;860.7;39.01;23.61
01/02/2019 17:00;4.78;-2.52;330.74;0.23;860.73;32.07;21.06
01/02/2019 18:00;4.47;-2.33;8.16;0.46;860.97;25.16;17.92
01/02/2019 19:00;3.73;-2.38;99.09;0.28;861.22;34.61;24.3
01/02/2019 20:00;2.61;-2.67;93.21;0.19;861.24;32.94;25.5
01/02/2019 21:00;2.75;-2.86;162.09;0.18;861.36;37.65;29.01
01/02/2019 22:00;2.71;-3.54;185.57;0.11;861.12;41.36;28.79
01/02/2019 23:00;2.17;-5.08;195.61;0.09;860.8;30.23;20.41
01/03/2019 00:00;1.84;-5.81;188.3;0.12;860.68;29.07;19.75
01/03/2019 01:00;1.6;-5.46;178.65;0.1;860.53;28.28;22.06
01/03/2019 02:00;1.42;-4.19;173.5;0.18;860.2;25.82;21.82
01/03/2019 03:00;1.04;-4.37;170.26;0.24;860.07;19.85;18.55
01/03/2019 04:00;0.77;-4.44;172.46;0.16;859.09;19.45;18.14
01/03/2019 05:00;0.44;-4.55;162.66;0.09;858.37;20.01;18.7
01/03/2019 06:00;0.27;-4.62;165.74;0.11;857.46;18.89;17.43
01/03/2019 07:00;1.01;-4.48;168.92;0.16;857.28;21.18;16.1
01/03/2019 08:00;1.89;-3.41;167.51;0.35;857.5;47;19.99
01/03/2019 09:00;0.94;-1.37;161.61;0.27;857.82;15.09;13.77
01/03/2019 10:00;0.78;-0.64;351.07;0;857.33;14.6;14.19
01/03/2019 11:00;0.72;-0.71;319.03;0.37;856.81;24.33;23.45
01/03/2019 12:00;0.62;-0.86;299.1;0.29;855.5;35.43;33.85
01/03/2019 13:00;0.67;-0.93;321.76;0.27;855.23;41.05;38.99
01/03/2019 14:00;1.04;-0.58;319.58;0.33;855.03;38.71;36.67
01/03/2019 15:00;0.76;-0.82;296.74;0.6;855.47;39.78;37.91
01/03/2019 16:00;0.5;-0.9;299.55;0.6;856.37;23.15;22.49
01/03/2019 17:00;0.34;-0.84;318;0.41;857.25;15.98;15.68
01/03/2019 18:00;0.47;-0.7;318.9;0.34;858.12;13.64;13.46
01/03/2019 19:00;0.4;-0.81;297.67;0.51;859.21;16.29;16.17
01/03/2019 20:00;0.34;-0.76;302.29;0.61;860;16.23;16.14
01/03/2019 21:00;0.28;-0.73;301.57;0.6;860.61;21.02;20.9
01/03/2019 22:00;0.25;-0.72;297.43;0.61;861.21;21.23;21.08
01/03/2019 23:00;0.18;-0.75;297.59;0.38;861.66;18.2;18.1
01/04/2019 00:00;0.1;-0.85;300.31;0.55;862.19;19.31;19.17
01/04/2019 01:00;0.05;-0.94;296.65;0.55;862.88;19.75;19.59
01/04/2019 02:00;0.05;-1.24;292.96;0.57;863.6;18.39;18.22
01/04/2019 03:00;0.1;-1.54;288.38;0.51;864;16.53;16.36
01/04/2019 04:00;0.1;-1.68;293.86;0.56;864.56;16.42;16.28
01/04/2019 05:00;-0.21;-2.04;296.58;0.44;864.16;16.81;16.63
01/04/2019 06:00;-0.31;-2.43;311.92;0.43;864.41;17.17;16.79
01/04/2019 07:00;-0.26;-2.47;303.54;0.37;864.67;18.82;18.24
01/04/2019 08:00;-0.2;-2.48;330.19;0.41;865.23;19.47;17.98
01/04/2019 09:00;-0.13;-2.59;308.29;0.39;865.91;18.16;16.87
01/04/2019 10:00;0;-2.49;292.29;0.45;866.67;19.95;18.57
01/04/2019 11:00;0.07;-2.64;311.74;0.45;866.94;20.67;18.65
01/04/2019 12:00;0.35;-2.58;293.35;0.52;866.59;21.14;19.09
01/04/2019 13:00;0.53;-2.36;315.55;0.43;865.79;23.64;21.5
01/04/2019 14:00;0.73;-2.35;299.6;0.47;865.66;24.2;21.17
01/04/2019 15:00;0.78;-2.24;293;0.51;865.91;25.87;22.15
01/04/2019 16:00;0.78;-2.19;327.97;0.25;866.21;23.27;20.22
01/04/2019 17:00;0.79;-2.32;348.76;0.31;866.21;22.46;20.12
01/04/2019 18:00;0.76;-2.41;339.1;0.22;866.27;23.65;20.96
01/04/2019 19:00;0.77;-2.47;21.95;0.07;866.39;21.6;20.01
01/04/2019 20:00;1.01;-2.27;339.42;0.27;866.57;25.01;21.58
01/04/2019 21:00;0.91;-2.24;331.38;0.41;866.67;25.31;22.71
01/04/2019 22:00;0.82;-2.19;344.78;0.26;866.72;24.77;22.56
01/04/2019 23:00;0.65;-2.26;99.5;0.19;866.44;23.13;22.03
01/05/2019 00:00;0.33;-2.49;92.53;0.12;866.3;22.04;21.12
01/05/2019 01:00;0.5;-2.54;99.09;0.06;866.39;26.14;24.88
01/05/2019 02:00;0.63;-2.67;194.13;0.05;866.06;27.77;26.35
01/05/2019 03:00;0.27;-2.93;159.66;0.06;865.96;22.51;21.97
01/05/2019 04:00;-0.73;-3.45;62.82;0.01;865.57;21.52;21.29
01/05/2019 05:00;-0.62;-3.54;179.54;0.14;865.19;19.97;19.69
01/05/2019 06:00;-0.93;-3.57;213.3;0.01;864.8;18.76;18.44
01/05/2019 07:00;-1.38;-3.85;168.18;0.05;864.55;17.61;16.68
01/05/2019 08:00;-1.19;-3.79;196.84;0.02;864.66;20.52;18.09
01/05/2019 09:00;-1.13;-4.13;193.75;0.08;865.09;23.06;20.93
01/05/2019 10:00;-0.55;-3.8;263.61;0.07;865.19;25.75;21.78
01/05/2019 11:00;1.42;-3.21;151.16;0.11;864.89;29.06;20.69
01/05/2019 12:00;2.57;-2.93;138.65;0.11;864.13;31.81;21.51
01/05/2019 13:00;3.87;-1.87;320.8;0.24;862.97;44.37;26.98
01/05/2019 14:00;4.25;-1.6;311.45;0.39;862.09;53.72;31.58
01/05/2019 15:00;3.45;-1.52;314.2;0.39;861.56;46.44;30.85
01/05/2019 16:00;3.5;-1.34;304.41;0.35;860.97;49.38;33.75
01/05/2019 17:00;3.52;-1;317.04;0.34;860.9;42.52;29.63
01/05/2019 18:00;2.92;-0.98;345.18;0.18;861.13;36.96;29.48
01/05/2019 19:00;2.05;-1.54;129.17;0.25;860.87;42.03;35.98
01/05/2019 20:00;1.69;-3;170.44;0.07;860.11;34.15;25.69
01/05/2019 21:00;0.17;-4.01;193.77;0.11;859.88;20.51;16.29
01/05/2019 22:00;-1.3;-4.75;248.08;0.08;859.56;15.34;12.65
01/05/2019 23:00;-1.62;-5.21;196.87;0.05;859.17;13.21;11.22
01/06/2019 00:00;-1.74;-5.67;198.77;0.11;858.77;11.57;10.31
01/06/2019 01:00;-2.08;-6.12;238.23;0.09;857.84;11.61;10.32
01/06/2019 02:00;-1.48;-6.16;186.44;0.1;857.83;9.71;8.82
01/06/2019 03:00;-1.23;-6.32;277.17;0.03;857.48;9.84;9.05
01/06/2019 04:00;-0.72;-6.44;301.52;0.2;857.2;9.15;8.46
01/06/2019 05:00;-1.47;-4.25;299.33;0.28;856.54;27.04;26.28
01/06/2019 06:00;-1.39;-4.11;327.35;0.27;855.94;25.82;24.15
01/06/2019 07:00;-1.04;-4.23;8.44;0.18;855.76;39.69;29.08
01/06/2019 08:00;-0.92;-4.04;329.04;0.02;855.45;30.47;25.39
01/06/2019 09:00;-0.13;-3.61;101.42;0.05;855.24;35.5;30.68
01/06/2019 10:00;2.33;-5.15;143.3;0.08;855.32;38.3;21.57
01/06/2019 11:00;4.02;-4.34;69.22;0.1;855.01;37.84;20.55
01/06/2019 12:00;5.29;-3.3;291.29;0.19;853.79;35.52;18.72
01/06/2019 13:00;5.82;-3.16;318.85;0.27;852.93;27.91;13.82
01/06/2019 14:00;6.54;-2.97;326.07;0.13;852.06;35.84;17.22
01/06/2019 15:00;7.27;-2.13;40.92;0.06;851.45;52.4;23.8
01/06/2019 16:00;7.2;-1.49;336.23;0.2;851.13;42.03;21.34
01/06/2019 17:00;7.37;-1.35;31.44;0.13;851.13;37.11;17.45
01/06/2019 18:00;6.56;-1.36;102.53;0.51;851.22;27.33;14.95
01/06/2019 19:00;6.63;-2.04;100.65;0.74;851.31;21.28;10.93
01/06/2019 20:00;6.3;-2.06;101.93;0.44;851.46;23.18;11.17
01/06/2019 21:00;5.88;-2.32;106.55;0.49;851.58;18.39;9.68
01/06/2019 22:00;5.6;-2.53;105.06;0.7;851.37;16.67;10.09
01/06/2019 23:00;5.23;-2.53;101.82;0.2;851.2;19.99;11.2
01/07/2019 00:00;4.65;-3.06;47.91;0.07;851.08;23.85;12.53
01/07/2019 01:00;4.23;-4.09;342.64;0.1;850.95;31.09;16.39
01/07/2019 02:00;4.36;-3.94;91.15;0.16;850.94;20.82;14.79
01/07/2019 03:00;4.55;-4.04;24.08;0.13;850.67;32.57;15.31
01/07/2019 04:00;3.9;-4.96;35.88;0.16;850.55;15.35;8.64
01/07/2019 05:00;3.56;-5.24;99.99;0.6;850.43;15.5;8.92
01/07/2019 06:00;3.52;-4.27;336.03;0.23;850.52;30.21;12.97
01/07/2019 07:00;2.76;-2.54;311.89;0.6;850.66;18.21;13.57
01/07/2019 08:00;3.35;-4.07;90.72;0.39;851.56;40.89;13.95
01/07/2019 09:00;4.16;-5.05;89.86;0.4;852.04;67.98;14.86
01/07/2019 10:00;4.61;-5.36;102.83;1.27;852.79;100.52;18.66
01/07/2019 11:00;5.09;-5.87;105.33;1.44;853.63;96.85;25.28
01/07/2019 12:00;5.33;-5.8;106.28;1.28;853.77;72.45;24.44
01/07/2019 13:00;7.58;-5.58;70.56;0.39;853.62;118.56;25.14
01/07/2019 14:00;7.57;-6.09;94.73;0.8;853.4;146.27;25
01/07/2019 15:00;6.9;-5.16;101.5;1.31;854.06;103.71;17.85
01/07/2019 16:00;6.46;-5.34;91.81;0.8;854.88;49.79;10.32
01/07/2019 17:00;5.78;-6.99;89.91;0.6;855.85;23.47;7.75
01/07/2019 18:00;4.85;-6.07;102.35;1.36;856.32;22.06;6.85
01/07/2019 19:00;4.13;-5.95;102.14;1.52;856.95;27.51;12.19
01/07/2019 20:00;3.63;-6.13;89.11;0.44;857.82;42.32;18.68
01/07/2019 21:00;3.13;-6.25;357.29;0.31;858.69;67.96;30.36
01/07/2019 22:00;1.96;-4.67;353.75;0.43;859.19;80.98;35.31
01/07/2019 23:00;2.52;-7.06;311.64;0.42;859.51;64.58;25.59
01/08/2019 00:00;2.01;-6.76;304.99;0.38;859.55;64.7;26.89
01/08/2019 01:00;0.64;-5.47;285.86;0.48;859.91;67.58;30.82
01/08/2019 02:00;0.37;-5.63;284.48;0.35;860.07;75.4;31.83
01/08/2019 03:00;0.26;-5.92;281.92;0.39;860.26;74.08;32.33
01/08/2019 04:00;0.22;-6.13;292.8;0.34;860.51;81.3;33.34
01/08/2019 05:00;0.1;-6.22;310.16;0.22;860.13;82.42;33.18
01/08/2019 06:00;0.04;-5.88;172;0.07;859.94;71.81;31.78
01/08/2019 07:00;-0.3;-6.11;268.82;0.03;859.99;77.41;33.13
01/08/2019 08:00;-0.41;-6.55;193.81;0.05;860.16;87.44;37.4
01/08/2019 09:00;-0.17;-6.96;254.96;0.08;860.13;73.23;30.61
01/08/2019 10:00;0.92;-6.89;172.59;0.1;860.22;77.06;31.33
01/08/2019 11:00;3.3;-6.8;159.96;0.17;860.01;82.58;33.11
01/08/2019 12:00;5.37;-6.73;127.94;0.19;859.22;82.56;30.37
01/08/2019 13:00;6.5;-6.71;75.9;0.06;858.45;75.83;28.06
01/08/2019 14:00;6.57;-6.41;305.88;0.46;857.87;82.61;28.36
01/08/2019 15:00;6.62;-6.05;299.9;0.05;857.34;68.68;25.32
01/08/2019 16:00;7.15;-7.77;102.95;0.92;857.07;37.09;8.17
01/08/2019 17:00;6.44;-8.07;101.28;0.92;856.92;18.59;5.63
01/08/2019 18:00;5.82;-7.59;48.1;0.17;856.53;30.76;8.9
01/08/2019 19:00;4.97;-8.32;103.84;0.41;856.65;19.5;6.59
01/08/2019 20:00;4.79;-9.84;101.54;0.37;856.82;18.92;6.26
01/08/2019 21:00;4.18;-11.98;102.04;0.35;856.41;18.6;5.89
01/08/2019 22:00;4.03;-11.59;110.95;0.12;856;30.99;7.49
01/08/2019 23:00;3.74;-11.31;102.8;0.17;855.39;35.94;8.17
01/09/2019 00:00;4.3;-10.79;354.74;0.21;854.84;55.26;10.04
01/09/2019 01:00;4.26;-10.03;97.28;0.44;854.58;45.71;8.11
01/09/2019 02:00;3.65;-10.92;88.09;0.24;854.26;17.52;4.32
01/09/2019 03:00;3.35;-10.99;94.98;0.48;854.22;14.67;4.05
01/09/2019 04:00;2.94;-10.29;103.09;1.07;853.78;24.85;6.7
01/09/2019 05:00;3.02;-10.9;101.9;1.01;852.77;32.71;6.92
01/09/2019 06:00;3.09;-10.68;98.89;0.62;852.73;14.19;4.6
01/09/2019 07:00;2.84;-9.73;91.45;0.31;852.92;22.17;7.11
01/09/2019 08:00;2.86;-7.67;101.52;0.45;852.97;23.27;8.63
01/09/2019 09:00;3.46;-6.08;103.49;0.52;853.01;20.66;8.91
01/09/2019 10:00;4.47;-5.83;99.64;0.64;852.92;34.04;9.97
01/09/2019 11:00;5.74;-4.97;101.45;0.65;852.61;48.04;10.95
01/09/2019 12:00;6.54;-5.22;106.8;1.26;851.82;76.29;13.34
01/09/2019 13:00;6.33;-4.49;100.94;2.01;850.86;109.07;14.62
01/09/2019 14:00;4.28;-2.62;102.29;1.68;850.93;43.74;13.26
01/09/2019 15:00;3.66;-1.08;103.56;0.97;850.69;5.55;2.76
01/09/2019 16:00;4.05;-3.46;105.57;1.45;851.21;10.9;2.74
01/09/2019 17:00;3.54;-4.45;104.36;1.39;851.78;11.34;5.94
01/09/2019 18:00;3.05;-4.59;102.42;1.13;852.6;7.49;4.34
01/09/2019 19:00;2.8;-4.81;103.98;0.87;853.15;6.85;3.37
01/09/2019 20:00;2.4;-5.67;69.71;0.48;854.09;21.52;4.32
01/09/2019 21:00;1.07;-5.54;104.31;1.96;854.86;24.01;7.28
01/09/2019 22:00;0.96;-5.77;3.45;0.4;855.72;28.94;10.5
01/09/2019 23:00;0.9;-8.45;87.19;0.38;856.23;10.12;3.64
01/10/2019 00:00;0.4;-9.47;92.99;0.41;856.74;8.85;3.02
01/10/2019 01:00;-0.17;-10.45;106.45;0.85;857.61;4.21;2.22
01/10/2019 02:00;-0.26;-10.79;94.37;0.48;858.65;3.05;2.04
01/10/2019 03:00;-0.63;-11.05;84.56;0.31;859.74;2.95;2.15
01/10/2019 04:00;-1.28;-10.72;315.04;0.16;860.28;4.82;3.6
01/10/2019 05:00;-2;-9.79;305.85;0.49;860.74;5.95;5.22
01/10/2019 06:00;-2.66;-9.06;302.22;0.34;861.27;11.12;7.06
01/10/2019 07:00;-2.68;-9.3;311.62;0.27;862.09;12.01;6.53
01/10/2019 08:00;-2.8;-9.32;332.01;0.15;863.03;23.79;10.9
01/10/2019 09:00;-2.3;-9.6;319.28;0.14;863.86;25.86;11.24
01/10/2019 10:00;-0.79;-10.76;339.64;0.15;864.7;18.65;8.06
01/10/2019 11:00;0.69;-10.79;314.59;0.45;865;17.97;7.89
01/10/2019 12:00;1.67;-10.1;313.96;0.45;865.06;24.01;12.54
01/10/2019 13:00;2.37;-9.72;307.56;0.72;864.78;21.16;10.2
01/10/2019 14:00;2.65;-9.97;306.36;0.65;864.66;18.17;8.76
01/10/2019 15:00;2.98;-9.79;312.72;0.59;864.62;19.29;9.15
01/10/2019 16:00;2.54;-10.2;314.27;0.69;865.05;17.48;8.97
01/10/2019 17:00;1.79;-10.1;306.91;0.65;865.42;14.81;8.12
01/10/2019 18:00;1.21;-10.05;303.91;0.45;865.55;14.57;7.98
01/10/2019 19:00;0.86;-9.81;301.99;0.49;865.78;14.73;8.44
01/10/2019 20:00;0.5;-9.65;301.96;0.52;865.93;20.95;12.94
01/10/2019 21:00;-0.03;-9.06;332.84;0.28;866;24.94;14.73
01/10/2019 22:00;-0.6;-9.03;105.03;0.36;866.09;17.15;11.41
01/10/2019 23:00;-1.56;-9.47;100.03;0.36;865.81;12.45;9.37
01/11/2019 00:00;-2.14;-9.92;96.94;0.21;865.54;10.58;7.27
01/11/2019 01:00;-1.85;-9.82;102.91;0.28;865.43;11.52;8.19
01/11/2019 02:00;-1.75;-9.65;103.05;0.13;865.35;13.6;9.31
01/11/2019 03:00;-2.75;-9.95;217.1;0.01;865.61;12.97;10.45
01/11/2019 04:00;-3.14;-10.37;216.85;0.04;865.52;10.47;8.85
01/11/2019 05:00;-2.99;-11.12;239.3;0.09;865.06;9.85;8.37
01/11/2019 06:00;-3.48;-10.65;202.11;0.09;864.84;11.98;10.84
01/11/2019 07:00;-4.15;-10.38;204.93;0.06;865.02;14.51;12.51
01/11/2019 08:00;-4.45;-10.37;207.27;0.14;865.43;17.69;14.72
01/11/2019 09:00;-4.12;-10.61;214.74;0.08;865.74;20.77;15.66
01/11/2019 10:00;-2.88;-10.19;143.09;0.04;866.18;22.98;16.86
01/11/2019 11:00;-0.71;-10.65;101.1;0.27;866.31;22.29;15.84
01/11/2019 12:00;0.84;-9.93;295.21;0.27;865.9;32.72;19.77
01/11/2019 13:00;1.41;-10.15;296.94;0.4;865.35;27.32;18.14
01/11/2019 14:00;2.46;-10.03;336.7;0.19;864.81;29.46;18.16
01/11/2019 15:00;3.07;-10.17;299.65;0.37;864.69;31.4;18.88
01/11/2019 16:00;2.28;-10.57;315.65;0.46;864.66;27.09;16.7
01/11/2019 17:00;1.64;-10.31;296.43;0.4;864.78;23.94;15.16
01/11/2019 18:00;1.02;-9.42;294.85;0.36;864.94;23.65;15.87
01/11/2019 19:00;0.65;-8.98;295.41;0.25;864.99;22.86;16.33
01/11/2019 20:00;-0.43;-8.73;113.77;0.31;865;31.92;23.48
01/11/2019 21:00;-1.04;-9.23;93.79;0.06;865.14;25.92;18.27
01/11/2019 22:00;-1.35;-9.24;106.42;0.1;865.06;24.61;17.67
01/11/2019 23:00;-2.2;-9.2;106.21;0.14;864.73;24.78;19.29
01/12/2019 00:00;-2.54;-9.25;100.1;0.05;864.32;25.42;19.41
01/12/2019 01:00;-3.04;-9.45;125.51;0.02;863.98;24.92;19.18
01/12/2019 02:00;-3.29;-9.75;107.96;0.06;863.84;20.83;17.69
01/12/2019 03:00;-3.44;-9.78;186.9;0.04;863.49;19.64;16.92
01/12/2019 04:00;-3.23;-11.01;243.63;0.04;862.85;17.49;15
01/12/2019 05:00;-3.34;-12.19;198.25;0.04;862.14;15.37;12.5
01/12/2019 06:00;-3.14;-10.99;273.84;0.06;861.73;19.06;15.97
01/12/2019 07:00;-3.4;-10.65;254.2;0.04;861.62;23.79;18.9
01/12/2019 08:00;-3.38;-10.02;231.54;0.02;861.75;36.01;23.79
01/12/2019 09:00;-2.35;-9.81;152.29;0.05;861.66;36.39;25.17
01/12/2019 10:00;-1.65;-9.75;99.96;0.13;862.02;38.81;27.84
01/12/2019 11:00;0.04;-9.4;23.59;0.02;861.88;47.47;31.21
01/12/2019 12:00;1.3;-8.79;300.64;0.38;861.05;59.45;35.58
01/12/2019 13:00;1.23;-9.06;321.37;0.42;859.74;47.16;30.35
01/12/2019 14:00;2;-9;308.95;0.29;859.38;46.26;29.66
01/12/2019 15:00;2.17;-9.13;308.27;0.47;859.09;44.07;28.31
01/12/2019 16:00;1.77;-8.27;333.96;0.42;858.51;42.18;29.45
01/12/2019 17:00;1.41;-8.9;333.37;0.25;858.13;36.89;25.06
01/12/2019 18:00;1;-9.12;300.13;0.38;858.49;38.54;26.03
01/12/2019 19:00;0.39;-8.61;322.9;0.14;858.71;34.1;25.47
01/12/2019 20:00;-0.31;-8.04;108.54;0.18;858.56;40.41;30.45
01/12/2019 21:00;-0.48;-7.84;104.66;0.24;858.45;45.8;32.93
01/12/2019 22:00;-0.98;-8.05;98.73;0.14;858.6;42.57;32.61
01/12/2019 23:00;-1.32;-8.42;112.49;0.08;858.46;39.36;29.78
01/13/2019 00:00;-1.74;-8.61;197.65;0.03;858.16;40.14;30.08
01/13/2019 01:00;-2.16;-8.94;172.74;0.03;857.84;33.21;26.32
01/13/2019 02:00;-1.91;-9.42;180.58;0.08;857.73;30.37;24.99
01/13/2019 03:00;-2.12;-9.91;202.58;0.09;857.45;25.47;21.14
01/13/2019 04:00;-2.32;-9.96;171.01;0.08;857.19;22.57;19.59
01/13/2019 05:00;-2.02;-10.18;155.48;0.21;857.14;21.84;19.13
01/13/2019 06:00;-2.05;-10.27;166.65;0.15;856.46;22.19;18.81
01/13/2019 07:00;-1.76;-10.32;211.63;0.06;856.24;26.23;18.02
01/13/2019 08:00;-1.4;-10.32;242.19;0.03;856.24;76.5;25.94
01/13/2019 09:00;-0.72;-9.91;99.04;0.02;856.3;43.97;23.03
01/13/2019 10:00;0.78;-9.97;175.93;0.09;855.97;42.24;24.54
01/13/2019 11:00;3.48;-11.47;128.43;0.08;855.47;46.54;21.33
